PC1,PC2,cluster
1.2493871727466415,2.3562536748438525,2
1.2735134233937986,1.4713514758942907,0
1.1557710164163315,1.237917514759339,0
1.1199690408599916,1.5514220407247232,2
1.1456935762383778,0.9312310889418034,2
1.1460371194691406,1.4162704906161785,2
1.2893720544842528,1.9549924632723101,0
1.3403708367126397,2.280998217388296,2
1.1136987404223038,1.2249791352824828,2
1.0908363597644757,0.730875558364337,0
1.1321915426388611,1.7878189724840383,2
1.3307953468681875,1.9807421434326558,0
1.4457535023013932,1.6229380893748075,0
1.0960074655421181,1.236588157234746,0
0.9718945135301655,0.20078091280940677,2
1.1918529678336025,1.525054137183461,0
1.2932472515181443,2.0284594090377985,2
1.2211760665878688,1.5420880299929698,0
1.3378614572836847,2.194061836734981,0
1.5209722322787662,3.2120975907063607,2
1.3673781930918714,2.4472543528043498,2
0.9708645780272734,0.8421128906867277,2
1.3782872696193744,1.6959458893475814,0
1.4369877211270432,2.600830422432275,0
1.0817901570884978,0.6499935665799905,2
1.2650441086579094,1.5541251956089752,2
1.0012688216325605,0.18501881233450546,2
1.2570924337226732,1.6613419090504247,2
1.2359175984326682,2.0979289173867937,2
1.1122345728954732,1.536499909340778,2
1.7346050494757483,2.40642080616376,2
1.369021938490407,1.8834879610629465,2
1.1133706354718134,1.5382918266329662,2
1.3829641721045616,2.0688570527471932,0
1.5027723947975302,2.8788365284430086,2
1.0326187508503457,-0.21020651314584854,2
1.4801390005958386,1.463263866287928,2
1.421784541628256,2.06359637202074,0
1.2848645866275596,1.1347939023727753,2
1.2732521453814816,1.8203318957561756,2
1.5994870461326867,3.203753832327102,2
1.192903449213407,1.225517704308066,2
1.29385504539118,1.9217455362900073,2
1.4437305207923532,1.8952282147289392,2
1.0574102082111485,0.7943876683566253,2
1.5754227985710978,2.8595609260846997,2
1.2970943364190044,1.0822877377754576,0
1.3690352518989046,1.762254083742238,2
1.420044393389287,2.1467880638397583,2
1.5552362854353867,3.0116156449398757,2
1.3518552934170733,2.0748405530262866,0
1.4827908911851897,2.1190337967025794,0
1.5090738126035492,2.229307181913049,0
1.2897753338797682,1.9547724274622813,2
1.3474367311401176,2.044452773872515,2
1.3044561444050464,2.0942834789894595,2
1.3090075874635247,2.0638270675328014,2
1.3995672393476752,2.2395124776069113,2
0.9179594701893212,-0.3570819352715873,0
1.1621773285741823,-0.10504966334820104,2
1.2541216836465519,1.9133713033228783,2
1.5117981766432436,2.2365143316204685,0
1.484662676962034,1.916950502898554,0
1.569493359815292,3.04724376689483,2
1.453933571388481,2.690835378473438,2
1.1011578603719172,1.084514886069255,2
1.503696246327316,1.9914567370855738,2
1.42142152922071,1.838031057279831,2
1.4295597215511266,2.6394320882480473,2
1.1336759993074303,0.5378111174759254,2
1.3339014104906466,1.6174553326957417,2
1.0804108396096206,-0.19409468719872788,0
1.5841592168075969,2.482321757177143,0
1.4264611213264438,2.4440119449916504,2
1.4267135234489965,0.6043422328389458,0
0.9139568317405526,-0.06976929339161855,2
1.2942883393034466,1.1576476498831634,2
1.0375174677344052,0.4811995121639189,2
1.438953057876701,1.8185703025170417,0
1.3185700971921737,1.9213409040570342,2
1.3736284761184312,2.109168500515263,2
1.4131362688783609,1.716175998700208,2
1.2663898733034757,1.5238040617122215,2
1.111009387553682,0.5660273761696082,2
1.5254341333827126,2.62225119226711,0
0.9666465664226699,0.001703008253111702,2
1.18607808390779,0.7419352522504383,0
1.3239655544235156,0.5123077050751,0
1.7435175568233727,2.8559895288862855,0
1.3485896876662122,1.1511771411433573,0
1.2690478844650757,1.6582747465978875,2
1.4353854786490468,1.9992772185514922,2
1.357910472385708,1.996702604376805,2
1.5110543495560198,1.7938588506506536,2
1.4848947577038594,1.685997198621358,2
1.4592650234427833,1.5236187565535948,0
1.4342918414683439,0.4764806245013571,0
1.4452652501978513,1.0076558017496595,2
1.2951787782123194,1.7858129577731467,2
1.5288488694374045,2.3323586953107944,0
1.3158403465698827,0.7729709038575507,0
1.527591573995516,2.40756702759044,0
1.370516890166435,1.8537128780989411,2
1.3341133098199387,1.1400982995584859,0
1.33846664138006,0.558971974327487,0
1.4384799298737552,2.078118338718192,0
1.4827357493179294,1.4706701497223886,2
1.7026000270878385,2.8918562897706805,0
1.1582780154327579,0.7657000430205028,2
1.5734075352149564,2.4053468372678872,0
1.3532645149681177,1.9405623831288286,2
1.3832161715389948,1.8618407863375082,2
1.326685479781404,0.962845542178465,2
1.4545262989870809,1.5666705654609003,0
1.7298548640714022,1.8383873348617896,2
1.1684040489962035,0.6147825064117108,2
1.5247362233877,2.3625795948574226,2
1.141990927205498,0.5959715516504037,2
1.4128324709767848,1.4036780921730787,2
1.4242972277631527,0.8807997269140955,0
1.1718287647494743,0.03428869200887246,0
1.0624048022530959,-0.058931326024562886,2
1.1409743353664994,0.5462220538480278,2
1.4802943106783664,1.8057672499763353,2
1.4593567678575172,1.8393506985161316,2
1.8774754320720943,2.1712563153793063,0
1.389197087608426,1.199778498892415,2
1.2874069504760313,1.4219304157746178,2
1.6732666886227232,2.8959705242005365,2
1.5414848583811582,2.0423470176460587,2
1.4683324725194762,1.7705072035751954,2
1.5085403125954737,0.33088038289003324,2
1.6345052996404803,2.367759476072255,2
1.4651703715577544,1.7322244504501425,0
1.2488414457118036,0.408025397376967,2
1.931381801207425,1.197247840393545,2
1.3731223832995072,1.2129938788778971,2
1.4512157841003779,0.9152369094205282,2
1.2669907052800975,0.3265411583393123,0
1.4614632382923973,1.4573512257869672,0
1.5967167231311292,2.249562933519857,2
1.4244263808318351,0.8852632891697154,2
1.5945709475108516,2.370801453166,2
1.5568128334910263,1.3455705456943394,2
1.5804918494543616,1.3033491805514712,0
1.5046975296946168,1.3954915202018423,2
1.523464614493002,1.6750012932471325,2
1.2797406560680245,0.6527692002890002,2
1.538873531109294,1.1314424632438655,2
1.6033331643852127,2.2767914752391913,0
1.5593521355375297,1.9145924444976494,2
1.5008765502118453,2.0119175471141593,2
1.4356483921572314,1.7423569256837999,2
1.9040967037005718,2.187922176788239,0
1.3394351197722036,-0.00344652451276817,2
1.2206356130573024,0.2799358533152478,0
1.3129241784151224,0.3960788505238116,2
1.2971337168229742,0.6675535912023296,2
1.2961726779221197,0.7178149454170238,2
1.3969350056979126,1.4290453434964114,2
1.2883685182906024,0.6357124576955437,0
1.2524386414176873,0.5440203557934925,2
1.3252899427141043,0.5703063973093876,0
1.6211817596215092,0.6904712388726111,2
1.6149282315554327,2.3331124338096525,2
1.46829746218126,1.9179404229891464,2
1.5589523409510548,1.9997950542327319,2
1.4581183526250059,1.2482388984986066,2
1.670995366120553,2.48378916484832,0
1.4381330678406383,1.120606745194458,2
1.1370220718204218,0.05237775784740661,2
1.5680635847124518,1.804070680798473,2
1.760090987001682,2.7757668555341084,2
1.4063587779468192,1.3305025184155077,2
1.493352879146911,1.275922311273214,0
1.5870756671958057,1.709628221561936,0
1.5614267111195868,1.8898512181292275,2
1.1501192999947438,0.355176195914458,2
1.490781588837808,0.9183182652126467,2
1.602746244302024,1.888685479305625,0
1.563357511205694,1.9157901053100648,2
1.228365848861378,0.5728456191906027,2
1.6564792851591172,2.33402857435355,2
1.5721282716145173,1.6398596837840218,2
1.5417523934323654,1.2362273128192542,2
1.3346816957271503,1.0519217546681672,0
1.8494350762718639,0.9441889336678058,2
2.1701112122337016,0.9495957184631898,2
1.5005895434909842,1.1108377356861434,0
1.4627905759705173,0.8181659904645052,2
1.775631733886571,2.2531664247417544,0
1.3252856000105997,0.3625675824432651,2
1.8507008083892555,2.782757329335052,0
1.2797998381340925,0.5825073748154662,2
1.2112558778817233,0.441659747371119,2
1.4415473374248766,0.548347936883228,2
2.108531883366748,1.4190550439592895,2
1.7206975341151747,0.2555163420712094,2
1.6014613703877398,1.3736270136712794,2
1.6594680735630736,2.1837803132704705,0
1.0207515420664366,0.9506911426688063,2
1.0245385213774245,1.1001540119257613,2
1.4671816951658196,2.8661682094798686,2
1.2207246031984054,1.6869488263434596,0
1.05869308958483,0.9195981616366646,2
1.073904845121038,1.1827641414119308,2
0.9357970979959169,0.6310314705137217,0
1.0617344095159584,0.9460494034824061,2
1.073588447233118,1.3238259230879272,2
1.3480740544603678,1.7938098206494162,2
1.644292004020941,0.9643795347454727,2
1.3992233329937025,2.2078310699075168,2
1.6371735737761683,1.0362454639062006,2
1.7665963821238433,1.858693441112386,2
1.0697549081443745,0.4321679530503713,0
1.2761606838461252,1.2962967920381172,0
1.88964623926022,2.2180022981762693,2
1.441071919504951,0.7190765416855355,0
1.053326822061522,0.9830436356925469,2
1.104261315512646,0.7306095432804595,0
0.964252404207276,0.6352169221052598,2
1.2290208984673558,1.8852509992402002,2
1.5655521421288323,1.700494626563784,2
1.5970836176912286,2.822344859862407,0
1.5168875440633938,1.7918888157727502,0
0.9593846963575327,-0.241524413598437,0
1.2626610112686811,1.9794371853374129,2
1.9337303374426602,1.9218774983816573,2
0.9787801871081172,0.7058600356693583,2
1.2839669361486414,2.120928470056824,2
1.0357269688125403,1.2719222707998727,2
0.9639409091164166,0.4876989152091047,2
1.450455833077245,0.9093912040157399,2
0.9735797986421654,0.6959696407549826,2
1.4491341593983185,1.1091404227981427,0
1.3002927327364224,2.301987089360999,2
1.3196563019813283,2.3213050438620133,2
1.0950073377277492,0.8250117321832177,2
1.467801590222158,2.486803237216385,2
1.2248322893688002,0.8890415677853518,0
1.1488602898231808,0.45738989017433274,0
0.935840810037412,-0.3329884386525751,0
1.126898565326038,1.5613418911319183,2
1.1357696562837618,1.4413073711850373,2
0.9995440259564665,0.43151166442048045,2
1.199048043521565,0.6612745177475254,2
1.4178551164780264,1.8314269854896665,2
1.2012882241693832,0.9047066818888592,2
1.9354255418678117,2.123549722667423,0
1.206369999417381,0.6657021557346714,0
1.7592870940645682,0.8401397871642036,2
1.285315326988171,0.9740224918721399,2
1.5005338564523936,1.7947805600518973,2
1.3363256462616762,1.70401497376582,2
1.158061128662147,0.3086559373123511,2
1.4389816033353937,2.278951573828206,0
1.1158081017124566,0.3444435728992769,2
1.5694365942820214,1.1881062471834696,2
1.0654956466691883,0.5073658954964351,2
1.3208096184091418,1.5127966351448303,2
1.1373923297561144,0.13523359043168587,2
1.4339314895661917,1.7651149024181856,0
0.9431789685860185,-0.3583258283005578,0
1.1760104708891377,1.6086964245894342,2
0.9834647257320864,-0.20669170691659894,2
1.7888201736177527,1.7643802639180153,2
1.1484222999682872,0.27948703131058567,2
0.9621279923724599,-0.3436886780760312,0
1.1714610118143853,0.39568201667724784,2
1.4653021213140305,1.279874959919718,2
1.4598308877139063,1.8523936433110524,2
1.5400627563731344,0.6662840674260551,0
1.3142539755291642,1.008609162196672,2
0.9897729619854228,-0.8022488902291633,0
1.1571405541542106,0.06124237405677104,2
1.4039381133189135,0.9771255912825394,2
1.4239550044934441,0.9113719902427788,0
1.5883633857788375,0.3796158119085779,0
1.49908514321511,1.7900867684650346,2
0.9916364024096126,-0.43851241633488186,2
1.0332796862310054,-0.3906464765973142,0
1.2616588619779636,0.9805588146326021,2
1.0966541309120776,0.13412184872699295,2
1.1970354591793595,0.21534820518251643,0
1.1340392629088005,-0.2385154759485566,2
1.1035178285184681,0.008455661595649254,0
1.3077282126764143,0.9726015427580306,2
1.2890914825321536,1.110251202732879,2
1.2263299963074377,-0.3759320810727539,2
1.2198845648531775,-0.43947470564564495,0
1.2756804766703758,1.4161844190711583,2
1.3613923722046868,0.09133083540337773,0
1.3727863385618135,1.80474994464543,0
1.7019667266722802,0.8717280539755066,0
1.712035565684298,1.5634236358035638,2
1.4712365951163173,2.2760077150390106,2
1.7807002359597985,1.4379808796842009,2
1.5551926306601236,1.660785790738235,2
0.9456050712471987,-0.6777495120542202,2
1.2309691797572409,0.08508556896808804,0
1.5293530368217154,2.0635004124424836,0
0.9646911534790966,-1.0899802721376513,0
1.3090874548338123,1.012009659069249,0
1.5546588884064396,1.3742792193099687,2
1.2834031157407382,0.8872333785977444,2
1.3724449743560345,-0.16219876140931722,2
1.4353486360962078,0.004814016997420066,0
1.2267173154691293,0.44460271171115584,2
1.2015469726528485,-0.1513250396694953,2
1.0969954338489727,-1.0353091659213294,0
1.3085566633674324,0.44077114340053214,2
1.5092074526889492,2.0787902542394168,2
1.3990993901858342,0.03262144104665198,0
1.0527301701546556,-0.677117113677078,0
1.3930708278328185,0.6254080065706675,2
1.4551165731977267,1.675739122193878,0
0.9826007194128124,-0.7813196855509947,0
1.2627671563889993,0.7228211509079112,0
1.293404187229956,0.6622967511689055,2
1.4351788650738986,1.263261529608921,2
1.3775595053513348,0.9500830337680068,0
1.465448853811472,1.5286868321985365,2
1.7332873495902708,1.7379750516098813,0
1.5682879817269644,1.0014976227713068,0
1.572260329492138,1.3584398638046749,0
1.3753535452442978,-0.05486639576418112,0
1.4649158801090436,1.0988027380558572,2
1.2398740487812119,0.9512597084732222,2
1.8632476328591503,0.49972276859275455,2
1.4072231801231068,0.98010216931473,2
1.2929342120142777,0.3129515257677713,2
1.518653183840146,1.2119252207252116,2
1.363753266934133,1.57413349874034,2
1.5240628370508431,1.0029188997783223,2
1.399260251970771,0.2629957996945635,0
1.4332364703860263,0.6459269957502484,0
1.488109206445484,0.9948158777565925,2
1.2137154857317027,-0.11065251256766803,0
1.2356809104565605,-0.22486466536537458,0
1.350420258000228,0.6181084742463063,2
1.3343196978887668,0.3108743831748304,0
1.305213913782075,1.1493279217369725,0
1.358700807629337,-0.11771473739492982,2
1.486670072089198,1.5676920697621706,0
1.557592011712922,2.172127844922639,2
1.5077771930898858,0.5321117057420668,0
1.2883200958532528,1.2644554726964594,2
1.2867412363809163,-0.07189072179357384,2
1.7054504289187231,0.9551723966952799,2
1.7246786808831702,2.0725702342289134,0
1.187202618449581,-0.7015315516167879,0
1.2257175618730625,-0.9486473603086664,0
1.7595999277485612,0.5621485176795248,2
1.476813805001404,1.661620014087605,2
1.311085590097657,0.8483636179667573,2
1.4141689667371522,1.5511778659508286,2
1.3880386114227887,0.9500394571988771,2
1.4606610997048748,0.6178033184311186,2
1.6833655380519421,0.773115626950051,0
1.867408671571701,1.441535819750928,2
1.7444432049169885,1.6180490470109619,2
1.390957307021602,1.1578772074593173,2
0.8767786259268606,-0.9873647382298448,0
0.923874075516359,-0.6069581022922473,2
1.1690198077244038,0.09561411342830368,2
1.2041065927969827,0.5941216677776594,2
1.1420610054716684,0.37648236151895925,2
0.4909617632949167,0.1882615023813825,0
0.6824672522898725,0.8007650308986939,0
0.45915665038317977,-0.9924087438331471,3
0.3655398179529794,-0.5987148460681262,0
0.827867182656614,1.5872377272767018,0
0.30694721923282414,-1.3369338287728778,0
0.7302236434620535,0.00670040023731666,0
0.441408432959462,-1.073622138852743,3
0.45525069810546537,-0.8525507714985553,3
0.5510263181109464,-1.249583302916458,3
0.19003107394245883,-1.802729832284975,0
0.3979708259517185,-1.118101832372599,3
0.7802282822719256,0.8805059252696297,0
1.0488076633779901,1.2007982863107691,0
0.8987157299464765,1.3532315857350958,0
0.60838842300981,-0.008342578383718465,0
0.40954388258810803,-0.7498638968229592,0
0.515132103180946,-1.099593370553606,3
0.6889703118871102,1.070908318232638,0
0.9023625553395959,-0.27860892753919964,3
0.2936336070080739,-1.3225405557028596,3
0.42481530462936873,-1.1288856977684152,0
0.713067898348347,0.09340789417053276,3
0.522102114757428,-0.24853023451895628,0
0.6826656123393868,0.041521600334689567,0
0.6384278993014656,-0.0837882230273536,0
0.7739963619812414,-0.4939082954560896,0
1.0768175832128988,0.11765862204304935,0
0.40770854316142263,-1.10059939714089,3
0.669176529946417,-0.023848812436723935,0
0.5810380942715333,-0.17170187427146422,0
0.7113120227950388,-0.7947580636930188,0
0.5687397225994767,-0.2927329669480076,0
0.2635241756820388,-1.7526021647763903,3
0.6614842594987124,1.1732318443503726,0
0.6634705290456817,1.2657683539094342,0
0.5615701923558174,-0.1139953706788612,0
0.4755208133849981,-0.06255597326455632,0
0.6841416592741218,0.3755273871946245,0
1.247321668534325,0.5523823659949203,3
0.6056306727044088,0.43471557933927935,0
1.2342917857399698,0.6705852717635516,0
0.7184197273660899,-0.8178064079368723,3
0.5739448222299857,0.3012568050693918,0
0.9958972586170841,1.568974679150215,0
0.5761097491824101,-1.1388432599579934,3
1.0882229723188948,0.7412579144672966,0
0.6018102752408058,-0.7649955896804176,0
0.73134997871719,0.6569724285707164,0
0.5253804802723551,-0.32705498540893413,0
0.5975191169134095,0.0749722602853465,0
0.47736511204814175,0.07263747245779449,0
0.7473861290995204,1.2576667126139667,0
0.6155671104162207,-0.16436414939093416,0
0.8640545229047992,-0.47067544208193535,0
0.41298727451848494,0.1354297150574033,0
0.796729476171217,-0.5740121644109746,0
0.6265902490228781,0.02793608266984998,3
0.6817430420960865,0.430669140984623,0
0.38778611457190365,-0.19261292280393028,3
0.7266803212202364,-0.4361954043521162,0
0.6259293227064843,-0.43342590298458605,0
0.7644018376401444,1.1103081604108551,0
0.3889759097243743,-1.645377753236158,0
0.5591383544105649,0.33290529158987153,0
0.6740413425547287,-0.30726891840975296,0
0.6230526495215811,0.6308648977508373,0
0.6822931830046884,-0.13131182342902792,0
0.5247571322422501,-0.022879913749966594,0
0.36384757170989285,-0.7013377082614588,0
0.8326200576549303,0.8930081084953334,0
0.6497101216495867,0.7748617084493025,0
0.5109530496707495,-0.24850310571799356,0
0.712383221421841,0.7298893708927484,0
0.8310080778940542,-0.052009128893454395,0
0.6029199151079958,-0.31525510323293443,0
0.5415328097604849,-0.03164546158010315,0
0.7794505713726579,-0.5885575272648508,0
0.6947230063378371,0.2245486409570148,0
0.8726836693708407,1.1844972308566013,0
0.9822840261759705,0.02055686383429128,0
0.5629333414061266,-0.3927533535299346,3
0.7095712614887533,-0.8602892957885185,0
0.7317880158865019,-0.46106670652974596,0
0.6048835196563308,-1.0219026569268341,0
0.6138084659007089,-0.1906935564336566,0
0.7707244715896129,0.7848804156783977,0
0.7614669124449572,0.5896745397534258,0
0.8190041013207393,0.08844746895143708,0
0.5903345119932011,-0.5417011794190576,0
0.8779419014863911,0.1996273905218471,0
0.7090365677672958,-0.8804987845090775,3
0.6593738162010482,-0.3607314777231999,0
1.0096626180565054,0.5254556072326491,0
0.47224620846800536,-2.153192129433469,0
0.6180088663546391,-1.1198269950534,3
0.555804399122137,-0.8094290186651903,0
0.49269042434207677,0.13410110489728105,0
0.6705525450396123,-0.444077348535641,0
0.3436719949471364,-0.7254972215280406,3
0.35579166082035674,-1.7277228686823947,3
0.48195977925131717,-0.24268793558330057,0
0.7210514824906545,1.1167780958600035,0
0.7203989130756203,-0.9415966174420421,3
0.6635941153293764,0.1867810436340832,0
0.5845941851111307,-0.5441444718143786,0
0.8111529449464098,1.2802031517115644,0
0.6068389163169127,0.43005317774459845,0
1.2499845526405007,-0.014222451796888582,0
0.6481174775473095,0.46499789983527096,0
0.8455253397784048,-0.8998821891033659,3
0.8749942022110752,1.145416786563259,0
0.7518023977983644,0.3755861121290927,0
0.5859491007630888,-0.28522300939510614,0
0.871077489906028,-0.7486952191344791,0
0.7859982696957053,0.8135434654287267,0
0.5674184243175106,0.13030522461744587,0
0.566896027986394,-0.2911568891518945,3
1.1672544628776764,1.4088729015264345,0
0.5937766254509058,-1.018958052588419,3
0.520286461967845,-0.17162287051405106,0
0.44529733283861056,-0.6260349952360948,0
0.7878963923270806,0.33536333567226984,0
0.8063171225313717,1.185268438710974,0
1.332610985923153,0.9958725400917283,0
0.37011665485017353,-2.229927251342284,3
0.7413033646954651,0.8895708463058536,0
0.9541716326284813,1.5042875671117397,0
0.7793943903389615,0.017614292390522198,3
0.767776700851807,-0.2578771626821578,0
0.831083371899477,-0.2523370299573356,0
0.8119560474452782,0.7630718066993616,0
0.9169538598426474,1.2582964001091694,0
0.7087022211295085,0.275544918399768,0
0.6545829068153647,-0.6266729788016024,3
0.6632759539662557,0.5197519596197826,0
0.6610914271023113,0.5102812446335446,3
0.6807019544721397,0.47145665446608576,0
0.9690385905210561,1.4614437646340366,0
0.4767994904039475,-0.7336005817642514,3
0.8153849606016864,1.0022931906196784,0
0.7412265307307574,0.14409719258259812,3
0.7405987636203718,0.47755656629548415,0
0.8744547690605405,-0.597240403670822,3
1.0878595327671898,0.5562001581943313,0
1.0721398730584624,1.3657607342830163,0
0.47439143723487237,-0.47421862406147414,0
0.584632046341518,-0.3258777022061679,0
0.6510876439483755,-1.15082644755091,0
0.8109196173733927,-0.20036936062377939,0
0.6494335332791125,-0.30840122960959193,0
0.9717515083809818,0.14223140227124614,0
0.5281220640195439,-0.2058781071043858,3
0.8436961453449343,-0.18993928170634405,0
0.46820415794504006,-1.9490372618467195,3
1.1290814766894124,-1.1258528971593726,3
1.3016661714264328,0.6252241364276292,0
1.39621889949196,0.8159464412848955,0
0.6938005457103558,0.47696555102001903,0
0.6464817922461429,-0.698802412618164,0
0.6944192375385309,-1.3153720186780034,0
1.0424402611785775,-1.35336726316422,0
0.6105987769676143,-1.5196178804592477,0
0.6108317379875733,-1.704581550494075,0
0.9534457382182195,0.4890977778746164,0
0.4703697521243056,-0.7242877815793608,0
0.7794443901779738,-0.30075553488197593,3
0.6769551467393518,-0.31687817400972906,0
0.5371503935468847,-0.8735090058823238,0
0.4942672102998761,-2.1433466608163476,0
0.6380752320016201,-0.32552161013315345,0
0.8558464944481761,0.3221188708111411,0
1.0941976121272807,0.15181281292513432,0
0.7072532301058249,-0.8585250881448506,0
0.8346664339384794,-0.6338444538635839,0
1.5149404454771496,0.8427361340383484,0
0.6335362301143634,0.009038728846863712,0
0.6876396398104705,0.1427049800867337,0
0.5768596095883479,0.0046242293226632075,0
0.5015381644628534,-1.744513669177366,3
0.8528313605162153,-0.17831141078564477,3
0.7891226477843989,0.2246431167889151,0
1.092834442117654,0.2616263640506862,0
0.6183320261640322,-0.7356374864871121,0
0.7173131675704373,0.042706785528796386,0
0.615122213736122,-0.4552947082264635,3
0.7398288023360166,0.6971884938962052,0
0.6262104979865267,-0.6215184542694844,3
1.1476822016258619,1.0048834562379103,0
0.8641116949476355,0.04777581831807775,0
0.6972107052542077,-1.1958271643067604,0
0.920570503145911,0.30751542010932376,3
0.5952210504169392,-1.0171151771286104,3
0.7693947019119554,-0.19701000750435055,3
0.9026794011246784,1.097585055144141,0
0.6004267648817029,-0.9136864762167662,0
1.9954632831010546,0.3362124345677703,0
0.8185768658725587,0.09172874858482556,0
0.5870483357655887,0.12318346416910121,3
1.3301139225114524,0.5065567743629616,0
0.7910549076402772,0.018289812744815195,0
0.5005492542116379,-0.828342350435523,0
1.203964029993976,0.9360403460136848,0
0.8822866483441985,0.9171367973013218,0
0.575636840595747,-0.669822249007534,0
0.7427886903806565,-0.7911944026298895,3
0.9870782239617102,-0.4559367691595206,3
0.6833133034068415,-1.5838290186154067,0
1.1138037766235116,-0.2743021548289657,0
0.49062905838268533,-1.4237709670572516,0
0.6018290858943321,-0.8856094599272356,0
0.806543860875718,0.6593135156768778,0
1.0411282468625012,1.0390773283956563,0
0.6194267175523607,-1.3329571715127508,0
0.795666201001175,-0.591064430557828,0
0.7096134018509678,-0.4131724513705911,0
1.3423171144548476,0.13103554537592316,0
1.300335779263368,-0.36417631467488165,3
0.9742789277358068,-1.5944253773334072,0
0.8475082938283788,0.12329025335741907,0
0.9755171857362881,-0.4504711714483299,0
1.0294103887712949,0.40351516598386067,0
0.8569348073150626,0.2641359034674375,0
1.1290901944543024,1.5921529056275645,0
1.862738748436715,0.3464970910235821,0
1.015105825584724,-0.0111504433816646,2
0.8085954446280396,-0.564296214537821,0
0.9309371349326352,-0.8865961360964536,0
0.6113587275172528,-1.929591155274747,3
1.0081386370688057,0.09617712478497238,3
1.0963523998335893,-0.0652836128191883,0
0.726680648035567,-0.3223050270028081,0
0.986651447081068,-0.12227603169560483,0
0.9204395540212224,-0.06480273373409445,0
0.5604455582507529,-2.012705116063388,0
1.1246191136175079,0.06515516256897193,2
0.76436396549278,-0.21562283576985378,3
1.0844084042028894,-1.5861108346648294,0
1.0350242129942382,0.7585735290340547,0
0.8097894680186664,-0.6514413239334288,0
0.8742261509883721,-0.7607209225580434,3
0.8052112851421553,-0.7098187469008335,0
0.7687055833280382,-0.86191017343012,0
0.49818741912366077,-2.130462672487462,3
1.0258278429078251,0.5395671017731652,3
0.5985671305696121,-2.286645425543843,0
0.9437879629682525,0.5870762095650841,0
0.6648779837522253,-1.355901011842573,0
1.7185552130708963,0.9564853503619817,2
1.0092890139677868,0.0361716973523172,0
1.3539632753912907,0.029141918969602883,0
2.110326449350082,-0.3845391888109599,0
0.8132584524479882,-0.436937163399087,3
0.7419156985501528,-1.1661779024259282,0
1.2029729889742329,0.16680892518730234,3
1.3524923350805014,-0.4269640648838175,0
1.2806316612174031,0.29118366660264394,0
0.7058322200807698,-1.1270473529287914,3
1.1526909362890685,-0.39319929456634695,3
1.0117303790427747,-0.4132898045973673,3
1.3091276901182747,-1.2325013526458892,0
0.7557388105410642,-1.3818619138925505,3
1.0139337048571926,0.4289262360682447,3
1.1707239057394432,-0.5451407830059427,0
1.0920165405843536,0.35133159270309194,0
0.7603599759068564,-1.234088887336811,3
0.9685192299318468,-0.5429270531175349,3
0.99504735170603,-0.38349210550535284,3
0.6230039910219769,-0.6149088480757234,0
0.666394272264622,-0.9461115089786643,0
1.0457901119169146,0.2854816833030917,3
1.1063104812157816,-0.5003000714707555,0
0.858471929212695,-1.314050561401075,0
0.7203097408672369,-1.5431004587976451,3
0.5732957036278347,-2.0304685627696606,3
1.2245040761625015,1.1322086112230478,0
1.7042400692999187,-0.3949305937523808,0
1.1099104033142944,0.15505823179271777,0
0.7298131298594505,-1.431926179333261,3
1.3117238249355392,-0.6442209264968977,3
1.205364224512221,0.23805934506531798,3
1.2770145597638178,-0.5826231361662324,0
1.036989478557281,0.07109931673897975,0
0.8271341866187342,-0.5491026381617427,0
1.0818740002913796,-0.3909831434975807,0
0.9336109579567458,-0.8732293384486579,0
1.0029277829562433,-0.46324773159617194,0
1.0530386589246696,-0.9053612319956568,0
1.2187422168802067,-0.6259798138702707,0
0.33552797008286417,-1.6731685634292544,0
0.4442114834086752,-0.9613688318911991,0
0.45367535252172025,-1.1655106811839335,0
0.45700934552858063,-1.006998149336742,0
0.363018466803587,-2.070565718589249,0
0.6551886365780878,-0.5025995236640647,3
0.47377564747066864,-1.040076624723683,3
0.31132077112274853,-2.1208656708470977,3
0.23224418696603824,-2.065803390349845,3
0.48724480967315126,-0.6053507566153226,0
0.7244439249242777,0.8968801316518953,0
0.6038802960094358,-0.27715472338841285,0
0.16454692630077278,-2.8984554877222206,3
0.5137818216223594,-0.9964212908737629,0
0.6153627025062007,0.2777897605537604,3
0.2636640317401429,-1.9657864384530865,0
0.4597161095179673,-1.3252533572538365,0
0.66797998303664,-0.1382852220944101,0
0.3292249218407817,-2.1504074582334862,3
0.44515309760318383,-1.323389085902633,3
0.34933774578003063,-2.1385102589842475,0
0.4731802625075549,-1.4607730354523665,3
0.2849980531728674,-2.145158171024834,3
0.6081754020143547,-0.1584636841488118,3
0.4501535707732223,-1.595925638449746,0
0.6437128829165688,-1.1843984618962595,0
0.5746459407929113,-1.0492707792124698,3
0.5005305278736961,-0.6444065715587842,3
0.413749793706232,-1.6772535218456162,0
0.5328517227855505,-0.6243930498638837,3
0.23267211143702884,-2.0062156358928243,3
0.40786371953449807,-1.5765695099868067,0
0.48319171444977804,-1.228812985592792,3
1.084519824534146,-0.8683429363223544,0
0.4822218320939671,-1.125549218387262,3
0.405031780734262,-1.6487700347436043,3
0.2574261936625299,-1.687536409151852,3
0.44288844973157837,-2.0931642189093846,3
0.5354143639615544,-1.23897426239603,3
0.5225396725771803,-1.7846250583899912,0
0.39010291528920016,-1.7070144843624908,3
0.4591030961451398,-1.9737941054843422,0
0.5970263686971459,-0.2263709779736885,0
0.7093878310408082,0.2975981996784193,0
0.8417248654958231,-0.5262735605418108,0
0.2829382018005147,-2.28891874842184,0
0.27662180097977307,-2.105532541128107,3
0.6011152492286619,-0.7537369363800224,3
0.5456341013697145,-1.2400045316953383,3
0.6165067771589795,0.6021146198713636,0
0.44170349875644205,-1.4216540556617125,3
0.5805435807758914,-2.3947871787968795,0
0.27344040315784823,-2.1878978735904786,3
0.33399426623492257,-1.8103098063689054,3
0.3578263124307166,-1.6277146736159278,3
0.6285475368463589,-0.24820592301590963,3
0.3572413708142238,-1.6789173915298519,0
0.27043524947010505,-2.093613811609955,0
0.5833578728502077,-1.3003959901902848,0
0.6366593779368578,-1.4121150259550461,3
0.6506365956886203,-0.8749484585628026,0
0.46751217992102484,-1.7086010665900395,3
1.1380002726487972,-0.7160496329574407,2
0.4520770527342712,-1.7597829357780255,3
0.2505248856571406,-2.2604164509743314,3
0.4059983092900882,-1.599904407853984,3
0.26665553045753143,-2.10554930151308,3
0.571155845145931,-1.4299474327654074,3
0.5506213944225191,-0.8902755700960228,3
0.30138019142461286,-2.2144220162627417,0
0.5904900079409084,-0.33399713665229624,0
0.23510902826045824,-2.078636661287694,3
0.6435837659563122,-1.3132024394467958,0
0.6250891624758547,-1.7974768111977906,0
0.5430577677230104,-1.5934807582444166,0
0.7440319833217525,-0.298320916951017,0
0.49426822544567783,-1.7293087753854812,3
0.6121334541799184,-0.9115963012612032,3
0.3224249074144176,-2.151494781842263,0
0.7307070649202372,-0.5264078911243053,3
0.5399100439689336,-2.241771377325967,3
0.535561476647298,-1.738040786489461,0
0.4462986423743477,-1.5087879432016849,3
0.6653276053127829,-0.2738605505213946,0
0.38078642753071945,-1.6776136402747588,0
0.6187943425925828,-1.7004729993492718,0
0.37615941417053805,-2.189155823292081,3
0.9512627292400025,0.1523288787014907,3
0.6432946677015006,-1.2373082837526423,0
0.4834881629760602,-0.8221030964023475,3
0.44911234682949225,-1.8349294061559676,3
0.5174464219866501,-1.1597836420101937,3
0.5284293926807405,-1.2320512182716863,3
0.7243005657772142,-0.2463763103600099,0
0.5966429597208883,-1.4968353741520435,3
0.5063438371378584,-1.2894112030309468,3
0.507715664406402,-1.92931773059733,3
0.5725423043445494,-0.9157224132106997,0
0.8542599920367882,-1.756899134271937,3
0.7018812994473868,-0.26362203268334655,3
0.8671750157552282,-0.9148110681998387,3
0.7383194367321902,-1.5583347510263164,3
0.7802517042356814,-0.3232877965850297,3
0.5970967261981581,-1.7814906239316504,0
0.31718704026454314,-2.2338695823062196,3
0.6068387193289018,-0.841183077041836,0
0.4812370758324571,-0.7081824316652654,0
0.5161950891891186,-1.3301403627407224,3
0.5569771975439126,-0.6916524810037803,0
0.36519902955358463,-2.286469035580855,3
0.5911675413308857,-1.1947385238894723,0
0.8533709679875717,-1.7166151761725978,0
0.5934700197973879,-1.7105252513171145,0
0.6933565369830744,-0.6628638370486877,0
0.6582228244074205,-1.2471434178760143,0
0.47456180334344905,-3.5056913967406786,3
0.5496174323514128,-1.292721885965883,3
0.5446289383751977,-1.9075398786256164,3
0.6431868809870637,-1.3120681207240865,0
0.4177579250362449,-1.6155432399095078,3
0.5609506946027182,-1.6388923383470182,3
0.7952935739631932,-1.2916076502911091,3
0.6690622064198588,-1.8793196831472667,3
0.5512406527799099,-1.7114579380922605,3
0.34539809248980397,-1.5649791549509495,0
0.5688787454629489,-1.6174082593859485,3
0.5896137318080195,-1.8082701492576454,3
0.5488770001432672,-2.8801277854534177,3
0.35305589647587876,-2.1574413371616434,0
0.6707210317816726,-0.23730898055403263,3
0.4787868567951851,-1.7334223740510046,0
0.5690763598250513,-1.2810666435046987,0
0.6149382121684818,-1.2450948603465866,3
0.7323334604708737,-0.8132884612409239,3
0.41308699300397017,-1.6513575657584103,3
0.8184318076176416,-0.9512913828590661,3
0.3526597543559034,-2.1394327095345247,3
0.6256098464686282,-0.7430070247485829,3
1.1034025545709294,-1.7605659025831601,3
0.6611687204465702,-0.950403125291928,0
0.37596270520590364,-2.157931115500129,0
0.76716145165888,-0.5237632775945641,0
0.41554501168172164,-2.043041360129059,3
0.5397726784550926,-1.3585489721141233,0
0.4450434001772376,-2.6647207478313097,3
0.5758528928343285,-1.6375762606244,3
0.8739236766112792,-0.28102835675025345,3
0.696232098320432,-1.7663215260194405,3
0.5144130970307059,-2.307720880579539,3
0.8229572886116653,-0.4280294882371514,3
0.6471122881362457,-2.407385854954285,3
0.6752206777521594,-1.8281996877970896,3
0.7129124745032738,-1.2067316998557824,3
0.622450446915743,-2.4234378465768938,3
0.8865402327121733,-0.9054212284431458,3
0.9612649158877906,-1.548355649570985,0
0.506591897402373,-2.8740444610025953,3
0.8485234350921712,-1.147943892869046,0
0.6810477264122713,-0.7108213177765805,3
0.9625735813177994,-2.614808648128722,3
0.9059580479830442,-1.8502773174684721,0
0.6142209410439361,-2.2184390819844104,0
0.523168476035803,-1.8598994144553973,0
0.43085884140848374,-2.4466068020304528,3
1.1482459215810885,0.08211365612091533,2
0.5738881730000005,-1.6054065044234536,0
0.4486712220354225,-1.7129817205656246,3
0.6299429908717116,-2.0266706643422703,3
0.8058777193696631,-1.4106511930445973,3
0.9220653943360636,-1.8454470936390872,3
0.6810261411988067,-2.2517017693898373,0
0.7982122323544478,-1.2540060219268097,0
0.4819959943913337,-1.3431799775139197,3
0.6480389032086299,-2.4154128920358993,3
0.6928567079953779,-0.7724373158336382,3
0.5238831227794232,-2.2879322775523576,0
0.6002097916082529,-2.1813515108990242,3
0.7385317408761112,-1.7616855036565713,3
0.6119737940598302,-2.336174557993553,3
0.7250816535529331,-1.5820859465472366,0
0.6070553421558932,-2.0506022384084606,0
1.0828076963923465,-0.9205698520608944,3
0.6113373088308627,-0.7685171576288583,3
0.5348514653218284,-2.4667567390648233,0
0.6888213305641593,-1.7254307007440204,0
0.41334075020354194,-2.263398901009602,3
0.5088301174874738,-2.0669498606690344,3
0.5912476238670489,-1.7812913076712176,3
0.5325410786335552,-1.9724315806326156,0
0.7048497440623576,-0.8167543340463549,3
0.45141996180396643,-2.1065926613202883,3
0.7449310666253252,-1.643143914815925,3
1.2196092206240687,0.010702067379542822,0
0.5618053802504048,-1.7929667248940562,3
0.8469058784453731,0.03786029960625333,0
0.8457082945387098,-1.945156222768159,3
0.5934521317694302,-2.1948733900369213,0
0.9431651363074455,-0.9439386578545491,3
1.0979671038989474,-0.38101087997375394,0
1.0125172370593856,0.3521219703220618,0
0.5629645424326142,-2.4153235555426376,3
0.8155038936008495,-1.900624127263771,3
1.047316870107737,-1.5171708474990904,3
1.041937220310402,-2.1344674256984275,0
0.7010240398953592,-1.888958064854277,3
0.6367423755728786,-3.633024334273443,3
0.9261629964784416,-0.9218976434025565,3
0.5202478704297151,-2.3409594190403533,3
1.0724860096134108,-2.294640915295556,3
0.8327619650565619,-2.1338999469838575,3
0.7300159036039992,-1.8908616605490383,0
0.9205668693072259,-1.4193093018268035,0
0.6438433233911587,-2.6697313347692533,3
0.6600671313659304,-2.670620602490914,3
1.0205245147248971,-2.7198100540443058,3
1.2715992124797604,-1.5428591887921665,3
0.638505432212601,-1.834006834513003,3
0.9273227754097214,-0.5876040865749951,0
1.1550893254784378,-2.761889835296012,3
0.7472807668051692,-2.0455148240527903,0
1.141366494277005,-0.6672857354176357,0
1.0298898666206593,-0.47769355238261446,0
0.7841461857232565,-0.36366068945339736,0
0.5450647943693885,-1.5285764776848734,3
0.4993341528194794,-2.3467227149964205,3
1.126800611214801,0.9791691275836059,2
1.0782954520330565,0.16044022904055533,2
1.091420593337695,0.8438643850059129,0
1.2802419792875304,2.8759517261728194,2
1.1862754618957128,1.3368014286889094,2
1.1701070226762025,0.491566006416691,2
0.7879400085300113,-0.45762825812574587,0
1.1182938361320218,1.6168721484679467,0
1.405458415603076,2.4908210521610856,2
-1.120637507220742,2.471690659014631,1
-2.142806416710488,1.547468760808822,1
1.4620498787074327,2.730134326240887,2
1.4035875944442404,2.2388765680678193,2
0.7425670799792777,-0.5544764051283038,3
0.592801144777182,-1.2127081361368202,3
1.0764227788616343,0.6549206470049286,2
1.2645180145775197,2.7602095797220714,2
1.2097484979713564,1.5565381670230418,2
-0.42316836437090005,1.868210646856101,2
1.2948757925373313,1.2386362013310341,2
0.9366043498741591,1.5842921225738191,2
1.081112352508797,0.03472810418972396,2
1.1724263895955123,1.3999033564567902,2
1.047137615257882,0.7706964187741538,2
0.9826332926128122,0.441554051379748,2
0.9194772409502457,0.9634944930448373,2
1.043951901726889,0.785485682150035,2
1.2139240003590637,1.8871780768214423,2
1.16112182298835,1.228094550647106,2
1.07441942655483,1.2119298525173972,2
1.5512817743184284,1.4905370769024195,2
1.1046382549451774,0.6228324924513107,2
1.4841464515678946,1.689543989837464,2
1.0257066224292992,0.290860596730485,2
1.4255401532045024,1.8607241188609407,2
0.9116651133347309,0.14598321065091502,2
0.9603262194059804,0.31107996284571016,2
1.1106411482446772,1.5907454062795563,2
1.0795723734225275,0.27647592936356596,3
0.6268698384949889,0.08991461664773669,3
0.6861027915310313,0.8759401299943399,2
0.9713819597962813,0.3933770237125231,2
0.7348420969579342,1.042495817213268,2
1.2604015379533093,1.4719424092045232,2
0.7861698304658906,0.6006009155307559,2
0.058625388805797325,-0.4461850772108523,3
0.8020397320133859,-0.6386595435758153,2
1.1251620389196002,1.1312463575668812,2
0.8669375460889202,0.8667531010808454,2
0.7297807045400031,0.06818549582312154,3
0.7294506362720146,-0.1028901563344439,3
0.902217930625539,-0.2900459235638757,2
-2.099203022322018,2.410242110807082,1
0.9217738859731449,1.741053089262784,2
0.8133670398112562,0.2547023995284829,3
0.9783293579095582,0.2522084627598459,2
0.7430958044558532,0.1607719455058808,2
0.6820645141667444,-0.5419975524039427,3
0.699785387775793,0.2500208935225742,2
0.5480582955111142,1.0577698816092804,3
0.6674540454769229,-0.1641643674819818,3
0.7654045784642737,0.9208461398514742,2
1.037364718446521,0.76967909965764,2
0.7983638279544891,1.158729312721015,0
0.6858047500111772,-0.18145864349338062,0
0.6643330560927156,1.2938889512575384,0
0.8513666043673427,1.6041345214501408,0
0.4737426322201462,-1.03888764498695,3
0.782903462464072,1.3529199019318345,0
0.6855304379589702,0.047488429061835334,3
-1.0137945953144014,-0.300657968070856,0
-2.85388937404138,0.8157408837738865,1
-1.9834215068142191,1.235221425864982,1
0.6077023342553248,0.5038978609005944,0
0.7727043501199905,-0.32035932035980275,3
0.6665575939140612,0.7787924378993646,0
0.529970078900292,0.10199353588978123,0
0.7213880846369457,-0.008391039324284701,0
0.484617477576925,-0.5733796737886928,3
0.3894044417318689,-0.27354159646595794,0
-1.9180220302992352,0.33492977775785326,1
0.5583440295765509,0.4084982970150452,0
0.650428548820841,0.31278310721744396,0
0.7120204663572002,-0.02742601673866513,0
1.1698243709101581,1.8254576664373237,0
0.43496685408268615,-1.2716609049985421,3
0.560376937707534,-0.2937431996282993,0
-1.7844087156622628,-0.0516316440035488,1
0.723882644749728,0.755365832244997,0
0.36501873552602127,-0.3672148350300598,3
0.5769379501124663,0.8892730988832476,0
0.9214379151555784,0.6307086328379237,0
0.3315198976147199,-0.3488723126501927,0
0.869385817225132,1.1869313797594603,0
0.7451932837614166,0.9919540710991188,0
0.6441443314725963,-0.2972436629557693,0
-2.0315423451713515,0.8869125878843828,1
0.47842043520129246,-0.2631492593351631,3
0.5590200436419512,-0.6329690559019777,3
0.43416369626684204,-1.001256838700181,0
0.6646985345881796,-0.2342713410046473,3
-1.917690307456192,-0.20989824974535007,1
0.5645909394901533,-0.18599061814461626,0
0.817698953464987,1.6360198696652581,0
-1.0376390900524024,0.9108054211927082,1
0.3642378690853776,-0.40607486981622154,3
-1.1433632495055301,2.5899155824313937,1
0.29065238190894405,-1.6405481400340187,3
0.6509067594021061,0.08608917062205142,0
0.723191544417748,0.1614297013021928,0
0.8167939185812557,1.1626906190286463,0
0.8669213185536091,0.06145029642046689,0
0.5167563021274421,-0.7157225793767984,0
-0.3786505613765724,0.3997052529597032,0
0.8517459877875798,1.0200740963357071,0
-2.2607009929886543,0.6590202749987109,1
1.188674744248946,0.7303215949654535,0
0.6886333897538415,1.0852658023606419,0
0.47164235492991086,0.031637055135928537,3
0.33652644372947305,-1.4465788413933105,3
0.38954155233821397,-0.42122356250355775,0
0.5088007754444697,-0.8195959294561966,0
0.48938165763630925,0.09681841971584539,3
0.7290171893443667,1.0364863282387196,0
0.7868261013679928,0.26435232096174804,0
0.49822961989890013,0.08217218691864915,0
-3.369314323683488,-0.6714618401724568,1
-1.997628517217287,2.15110806811419,1
0.5392410525186311,-0.20629597749210776,0
0.5301971372253664,-0.15536240633557216,0
0.6985897315573214,-0.48858387116732005,3
-2.3406555918536425,-0.4837666785565105,1
0.5325801435908585,-0.8134267475751106,0
0.554912148097865,0.26493108110286384,0
0.614212474641098,-0.28114006753275256,0
-1.2576208843732988,2.1051877551738376,0
0.8206021663668422,1.745563728307475,0
0.6081854839154275,-0.36876806252688815,0
0.8356521787315772,1.330855967069711,0
0.47012142841868026,0.38178763988854864,0
0.6665894474153382,0.1633509187804732,0
0.5340834719648736,-0.6055217996922326,0
0.43408500923274135,-0.7830587249516601,3
-2.462032407171528,1.1272081176774649,1
-1.5221934297077242,1.5564066997615218,1
-1.9913883500097873,0.9134246832813304,1
0.6678326180384054,-0.1359587360164293,3
0.9732105462267681,0.20332503738258864,0
0.8746975278243356,0.6712820221256616,0
0.6826851174980014,1.1372727755915695,0
0.44075770735520703,0.14456371605769303,0
0.8017382027650434,1.4782132284882659,0
1.1937683760233115,1.044423640423628,0
0.6154482572050671,-0.3883506038414596,0
-3.376809509928452,0.875913424284336,1
0.4248398078225953,-1.7461898332336678,0
0.687354281319302,0.8861012905402008,0
0.7745790208938205,-0.11633765733561643,0
-1.3584244971379347,1.6990747496230598,1
0.4629897564772791,-0.7845238821815183,3
0.4420501096272898,0.14607787487533236,0
0.9428146802968648,2.0810840651885587,0
-1.4059753803946975,-0.1901709006633919,1
1.4840756980837244,1.5434111665540193,0
0.3434288519533075,-1.4119316388642558,3
0.38658719430884697,-1.0761645804859146,3
-2.5274020850224286,-0.016427693783172055,1
0.6211042828640059,-0.2766788785364815,3
0.7163709130188107,0.29184333100574517,0
0.6380468122799995,0.274121994071154,3
0.5308146759306757,0.6124788451179903,0
0.5001712696254258,-0.043621982967552195,0
-2.5258560790769065,1.0998651354006297,1
0.6014604879730363,0.15070303374983696,0
0.5513731705116851,0.5168711988191891,0
-1.8301156324955115,1.6883601695852144,1
0.7891525790730931,1.446347757014741,0
0.6410480860544252,-0.5053811150190679,3
0.4650519361300181,-0.8536122104332838,3
0.9947839937548003,2.2361740037918287,0
0.9441970567460675,1.4942769694651628,0
-2.961037515655636,0.7650282961503245,1
0.577270482278877,-0.4351867109660146,0
0.5902766070475595,-0.8825421680104106,0
-1.5056509058061116,0.3683135156529013,1
1.0506266593751514,1.221122538975411,0
0.71524506793521,-0.6003818432568437,0
0.8421359299943098,1.493697258781016,0
0.38399035368976425,-0.7016300835783217,0
0.3336012305986443,-1.643423993168127,0
0.38673159180169225,-1.6575083301224038,0
0.6306726323183012,-0.6433554204605428,3
0.6194674208637806,-1.453022165529584,3
0.5556489808561221,-0.8097468287697447,3
-2.05313706273295,-0.45286403014204984,1
0.6161410820831734,-0.7443592921370795,3
0.6262253130726629,-0.8184246995861605,3
0.7648515634405594,0.30689959657026356,0
0.9578334831061361,1.0362988965857964,0
0.6795563305921029,0.13837375424115522,0
0.647914841020248,-0.35988823437738043,0
0.7578174213419628,0.277255043925254,0
0.739107047467276,-0.09252638711040692,0
0.7073947788610391,-0.1469417711327727,3
0.708125183349275,0.7442322947195477,0
0.9178123942181708,0.7094689484534235,0
0.8730345794019274,-0.48356147106597663,3
1.1901767232052247,0.39125339932406894,3
0.4301778144234036,-2.603390476801103,0
0.7217665507960865,-0.43857615026936125,0
0.4894768797429078,-2.1487934732282064,3
0.42772081418487684,-2.3257216936139553,3
0.7460235645756966,-1.4767418655718434,0
0.589171125797974,-2.1346517482660534,0
1.1180795074514103,-0.8284225178587092,0
0.9484323110157463,-0.800544578373038,0
0.8105666703060508,0.38686507030086664,0
1.353744155192924,0.44754381266082843,3
0.611233247744733,-1.603909848403081,0
0.6722016411545363,-1.4423485123618447,0
0.7384369634095626,-0.6694413916642843,0
0.5352313566975545,-1.8419037019835431,0
0.4949805932091643,-2.206374311192231,3
0.8962035083733306,-1.0145575211316658,0
0.8396746625192395,-0.29804595338896667,0
0.7700166033521948,-0.4791952322366446,0
0.5444984183043259,-1.9093656423614616,3
0.389614356655758,-2.7651242159164346,3
0.8936636985284175,-0.08212050072767008,0
0.9036220907725581,-0.3318208712405667,0
1.0371204365953803,0.741781610006727,0
-0.7038760320059209,-1.3280822515418842,3
0.6287085580860137,-1.8159579426323764,0
-3.303902981818262,-0.5805179343801691,1
0.657536758423425,-0.9336614681505292,0
0.8687412945084129,-0.7365793273235797,0
0.024002534022809528,-2.376637260932944,3
0.22008074645119108,-1.5786986535538976,0
0.23812890152001934,-1.9017500472898468,3
-2.977314353120731,0.29949288586788025,1
0.6764158180461042,-0.7593511261055007,3
0.09252460073783403,-2.1594590388299433,3
0.661889582172753,-0.5949776419229242,0
0.4954610518552478,-0.31449005667143515,3
0.4059491816882548,-0.3619641761006667,3
0.2932631625430183,0.0597313709445717,3
0.30322968866520233,-0.36926974393578255,0
0.5235217677803947,0.24850445637383253,0
0.3479421260268129,-0.8351604489662022,3
0.33887470581615214,-1.274112060373637,3
0.2451807837621234,-1.3001002283590457,3
0.14478053535552843,-1.0475400395909276,3
-2.3732964807130412,1.3377173431163087,1
0.8534601729499476,-0.6510848832910558,0
0.5699184468960491,0.6213371646602235,0
0.30252631714950534,-1.755695584116941,0
0.38241336444831775,-1.212430449031055,3
-2.598831722653295,0.11613087305845687,1
0.05800717111154414,-2.3654466247874164,3
0.4551983059107681,-0.16577359731420188,3
0.42337775432417657,-0.39420942804961745,3
0.6309413470754252,0.2956883128841732,3
0.2947983242175619,-0.37916400215379364,3
0.4819328505523519,-0.012233573457839155,0
-3.1083641620921134,0.8603331646910094,1
-2.8690508576288978,-1.2066063828028006,1
0.5406957558822714,0.9831983331792309,3
0.341331918003019,-0.69572786393036,0
0.5004537532065958,-0.2901448872319718,3
0.23206935923570163,-0.8974832585787198,3
-0.9755067881559141,-1.138903239386716,3
0.4902329734416614,-1.149347675058164,0
0.7635256465425514,-0.8282184968373134,0
-3.1826527256507022,0.04165527115603683,1
0.36692012127060925,-0.17827616588288778,3
0.15367411128189562,-1.4267415203226865,3
0.33015031552546076,-1.3479965551740642,3
0.3222886710736305,-1.4474183693157843,0
0.8378338183578989,0.17441436498344676,0
0.28125559271148853,-1.5987297310969804,3
0.3119592355030434,-0.5122494917744704,3
0.7166655194703545,1.1172575144458066,3
-3.391629648493994,0.9037155104076591,1
-3.4614556043989326,0.36359470047517617,1
-2.7352221107048185,-0.29476917083987303,1
0.33817045892234116,-0.5898185710512643,3
0.22646613798770612,-1.9598001190321106,0
0.6493940203534643,-0.19282494499757324,3
0.22262976648711225,-1.66348918306897,3
0.6427985184655778,0.22018102681686105,0
0.13436585584707866,-1.8032614279105321,3
0.5369513286683513,0.45834120909940657,0
0.42224608001558317,-1.1693456932498079,0
0.4164532292854584,-1.2453965626823549,0
0.7491028114667627,1.0663150785155322,0
0.489589086191733,-0.5796542350877592,3
0.3914295035138537,-2.0356199963169455,0
0.45058536099949625,0.05031647893036164,0
0.5562254233937264,-1.4486458778196845,0
0.7506212958085402,-0.5781740606456017,3
0.36403890791050747,-0.30941760715021777,0
0.16911352123903017,-1.8173655281220593,3
-2.890187740578506,-1.706959878387893,1
-2.9630345975477637,0.5378251464670886,1
-7.773636119032636,-0.007343985129865853,1
0.44188241394930894,-1.0166527468664182,3
0.286070851930606,-0.8008927914443327,0
-2.4535943643554874,-0.43174790114277933,1
0.3761004025180278,-1.2461051233457519,3
0.8330392140352044,-0.7522681656976195,3
0.44672272545124597,-0.5358814263426711,0
0.6013608704063081,-0.09759805828950918,0
0.20740715505584612,-2.38618059055334,0
0.7373899706423902,-0.4444027794485077,3
0.4776405683422079,-1.9562300268566535,3
0.32754802471803085,-1.8350959649846017,3
0.5039691864732964,-1.131745854303869,0
-1.230744335177214,-0.9956535524961029,3
0.4295728074899396,-1.0769296497250933,3
0.03391254442340389,-2.462681242974779,3
0.3310725454400704,-1.3834029191990997,3
0.30787233540224873,-1.1952973491646501,3
0.40386253762389995,-0.9948609064802164,0
0.31207078854829556,-1.144406217172134,3
0.25674278765495645,-1.284482367379771,0
0.43642475845935286,-0.9299570175325869,3
0.7595672900208568,-0.7850063589332866,3
0.4469498352158622,-1.9431885191940657,3
-0.9799831251127081,-1.1024979721219466,3
0.426734284254769,-1.7464269269421864,0
0.36592485313134265,-1.930322509606666,0
0.6059916535670278,-1.601346786539525,0
-1.0160017450203522,-1.2253780517680537,3
0.5911297965884427,-0.19655589296861598,3
0.34326897420341773,-0.9522931364813185,3
0.34396297801294123,-0.9132450449054341,3
1.009687712567439,-3.048047907250627,3
0.31230869311097764,-1.5143771146915372,0
1.036935580327298,-0.6586189532328572,0
-1.8647201018122816,0.96451745599313,1
0.49777324511642634,-0.4539521728314608,3
0.273579423514252,-1.8736216405753146,3
0.34367475271790787,-1.2985457017890722,3
0.3734300407197859,-1.2655996492811459,3
0.3051240706483859,-0.9627321194608603,3
-0.8079786924547083,-0.43010567550330364,3
0.6671509781966696,-1.1445835323542184,3
0.4638601830309333,-0.9310810633021656,3
0.6269475639472093,-0.2832820655785588,3
0.31468708400524753,-1.761532606525502,3
0.4734867902257801,-1.4673894093152633,3
0.48895716467408845,-0.6549590828220463,3
0.27689057497349756,-1.8955878256152947,3
-2.7726610876300453,1.0895290419407586,1
0.19450877278114204,-1.8623661742335846,3
0.8613762138126234,0.030974122851152693,3
0.40852673998699685,-1.149586760429233,3
0.6190945624768639,-0.04234213363364284,3
0.018553362773322122,-2.8349395754573297,3
0.3371514720121975,-1.0044388706575,3
0.5683680568656045,-0.9409837638160629,3
-2.543736764238389,-1.3986409092182093,1
0.7543967450508599,-0.12364512143694222,3
0.848931362674696,-0.04959195432349209,3
0.4325111678720408,-1.2401927084985096,3
0.36601987826505394,-1.7249254635865456,3
0.7751402885070147,-0.46859374656775044,3
-1.8293922487182102,1.9997107257559243,1
0.4985029076736777,-1.130156382727287,3
0.6944874267029973,0.486891170022248,3
0.38932125286230806,-2.0153572852857327,3
0.5332360570164816,-0.4035666241140824,3
0.2540198312316933,-2.162938381556134,3
0.426510490468081,-1.2877250128603546,3
0.34060905870107094,-1.9266253846758465,3
0.6629039762489435,0.08712270641730623,3
0.32687871102676197,-1.9182172530457693,3
0.8828270045637057,-0.25790581884265334,3
0.46770372270072236,-1.3654173889543866,3
0.4771040278942386,-1.3984483730243378,3
0.5919812311782375,0.4046831140503481,3
0.5266348311333622,-0.8076861761988822,3
0.505718914514763,-0.4550233719961885,3
0.6443206026181986,-0.33432380309242105,3
1.2345297617494033,0.4269053571616968,3
0.8510254557010086,-1.1967132734251362,3
0.5884525664239444,-0.7691388370310426,3
0.22741926610634636,-2.106356500674989,3
1.0835573529759674,-0.3846683948162906,3
0.5907871932294809,-0.24819027525084114,3
0.036444556508554195,-2.702740939531525,3
0.6265357913575456,-0.6900416640675737,3
0.567816586525751,-1.4718774825031846,3
0.8245606862166152,0.013700522642409006,3
0.5619209107571703,-1.3864319061029293,3
0.5887745793891072,-1.6266087709601016,3
0.846312293281802,-0.527879374635656,3
0.5583811664377327,-1.1816686538294712,3
0.5541296856851324,-0.5475926777868819,3
0.43189938228316505,-2.030900388311885,3
0.9091728985474306,-0.8370524838839938,3
0.7956526982595149,-1.241514319898718,3
0.6321797819678593,-1.1400444453355882,3
0.35824721363969797,-1.6308333395803836,3
-0.936377735399443,-0.9865530673883477,3
-2.95119805434412,-1.4535057364910113,1
0.6664667858847291,-1.3319209883414498,3
0.44517116975374144,-0.8250396259686078,3
0.3930867175820638,-2.040033967954509,3
0.7457869316163259,-1.2720639699577831,3
0.6988436775934078,-0.9308915442266216,3
0.7127752202816411,-0.11704079483291145,3
0.6923301172910779,-1.107278439500016,3
0.4573157420156738,-2.160298709825229,3
0.41994013263052726,-2.139222374036909,3
-2.0637881410521577,0.8910937216150179,1
0.5431588903209874,0.3104424781027433,0
0.5221539075162945,0.2822094149962639,3
0.5224803074268154,0.8505420636284189,3
0.20318357081534694,-1.2750131840476238,3
0.32227400995872646,-1.3074792203085264,3
0.3348348498118081,-0.7397497274121022,3
0.6073177935488032,-0.658706035225584,3
0.49168939823653995,0.3189380827604984,3
0.21037588935866341,-0.3155798018560876,0
0.4409221598990051,0.20842054911298594,3
0.3596537340141597,-0.689610450203121,3
0.4014635263279261,-0.40939604785660755,3
0.09805674667053205,-1.8932623660595957,3
0.16539212898670413,-0.5412664186176416,3
0.22361085814138051,-0.34895627671015744,3
0.3960728632822872,0.7931804803112871,3
0.4427202881521844,0.024120509224127725,3
0.8604514929278652,-0.9361604646217737,3
0.33093907642660964,-0.6800726159268922,3
0.5274589832480767,-0.9092738809591823,3
0.20583767667720293,-1.7408537753632647,3
-2.6792767696972426,0.4984778289688461,1
0.20671630389345458,-1.2490446014980567,3
1.0118028491784614,1.4330635908103135,2
0.2536511276965145,-0.1735702595431912,3
-2.017199171622493,1.0042097011778608,1
0.6213049362953104,-1.3594530829077422,3
0.31363883894099126,-0.9685900678333098,3
0.18736567887199734,-1.2042189586305743,3
0.34294958439244144,-0.5678587210378433,3
0.3086751532894267,-0.5368629254756732,3
-2.600496615818067,-0.5334566557639849,1
0.32350278170002045,-1.4641059767559061,3
0.2121451582998573,-1.2494774946799532,3
0.4618546528074332,-0.6088184903713036,3
-2.6830138139184982,-0.3840439468947063,1
0.2594515122288374,-0.32207891930915533,3
0.3330086490524064,-0.7793380339690782,3
0.3751522798578468,-0.595922729688798,3
0.17432566801191768,-1.4367088891741264,3
0.41227433554746545,-0.3032969962930703,3
0.37589046370888934,-0.6540867713323425,3
0.3220332533027228,-0.8198288849230309,3
0.41772287431008687,-0.7254795333723119,3
0.4131745089608223,-0.9916440726345116,3
0.2379543669880099,-1.1526145772477279,3
0.6354907351760651,0.525998483933198,3
0.45860612981746135,-0.8276309508406304,3
0.29826514989064756,-0.12321223005258788,3
0.3260287294989809,-1.8986958514422327,3
0.6266551893334804,-0.11866557456590408,3
0.4784861449384449,-0.47694349051453777,3
0.3087676904098201,-1.0201367328699296,3
0.3376368479451634,-1.4359758325476728,0
0.9686086236335526,1.5240130607315943,0
0.504981591341163,-0.7413082760668662,3
0.6740758855402998,-0.4356844021793835,3
-1.7104833268905602,-0.7378007331436546,1
0.5990933883270996,0.09830789219328541,3
0.39234423015194053,0.04521565508876101,3
0.31009228747480383,-1.3507924129709608,3
0.5250463305845421,-1.022801904497245,3
0.40118925155657126,-0.45652065233279154,3
-3.2500666676073355,0.48245305220667845,1
0.3099705799634004,-1.2264900599219841,3
0.6332650321486858,0.9433246961219537,3
0.5271441408473293,-0.7327358564748431,3
0.36063179792993244,-0.3340300978808023,3
0.3195242170689195,-1.365171156336743,3
0.6082963977600561,-0.861705847894634,3
0.35386056939625427,-1.5511870164542307,3
0.4352528132948238,-1.1689711491108883,3
0.5266944398649077,-1.1787611847475623,3
0.72588873179796,0.4554458599476465,3
0.9419902556373093,0.5608657839089956,3
0.4805573132895702,-1.2830497657571538,3
0.9061751739545413,0.7668475502635965,3
0.43171526101092234,-1.6188611065313843,3
0.7381825949292898,-1.5852903219135828,3
0.49675142214033424,-1.5142702883335442,3
0.889361290840532,0.8892841384685837,3
0.5681940597088619,-0.5938358313650294,3
-2.6807199131307904,0.541685708233512,1
0.9481290889526351,-0.03579821331452207,3
0.6546850068731922,-0.5269393730904709,3
0.6136360521927291,0.10992345915595626,3
-4.221132275824717,1.977296098623199,1
0.8375774167123458,-0.7309073942305008,3
0.6193865191034017,-1.0629249660376583,3
0.46449140813010703,-1.6620688866482158,3
0.5615878377659788,-1.5757504801727678,0
1.3091752209742689,0.9983102225119771,2
0.7156110845907077,-0.15585155189975916,3
0.5569595293025961,-1.1103771156144389,3
0.3444172145175531,-1.3314743813248948,3
0.2582943559798493,-0.8192806717132506,0
0.4626138709684479,-0.2569883379829191,0
0.07061484233482146,-2.763845924236685,3
0.30250558823221996,-1.6559958887165127,3
0.4528782231534523,-0.8655918738902567,3
0.5068528500904076,-0.7789918169442617,3
0.2094853111187885,-1.3557264494750985,3
0.4838070114176854,0.10925639308230213,0
0.527859509117844,-0.40353130348702604,3
0.08388552670107846,-2.724739722523417,3
-3.5765945063709426,0.19962147015271625,1
0.3337358583886293,-1.055526970723456,3
0.46220223086560236,0.01311098768828006,0
-3.1968522357354483,1.3910294270410535,1
-2.3881250165947243,0.024192848385460312,1
-3.4421351830963327,0.6497388398367222,1
-6.181757633178555,-0.5035268787263223,1
0.012851380650692388,-2.474613521599062,3
0.8194833071338896,0.02145515499563699,3
0.5674104436966253,-0.7243875486704768,3
-0.774079426581587,0.9163421054618032,0
0.6327701948293397,0.11454691334495311,0
0.3579788000183628,-1.9774943910546006,3
0.18654563614568803,-2.1079703375964582,3
0.5113872668508477,-1.9028840677035725,3
0.2302130207084763,-1.743475940318454,3
0.49968051018573106,-0.8658629075149655,3
0.3503603400844758,-1.7082936065952243,3
-2.634924145096526,0.19195493662490898,1
0.3219925880794482,-1.3009426593822924,0
0.4335129870207398,-1.7529619850909306,0
-3.344374938055946,0.39778993255000855,1
-3.572903653154924,-0.09000773467658973,1
0.7923959441988738,-0.09888414947616543,3
0.42731300583297177,-1.1200806218527448,3
0.16565651036467993,-2.2673244823756185,3
0.39299428647577195,-1.0505168737360122,3
-2.212533205362385,-0.7435983258025749,1
0.4962793766815613,-1.8928123583841439,3
0.2266675689526029,-2.3925805927169974,3
0.23576990616400587,-2.3161877687322483,3
-4.068344934071144,-0.300294499047774,1
0.5692085109938717,-0.08427227065319971,3
0.6704059945663357,-0.08395376656699179,0
0.2313248269130024,-2.30809426857831,3
-3.2184475764166356,0.2914298946449474,1
0.49650301507894634,-1.4411789775277353,3
0.30025799655588986,-2.3140051497361998,3
0.2694362840912487,-1.4682912953348417,0
-3.400975080061921,0.1362054482437125,1
-4.276140417623288,-0.39646895591790526,1
0.4880425640281417,0.04130283962969513,3
0.34249579427881094,-1.4188719644292254,3
0.6688238370045081,-0.20025484144177738,3
0.3013723395790847,-2.3954893625436724,3
0.19664680154283937,-2.3485462419657273,3
0.6680174204289112,-0.19196278806735523,3
-2.6368455834690527,0.16518109700116038,1
-2.817882222378808,0.7157504504073673,1
0.3788779763970642,-1.417318763882658,0
0.7796371420042181,0.3225736407486338,0
0.6944159883829623,-0.3039946142375893,0
0.6819874801241415,0.38319287869425406,3
0.4255127134175453,-0.8435033076562197,3
0.24480774517008788,-1.8826188057245474,3
0.34014784563100703,-2.345310786937423,0
0.685170568860612,-0.4058722086087629,0
-1.6920096961856843,-1.0632951257382406,0
0.40388680928488047,-0.9366861255400855,3
-3.1154458672193557,-0.17479790013522142,1
0.21104150967878138,-2.3412450105954044,3
-2.0870181339314438,0.09532016288686476,1
0.280806145001773,-2.3247729633884795,3
0.6858661168107095,-0.5256171668967831,0
0.43301506423622,-1.1297605592563273,0
-1.9420784779028777,0.16668186098291873,0
0.527936645290546,-1.1573750690015494,3
0.5767252583805553,-0.4786403740188296,3
0.5953104959452067,-0.6935287149968884,3
0.24928785116175947,-2.4466985919876607,3
0.4727575314709857,-1.268108883801684,3
0.4261230334594691,-1.5069898663566457,3
0.27603111614832354,-2.547119422573345,3
0.47096680110150896,-1.4583300924185691,3
0.32244481618289533,-2.493809158202147,3
0.571642671698196,-1.1047851778344513,3
-3.091735236745329,1.0664373130163765,1
0.7333572421068357,-0.23238705681267155,3
-3.3420298598872367,0.012790588651795935,1
0.5020327255130668,-0.9548529296542025,3
0.5091631513176087,-0.9740811914855346,3
0.7926889717995859,-0.10847420749566425,0
0.6215613387525663,-0.7955911698364374,3
0.323407574955702,-2.1282976056333465,3
0.475860363687934,-0.4914640041184107,0
1.1935058292521077,0.4410097735480045,3
0.3681566623499098,-0.7529743668034119,0
0.4408778987520547,-1.4945525270891518,0
-3.9367636806561324,-0.6989913878499024,1
0.6629201949215966,-0.4762401351823277,3
0.46537349728154015,-2.4541857006573755,3
0.5192217182449916,-1.9234089694598857,3
0.5412939219895043,-1.4747255395591299,3
-1.6760725537958419,0.8679204312512743,1
-2.773816013757872,-0.5615108217977465,1
0.47246741923887625,-1.973929407209855,3
-1.2006142325706017,-0.7202061338980995,1
-3.1931050005606068,-0.18896049186603972,1
0.5355000350072096,-0.9291714495718221,3
0.45017779595570767,-1.9567743113311364,3
0.5803659646998368,-0.697967979715423,0
0.4091305927451623,-2.4049891203491036,3
-3.237039518255725,0.3033642099781418,1
0.6999877105372496,-0.8532377961562028,3
0.8590385922276044,0.3950046458066691,0
0.299862297471859,-2.333290949871847,3
0.5523112786182387,-1.4405894433404673,3
0.4560471967720036,-0.8532413003209418,3
0.5516078231806535,-1.5594178409421655,3
0.4112557082813614,-1.6291127022513308,0
-3.0210664425467657,-0.05698260562986275,1
0.620277293380006,-1.3667497369681278,3
0.4043990952220571,-1.723652806498871,3
-3.2894147868377615,-1.148333990899729,1
0.28012623118439256,-2.8209471130956727,3
-3.136254879663027,1.030469733093045,1
0.5110740592423406,-0.4354918835992484,0
0.9813406816367862,1.0454833213446018,0
-2.404160186841406,0.5460903458946971,1
-2.4144632250325677,0.09418889388156093,1
0.37700850261325486,-2.1076433808419566,3
-2.975808476007219,1.1618377517266003,1
0.5306673505188558,-0.4741163352024258,0
0.761629911387711,-0.5513982593332669,0
0.49765058532925643,-1.1637613854132276,0
-2.448499778549962,-0.2740051030861704,1
0.3490527286377863,-1.357479658686756,3
-3.269331891897496,1.1316161912025438,1
-3.4591624688162024,-0.26632100245351514,1
0.9424777084752008,-0.9749801102414521,0
-2.6526175084152896,0.7282393529683483,1
0.4249628124467186,-1.9695908321664684,3
0.496760035249306,-2.514115611256491,3
0.4485426509645538,-0.956192259344008,3
-3.0790333602249356,0.15194494512142,1
0.9475542652256332,-0.6719708260998414,3
-0.8332479008320308,-0.1699493374594764,1
0.8222016024032482,0.500522459327243,0
0.4591312924695598,-2.017718636494474,3
0.52168461477705,-1.797843813398253,3
0.7640923127706202,-0.5164640447091092,0
0.773178695268308,-0.3331922361869204,0
0.6585143715746293,-1.175136324148633,0
0.5651457663640426,-2.084654652136696,3
0.5245699213869184,-0.9680611413089477,0
0.7658247330222439,0.01563765491088639,0
-1.8054407219778001,0.43969888482105324,1
0.469530487973837,-1.4085548596770658,3
0.899130024781165,0.12022094384263472,0
0.5656906174612242,-1.2711423609132122,3
0.9390475077653605,-0.7987107883309187,3
1.1517490148835314,0.32713168125433506,0
0.678029845840492,-0.2193142302573884,3
1.4266733177087303,1.352978678034016,0
0.3919736654834536,-2.450844867436511,3
0.7967424954598872,0.25566495987105836,0
0.7080800949455401,-0.6139754510215614,3
-2.0826004338121713,-1.507204251002148,1
0.5760498191868809,-0.6286541021300511,3
0.5526105066669292,-1.32578655695193,3
0.4173896242434343,-1.931023188863252,3
0.3648072195621363,-2.3263010935332282,3
0.8527598267393912,-0.008281971828042163,3
0.6129498784128168,-1.475401100378639,3
0.5031773629804444,-1.3089129579623762,3
0.7015939994831644,-0.6640944722878241,3
0.22472287187079823,-2.5510314192560317,3
0.5356253695355331,-1.5522831646989244,3
0.38027273727076316,-1.4606324147882028,3
0.7124140756287667,-1.1508595108720785,0
0.36647302579812535,-2.2425295747251983,3
0.3637705197382637,-1.5284151264882642,3
0.9713250013443648,0.7695151071799458,0
0.6795479753534689,-1.2069591424406534,0
0.5416328511741699,-1.5007450275532683,0
0.8767723892410476,0.1859464812937877,3
0.44866607273865583,-1.4958156729787035,3
0.17647853139018993,-3.1966310704397394,3
0.327600266604483,-2.5475515753746745,3
0.9206101067549927,-1.886334036887842,0
1.912159817700166,-0.029554166992715656,3
0.9070215179257141,-1.3512402551105325,3
0.37828325018942605,-2.082182522759075,3
0.3194365700618951,-2.344059553979557,3
0.47788051100178497,-1.451966048588369,3
0.5767612922646739,-1.4882944009115375,3
0.41606967003933615,-2.9548009871204464,3
0.21484883197069465,-2.7618207222539843,3
-1.0114319134319092,-0.8379403530344799,3
0.9828257120367135,-0.4369401124886788,3
0.48909133411983624,-2.6984852015136584,3
0.8524222517780592,-0.2258627084764815,3
0.48657485376852594,-1.4743590243166949,3
0.49540619473583614,-1.844687788597887,3
0.40534192062739116,-2.555028581835835,3
0.4355984523669895,-2.2669525725929947,3
0.15352494223011998,-3.5485146353988393,3
0.5531244879494528,-1.0155274727912729,3
-3.0222470019054546,-0.7971785335905778,1
0.4087590273055381,-2.3004263062962944,3
0.7018320853405235,-0.7666725304915412,3
0.4737158492753372,-1.7295384817869712,3
0.6732136195663321,-0.28521214252237126,3
-3.1376884375413487,-1.0876251700405635,1
0.8484898116122408,-0.05463745505943389,3
-2.892446812966058,-0.31491173006975787,1
0.4229023771839171,-2.4034342525136303,3
0.7241545913581502,-1.0712060806780908,0
0.33920436481026883,-2.427354011245156,3
0.5276514222645919,-1.875169359318297,3
0.5538065415194864,-1.9841815527746227,3
0.9117947048075307,-0.8004789100046982,3
-3.271466246333798,-0.2570119070606595,1
0.7249143614943303,-0.4578995034496952,3
0.8943839353825493,-0.7044880400468316,3
0.4758600710784841,-1.6301083653940014,3
0.39841389232515995,-2.2912526942779965,3
0.7846542954739204,-1.0701948221451492,3
0.3063649759286082,-3.4053581742531263,3
0.45819708202919646,-2.295557090317672,3
0.42322336084866513,-1.9339672327028945,3
0.6747758810267129,-0.8523913712931731,3
0.6029346452480235,-2.2077891099955362,3
0.4019923851524503,-2.441106161563787,3
0.650731185109097,-0.06984112353536326,3
-1.5997766911118776,-1.1484895424489037,1
-3.0237839020336423,-2.314186279485568,1
0.6159537772424938,-2.2218308802164524,3
0.5441630980232657,-0.7191718096289275,3
0.6444228658623119,-1.4637063656989853,3
0.7080229558833745,-0.9299161370818483,3
0.5679832915989906,-1.8283627332923194,3
0.9212235645015419,-0.5735917734804666,3
-2.338490987498218,0.3980378717948243,1
0.7861653663052521,-0.3084882113376105,0
-3.149595392595756,0.3682675591887914,1
0.368467609752389,-3.000382965860793,3
0.5462299655887963,-1.5011480922948213,3
0.593241013198577,-1.9158834437805154,3
0.6004314476428125,-1.578129309791941,3
0.6113596361348589,-2.0059443147092804,3
0.7959920808856181,-0.9151564766797149,3
-1.0244843816725349,-0.5719029306978578,0
-2.519080841702342,-0.384404634381492,1
-2.742520647899868,-1.1198419220590417,1
0.6199273014275213,-1.0464004311291384,3
0.48338605003372914,-2.4269743997840214,3
-0.8859185787200097,-2.8357127685083823,3
0.5568255241188418,-1.9347716120179208,3
0.4825159603148995,-2.6983300088886994,3
0.7999866330909731,-0.22955475553070265,0
-0.9162361073832603,0.18211339543181188,3
-0.5352899465857925,-0.815375131353722,3
0.5203244969682278,-2.5085944955710535,3
-1.770001107817387,-2.020983651579306,1
0.724225374693922,-0.20200535030305591,3
-0.7986036816449278,-2.2363546681507565,3
0.4310474717440427,-2.5473581402298855,3
0.5845695014738701,-2.0909845258191764,3
0.7438490935933939,-0.17955354346301297,3
-1.1614355957824691,-1.5130465745093558,3
-0.5992537117661711,-1.2888913748464839,3
0.5222815941722683,-1.1993024254560376,3
-0.4841952816123469,-0.8201852742209996,3
0.8385703633460571,-0.0610728768056225,3
0.3890120184940578,-3.018544671663492,3
-1.1076698643906928,-0.115854798736247,0
-0.6931692516945981,-2.2489088441379814,3
-1.6946340536630626,0.8274455044406529,1
-1.7064439619290204,-0.31550713079677456,1
0.6906115841908776,-1.219314552004356,3
0.4987302343839874,-2.4336360065001164,3
-2.115875561577646,-2.6385942147181787,1
0.4728960363151394,-2.6428096139384882,3
0.7883643041964116,-1.0211079990984686,3
-0.575526181947774,-2.2726840991383095,3
-2.298328487541648,-1.3185772923166874,1
0.618393364476278,-1.8994660962078622,3
0.6763461477475609,-1.4073120085067434,3
-0.7605882974634951,-1.290747130222276,3
0.4478425171608898,-2.7127715370010983,3
-1.3942422312513996,-0.6716266278409503,1
0.48870420491859595,-2.154756284958355,3
-2.1108706336901455,-1.474193410091509,1
0.4134703100505807,-2.963678609656663,3
-2.1999769257579924,-0.5688032901719301,1
-3.43034493134896,-0.33863182317631585,1
-2.184025130664773,-1.4720339355017233,1
-0.9788335456682613,-1.5891125422037502,3
0.7067263209693421,-1.703064062999865,3
0.4017785383038573,-2.523735613165023,3
-0.6118251362332439,-1.3368910562302883,3
0.5441282153815824,-1.793198863287307,3
0.5675082114524155,-1.6407951783134096,3
0.4078996136797913,-2.5464240836973673,3
0.367990210956567,-3.2962619894104566,3
0.6570045924342836,-1.1475455029953034,3
0.4710900117175245,-2.549971984783846,3
-0.6072959906786516,-1.2976369561683816,3
0.5091522311549717,-2.191184731931978,3
0.8644892609278472,-1.7861727527415625,3
-0.6833215071161912,-1.7340517620798719,3
0.35548991183283146,-2.8213914020755846,3
-1.1973982992088068,-2.2170318628021835,3
0.4763960749174763,-2.504695269149965,3
0.5041643157460849,-2.301642880871731,3
0.6003397950765367,-2.001006270852876,3
0.4361425205562852,-2.5241194354240517,3
-0.6773016293858785,-2.084747809048781,3
0.2753552971417603,-3.39651037454887,3
0.681619948319718,-0.5530609922813552,3
0.37809159695831956,-2.9566477619554843,3
0.6078031146080696,-1.8878198363056653,3
-2.1740905337117957,-1.9468759012038697,1
-1.3070034867068558,-0.17744206144043512,1
0.4911097464307764,-2.5090270277294295,3
0.7283627233979995,-1.1277004759771494,3
0.6568972181736539,-1.1041206817470035,3
0.46167381946391806,-2.8384165257553233,3
0.5382406648161314,-2.5395424897831496,3
-1.769111172968272,-1.417160696392461,1
0.5891961961127361,-1.7864826115578392,3
-1.881122196122759,0.8261358054998248,1
0.4165695841593638,-2.456365917928982,3
0.6763325285576948,-2.1610211556909373,3
0.4632292052144429,-2.535339036831341,3
0.7346277831711597,-0.8937431421721614,3
0.5437447623246473,-1.6881534484992826,3
0.4725595314137185,-2.5785178507075157,3
0.8421021986966825,-0.6476109750298266,3
0.4245046247921812,-2.565635536626209,3
-1.2301057027951967,-1.634020789089805,3
0.5728258079793421,-1.6418312048830044,3
-0.9531539547411798,-1.8381761885770294,3
-2.1729098953568085,-0.4063885435604098,1
0.8976415503761817,-1.041348128830841,3
0.6640153185058131,-1.4445088288485293,3
-0.5303810052465562,-1.095731433120433,3
0.5349119094652182,-2.595993387747068,3
0.5807158825720363,-1.511348730562986,3
-0.5931220389859339,-2.2578400987259273,3
0.5448254485051608,-2.510172155006274,3
0.009074207081164607,-2.721052067335706,3
0.984455940556825,-1.5040610840041087,3
-2.1457728037319628,0.39339399985933565,1
-0.9288094202038378,-1.738678542855738,3
0.39827315170442457,-0.06180298512559315,0
0.19960883945897684,-1.1338058150420154,3
-2.503373553709051,-0.1983682574883043,1
-2.3029290911714377,-0.7167778054613115,1
0.33262483115284597,-0.6972348357432212,3
0.49514173278696805,1.2052615310461883,0
0.14146998850372156,-1.5672421501461677,3
-1.1930396484069916,0.43498333194506517,0
-0.6716048236920548,0.8886647717675991,3
-0.812218587652144,-0.31073530289995294,3
-0.8735307218999248,0.3326260655298285,0
0.5004220505137253,0.7723599789279725,3
-0.9693142395829988,-0.46894104892834987,0
0.7742365949862875,-0.528770718812507,3
-3.4728744803037013,0.3813305689490606,1
0.4623343649811124,0.12359734226595849,0
0.3392187012823152,-0.7103297666303872,3
-2.6722165854890427,0.6432452748774032,1
-1.4270263913414507,-1.2358933217953265,1
-1.9946037927307534,1.6605255859941164,1
0.5152218857591236,-0.7381117780429169,3
-2.4187364904000597,0.824376310485481,1
0.5620839792067863,0.47384581675510085,0
-0.8829953773401159,-0.7500804153849693,0
0.369389658551211,0.05854183574640614,3
0.48897207961142897,-0.6085320110722013,0
0.3173173518486586,-0.35593209639458584,3
-3.354078260132944,0.5739750708133362,1
0.7615495336533566,1.6135156548466787,0
0.40521910241749376,-0.3078502687455732,3
-3.1847757525764377,0.574844612945135,1
0.3143819858196255,-1.169011412045578,3
0.8434686810266635,-0.568528121349452,3
0.4795443846711946,0.12987085704009027,0
0.4054514753912302,-0.29433615754488546,0
0.2778710678660955,-2.039106956072637,0
0.2815622713760867,-1.5171201001478387,3
0.8893225422265566,-0.7870678686428464,3
-2.4549289793729407,0.5521472662628127,1
0.7478574446132983,-0.782424402672155,3
0.6266220348802155,0.1531500042278976,0
-0.4511512604324008,0.5391094588845127,3
0.669354840090251,1.5131876937008544,0
0.5981808084081707,0.9781126103366196,0
-2.3049590741460917,0.4808280803415333,1
0.49662318305223646,1.0641879628511957,0
0.7245556596997412,1.8962175934441732,0
0.38501555238384233,0.30353506846137734,0
0.4412386072381994,0.3196729678632828,0
-4.5575804222865575,1.7167321796655775,1
0.30326703213701633,-0.3685221011219128,0
0.3916505742284038,0.35390900275900244,0
0.4833693139357583,0.5697080210817894,0
0.3007051928549179,-0.10053960583048993,0
-3.9462752568964166,1.2409729738880717,1
-2.4855459356450296,1.825578349666279,1
-2.0519028675533098,2.2320936843848864,1
0.8946713524964255,-0.3352875289089229,3
0.2523192389360622,-0.3620958544223611,0
-3.671228464851345,1.5871848217386864,1
0.45247007670971134,0.2977101650230383,0
-3.664793663444843,2.088803397194005,1
-2.480238224048236,1.1198587643210307,1
0.5777414800106189,1.1052609211246485,0
0.5414082129990574,1.1352087505777089,0
-1.52355701180669,0.01690801320754107,1
-3.06389858685646,1.8945036146532976,1
-3.1518237498104216,1.7085141122920242,1
0.40177729920708755,0.735920410412966,0
0.42237593985842653,0.7446078809488446,0
0.4326228364929731,0.5842857728488784,0
0.4201176431604986,0.29690143377284006,3
-3.4692134003179933,1.4892396147301006,1
0.5351719144030342,0.21485687413406038,0
-3.2963063323485122,1.1719990847854245,1
-3.4309592303628946,1.6270710455313349,1
0.4249541176011138,0.2086376718202219,0
0.4255164415302501,0.2424586371602034,0
0.5359472238941547,0.6842988558323594,0
0.25121825758199157,-0.22096655918170377,0
-2.5414298914870317,2.2644315029132285,1
0.3534028198496163,0.27313001104998574,0
-3.360721476715062,0.6743246433227683,1
0.40565791349109537,0.3306879200236013,0
-2.1870222477724495,0.5677493354897906,1
0.5915985494250785,1.472775116498999,0
0.7713448171341014,1.4674470475010277,0
-4.126918199169631,2.437240140996199,1
0.49156505754645274,0.4500170407727908,0
-2.698476209590261,1.0421668661023278,1
0.4129859067758468,0.27789046571936904,0
-4.47975954661557,0.25604547868749894,1
-1.652054173563859,0.7651910818247118,1
-3.176380174972506,1.5281223950482856,1
0.4635099071931015,0.5615138418679664,0
0.4969226785719541,0.24747530064629938,0
-2.7567962844336478,1.9728373436452407,1
-3.4455853050758436,1.001106980454101,1
0.6555835909721,1.0836577357858153,0
-1.5518467033434804,2.7938803842091526,1
-8.724369572114169,3.35737875087963,1
0.625990525670817,0.6434814237961891,0
-2.861227136914746,2.3258540685926143,1
-3.469531531694558,1.5793791998267706,1
0.3291950186071288,-0.3114387819468343,0
-4.12063061963994,2.2105689944474203,1
0.5749682105837195,1.0176827791947842,0
0.33431726364132575,-0.346169293226344,0
-1.8525120759052505,0.8379140353258002,1
0.9685604710244138,2.592751413566499,0
0.47611994265763924,0.23010257155933042,3
-2.0988844774970903,1.5847960506393965,1
0.2167351148141196,-0.7011406977291551,0
0.37237233394232594,-0.5278132531642435,0
0.9621747005159642,2.700665680884992,0
0.5472661439832662,0.10811982672065042,3
-2.620830646041373,1.6101231477237685,1
-3.110894493766629,2.1661803237371022,1
-3.4709093559601314,1.7221232789874048,1
0.23535254048427326,-0.37779746765604005,3
0.5325861523256731,0.5594108568985977,0
-3.177068576942976,2.1758392229057413,1
-2.980877040903166,1.4974528286252604,1
0.48897871670401644,0.12114741509355466,0
0.5239067427155697,0.457295591642949,0
0.5914348451894154,0.18568629863231056,0
0.4480078644108786,-0.02045681649860751,0
0.401224494049809,-0.2557539351969538,0
-3.423296963114811,1.0654356026384106,1
0.6738935447732083,1.0434288158807716,0
0.5293677596600143,0.23486761741773785,0
-2.3839948486978915,0.7915330582248622,1
0.6915726517295376,1.0223192080213288,0
0.7577023694677398,1.5683292577679575,0
0.6096172380319409,1.1745493791144708,0
-3.8726987477550723,2.5187284016519302,1
-2.9140660459077092,1.698838967237563,1
0.5719720378276958,1.0314294243904105,0
0.8977416890830772,1.544837540166079,0
0.8605049774662895,2.061849843526919,0
0.6616822226041272,1.1422957658316413,0
-2.7910368725803254,1.6794561115657112,1
0.8649457068551705,2.0339393737080367,0
-2.7939348710036396,1.4566754875806194,1
0.6355980765196039,1.184353665523432,0
-3.715527917730936,0.5641856069103691,1
-3.5992216505525443,2.066412553452883,1
0.8265706077957707,1.9574364748078237,0
-2.480222334392798,1.1529513913069058,1
-1.8789344143589,1.1313859496564171,1
0.5914737565712086,0.9813921717730465,0
-3.0628216312127132,2.5719754981027103,1
0.4733219223650105,-0.014182020241818473,0
-1.868069563656267,2.1913218745915257,1
1.1634168387558885,1.972044899316483,0
0.7737354236152215,1.618001932505868,0
-6.717563997105173,2.694255856446918,1
0.3729433067692939,0.2010224976668132,0
0.7602951544748998,0.7433416073963903,0
0.6224970395749049,-0.13500817940356563,3
0.5621193352280247,0.35607974451503605,0
0.5457367725111457,0.1724804153439385,0
0.725623101762727,0.3886489435713632,0
-3.727273245580064,2.8371729648544166,1
0.8025025550285628,0.5395726680478803,0
0.48309090191662174,0.05159637987213147,3
0.8523929972798451,1.6342828226544794,0
-2.7310357397913583,2.2572157092458385,1
0.5378218803252417,0.7307872314484394,0
0.48342463361667853,0.6148356798731446,0
0.6159532144832178,1.1176046194579836,0
0.6754310773023284,1.4995196210348558,0
0.5481415777547148,0.9198496276345391,0
0.6506014576430399,0.5695057675764252,3
0.3424494051980353,-0.21201262945636992,0
0.6879691117818889,1.4866823925518284,0
0.6018553421601314,1.0544135786452873,0
0.5949244530910381,0.9458394944706516,0
-3.888785239221819,1.088114337580619,1
0.6629101152212212,0.9334527144112077,0
-1.65662447640128,1.9910307929871869,1
0.5724907974616367,1.0023995060941624,3
-3.713796443000925,2.0877670086039166,1
0.44169350592228224,0.1626624752508834,0
0.5219431433870052,0.22303503442847664,0
0.3394333627521044,-0.2221414498861574,0
-3.868601492784311,0.702878655443727,1
0.5914052920226811,1.065292010720007,0
0.7898492677798559,1.6762114880945094,0
0.5796070608325883,1.0687573989019843,0
0.6209829189868001,0.33027219207752145,0
0.8291194042374673,1.4377538537202332,0
1.0136942738590682,1.4931023680495141,2
0.31145350728959637,-0.7089784947432274,3
-3.145505330462763,0.5273864743825228,1
-4.669352396060403,3.2490240216117807,1
0.5116152717923282,-0.12163837567411111,0
1.0498717242386093,1.563877025001555,0
0.6646995476473989,0.9965925335937693,0
-2.595617424704514,1.9627538942677696,1
0.3457284963137377,-0.35066258618953505,0
0.8678500748751529,1.9306864517500795,0
0.7850440773124866,0.6820782566116489,0
-3.240187550172541,2.3810574934847977,1
0.4689085835566703,-0.27906439847775405,0
1.049084680977614,1.8625697843895523,2
-1.7739289279399815,2.090019288674657,1
-2.696596088860125,1.7582361033088263,1
0.6385208620651552,1.172710770756032,0
0.4766123102705703,0.487561220979045,0
0.7252500378775605,1.5293163585171694,0
-2.5404406872866216,0.9615360633356175,1
-3.147755481864459,-0.3505086348975163,1
-3.012188223855333,1.7314314244788822,1
0.6268272133002193,-0.002057341268582732,0
0.5168532631179267,0.35631975803643084,3
-3.069320604058429,1.2117135338571936,1
-1.1925748867721448,1.1799064971496098,1
0.8873833850518338,1.9934130539501242,0
-2.755794733807397,0.9072997541253599,1
-2.196069190130858,2.790519351126941,1
0.7057208297642508,1.0251506576296523,0
-3.1789836086419014,1.9021329077670663,1
-2.591669254168613,0.83753227390567,1
0.4802220719239933,0.5531703632812279,0
0.9159278313906162,2.1167008321136715,0
-2.1957557649499035,1.0072252870826888,0
0.76533302856874,1.4590816632134676,0
0.6318997829519067,0.8198258624047112,0
0.5441761107993673,0.7063976690546315,0
-3.2445636061190006,2.2759974601259167,1
0.7107149151150117,0.9180916407694342,3
0.5133238918018728,0.16605198396376858,0
0.6442723827460958,0.612265490798773,0
-2.314079089868811,1.1632714008935714,1
0.7729339009319317,1.1494635394555497,0
0.6907335026584082,0.08959493934403757,0
0.6446665684903319,0.9315917649205345,0
-2.7044054475247115,1.6167187115598531,1
0.6103029822675842,0.7184339950618286,0
-3.7337826955622933,1.550399323090537,1
0.38138012572704455,-0.2581743587330188,3
-2.3593976585928025,2.2889654041668748,1
0.6784428717043405,0.2670158196089228,0
0.6376446462668138,0.2485408737866833,0
0.5139200454724883,-0.31212498983859505,0
0.4469340950514551,-0.08858956459040875,3
-3.172513918747904,0.5060766303878977,1
-2.867868362539125,1.6787085947483371,1
0.7767759695558937,1.1917877020850656,0
-3.600677528040031,1.045193120464391,1
0.44168353193768956,-0.10523851634862191,0
-3.7779152876116364,1.1995169203322242,1
-2.307972634943486,2.1607855442017008,1
0.5111534556805184,0.47201364466905193,0
0.6727008728095727,1.0199555914343468,0
-2.7427962498245253,1.356721531097635,1
-3.251458894421711,1.4363266823513074,1
-2.8406785188545682,0.8977138750921085,1
0.48745703923902406,-0.13075604888171008,0
0.5599797595580881,0.3271883958954645,0
-1.3740890761725522,0.565860623888111,1
-3.436432013203694,1.9341194233938706,1
0.46568910628000143,0.4530841127025652,0
0.2994991772964184,-0.8428802363463521,0
-14.036120516268902,5.063586944690725,1
0.7838720426162675,0.8956910326891792,3
0.5630752930622996,-1.013740931380169,3
0.35181420444778355,-0.742907618548398,0
-2.9606880890846243,0.8221435320249614,1
-3.1290610521393303,1.6460043609802801,1
-3.335809711151564,0.9958651398886388,1
0.5972095181867272,0.22763110915885124,0
0.4262046766654538,-0.14244121714012484,0
-3.068778663534578,0.6013024025883563,1
1.056256965934588,0.829005396983479,0
0.7393471771864919,1.2532759728707314,0
0.40564920070579136,-0.27736497569226076,0
0.8233814791470013,1.1087358974395216,0
0.5126347483827477,-0.1751564666155148,0
-3.732451764451141,1.5188177449394646,1
-3.3084112238120964,1.9908375477226996,1
0.47845524257008454,0.5096729213914507,3
0.9342966214155113,1.4370325423657908,0
-2.2521224489276026,1.6932319117663972,1
0.44161268213089727,-0.3910328641336051,0
0.8869218425202263,1.5393021340761737,0
0.8009855586344934,1.6253525102916717,0
-2.9164481381752854,0.4167422270599868,1
0.663585276738708,-0.04185086127221424,0
-3.35725107315799,1.5355998919934482,1
0.8187617431422298,0.9103301507470098,0
-3.647969601341473,0.21611419078799754,1
0.612640678515146,-0.11487573611638931,0
0.8762078470779557,1.4115069486853031,0
-2.66125965946612,2.127627989359022,1
-3.363234510580718,0.7161647397109404,1
0.9093714855952169,0.6846847152428911,0
1.2220868160779814,2.0851949988229155,2
-2.439974750850719,2.1434167834085565,1
0.558152874156495,-0.5845943384112311,0
0.6742638930636533,0.33809386665771024,0
-3.5891048391556706,1.8329166360605342,1
0.48252400922474137,-0.3186692124162793,3
-3.3475085585383124,1.5000832483870623,1
0.4266721038256247,-0.22582101297445187,3
-4.333048896702767,0.665261132479852,1
0.5546142629821813,0.6142197642174444,0
0.8128383405612872,0.8386746373987778,0
0.49020843027007904,-0.38026746845238196,0
0.66804291587342,0.9609354523133213,0
-2.1098902367964567,1.1208056450431365,1
0.6572651124298633,0.9792185092245502,0
0.2833887199504343,-0.5135131621138844,3
0.49052574082823347,0.29900064080979466,0
0.4452834576270949,-0.15836614080730962,3
0.6367090412171454,1.0474206496340595,0
0.6794288847171817,1.1031267851298396,0
0.30785737735891816,-0.8687812283148285,3
-2.082565268796955,0.3459976875862057,1
0.517519279168117,0.45913756103290004,0
-2.2473770999665055,0.9544987056767792,1
0.4256977930943664,-0.09225793925539345,0
0.4796946176988612,-0.21794062093010397,0
0.4494516992377055,0.6261548790676997,3
0.43900679213631716,0.15945658018013625,0
0.5322518105179368,0.4035007444454098,3
-3.1283797509690165,2.011032415791324,1
0.5649732473289061,0.4223923871597592,0
-2.861366536003065,2.730557586702171,1
0.7112047542115498,0.9685397771184467,0
0.8633984591644234,1.4316659780682015,0
-3.4062053659516023,2.350995406544593,1
0.34587561890620966,-0.9302490244373917,3
-2.1672212514458553,2.043362506498019,1
0.5095427546046591,0.031857806699017076,3
0.7978849470450466,0.866374259219211,0
-2.6618316772338213,0.39204922319758034,1
-3.637738195171085,0.7739039992521674,1
0.8671507970388123,1.014387749751563,0
-2.949201390273697,-0.2948713416574289,1
0.5690500546149836,0.3895227938547369,0
-0.4917244986467162,2.3632655622696253,0
0.46248719402310723,-0.9135477935640122,3
-2.159619676101454,-1.3155937969368796,1
0.6835882842777917,0.3427970778352218,3
-2.432261475458802,0.8591892703189856,1
0.5232143560481582,-0.6460374889791209,3
0.6732561477657045,0.32991760479661386,3
-1.2531020828561192,0.10315365813871984,1
-2.744110434263726,0.0596355730746589,1
0.6209060144439554,-0.8554701156848026,3
-0.8569449545818872,-1.0036987518309268,3
0.42798869023235336,-1.2178941323086923,3
-1.0466164011588652,-0.7438583025822685,3
-2.020348961299693,-0.44412646073796,1
0.43455360297411555,-1.24517420706285,3
0.4195632830199755,-1.3209013055652052,3
-0.9927111338410194,1.3544939042026116,1
0.8128357096608541,-0.419160172838918,3
-1.4425142443029717,-0.4027859869640121,1
-1.450583521175388,0.012520985039122674,1
-1.5552929959505368,1.1230721479032928,1
-2.758441481221425,0.9908430695114189,1
0.4360888577870716,-1.3890783036921752,3
0.44668577925429925,-1.0370858572684647,3
0.32449380090500324,-2.3107958903957035,3
0.3931651427249951,-1.8763899167151374,0
-1.9672203738287573,-0.45065345656977357,1
0.4958679010276682,-1.3777859897194682,0
0.8917980349369643,-1.009081422996974,3
-0.7952111251694821,0.2707277053360859,3
0.5648754982930907,-0.7567087932868319,0
0.4871597842682679,-1.5049882463991249,3
0.5846309555195885,0.5044457919109908,3
0.798906275164,0.7635844898367524,0
0.5558012180012036,-0.2216833143073531,3
-2.45649740860613,0.22247007639623304,1
-1.7724816840264224,0.5104698058714685,1
-2.444853085237622,0.2728324963729199,1
0.45933831914083983,-1.369305165964221,3
0.5055066329967128,-1.3141610351713264,3
-2.29888874186195,-0.38356322863343834,1
-2.6115786173411544,0.24717771694521026,1
-1.142770153701947,-1.8177851221266599,3
-2.4547670321634256,-0.15050579954254614,1
0.5886259242928837,-0.7777320102290811,3
0.5465596898549735,-0.9530117411300721,3
-2.590363980396656,-0.697648338877116,1
0.39082215561380756,-1.4084096887481727,3
-2.9985474111379244,0.45104708356791207,1
-1.7487874953293006,0.4817283499062353,1
0.9925050168560655,-0.2552886647104292,0
0.37355562715534296,-1.8088598662375228,3
0.4872382390468814,-1.3041079230162629,3
0.5117134336700467,-1.346632676497141,3
0.4726251471959309,-1.839557068920297,3
-1.0366755402881582,-1.0108381877788386,3
0.5653172372043557,-0.5519490820065839,3
0.547978765865792,-0.501738867664417,3
0.5043935779161934,-1.5187932988169293,3
0.6505020419623397,0.4685877201319377,3
-0.4912144262876217,0.7965661585407435,3
-1.198671323227613,0.4294541614880519,1
0.7161906750985519,0.9287762601964187,3
0.6660582292570911,-0.4810914910977753,3
0.5437590370595303,-0.04680066955866037,3
-1.0197195632201896,-0.21532408892989352,0
-1.1920178635069443,-0.5981918004602873,1
0.7056262825092463,-0.5015092629024235,3
0.4814091402472612,-1.0305419479594164,3
0.9074221912120736,0.20263105392657824,3
-2.0158569383715585,0.458640030653209,1
0.32108575312016435,-2.3306701986968865,3
0.9827231894712026,-0.9358444554115594,3
-0.9324045530835368,0.4980145270673137,3
0.28415435667250255,-0.6590794461617085,3
0.4470901229094337,0.6705095279784001,3
0.05500248283343707,-2.0326869545023403,3
-0.9964574799722309,0.4251258702998159,1
0.15299770423583164,-1.4652307642404439,3
0.4882885959975338,0.16954555570236207,3
0.42520167224793515,-0.03228660777629167,3
0.23746274411941673,-0.9254688690832152,3
-4.427042140180011,0.583596127710666,1
0.19888049246199652,-0.9590499785969063,3
0.5250816556974846,0.20245430973635384,0
0.21851958292293877,-1.4534323648356036,0
0.3649054910597516,-0.7453244002120446,0
0.4570230594631067,-0.33186139841088086,3
0.5096127394033761,-0.34672234230649907,3
0.315568693965696,-0.7164388516853755,3
-0.9411054781144114,-0.5376912586610223,3
0.3943952005762595,-0.06869017926362378,3
-0.9534488870607408,0.19645541448380452,3
-1.4290868057472346,-0.08723196027530007,1
0.1812620357433798,-1.2309288559020166,3
0.2657200967197033,-0.8832749978332081,3
0.059726565425733354,-1.6472770044199507,3
0.23219038665129113,-1.4278553321171774,0
-0.030349075552501794,-2.2357422040922805,3
0.6314003280357747,1.2556324510107197,0
-2.8566420801501944,-0.8179592600566596,1
0.3862884017104845,-0.0476103851175098,3
-0.931254058958492,-0.5933348839986732,3
0.13107870134495686,-1.424338694551413,3
0.42263101829407934,0.04811058419388594,3
0.26163357255429176,-0.903158514245462,3
-1.1645971681374878,-0.1214539731420734,3
0.2553341725437264,-0.8473798513109597,3
0.20627743106843405,-0.41946637674340354,0
0.008009322788172155,-2.14044275621778,3
0.3812811942157612,-0.052197662242626605,3
0.4684244492994701,0.5486194181705341,3
-1.4762512431778343,-0.11288766329130762,1
0.44279373694874846,-0.35786786012512806,3
0.32693786188257806,-0.9138066784729433,3
0.7855154864654271,0.7060275712925331,3
-1.473824295187638,0.6132324497385911,1
-2.3701594492498277,0.1894786914103848,1
-1.5460171785929784,-2.090149622778818,3
0.28393213856444044,-0.49207940125962213,3
0.1405750981673774,-1.7834732653296623,3
0.16773538976414376,-1.435318080562491,3
-3.956891364075333,1.0595231826383962,1
-2.239293730009003,1.4752202354290376,1
0.5678716381808931,0.5200344897600592,3
-5.389568228923687,-0.9739174751862859,1
0.3345040756653195,-0.6682621378953719,3
0.37118159907776554,-0.11183636034265747,3
-3.365750663308381,-0.18012710469724633,1
0.23225695370674962,-1.4846256186071136,3
-2.1031378383208708,0.4449097925592465,1
0.45204402272156274,-0.8079449910483836,3
-0.8141699480147983,-0.8676949841388731,3
0.8327869283323842,-0.29178773798196,3
-1.0582830334391873,-0.3775287672530366,3
0.6522114062932614,0.9070501580145098,0
0.42872324343269314,-0.3930829314271111,3
0.1511010093247495,-1.5031020255077565,3
-2.5229965281608964,0.5396257437950343,1
0.3527078509642371,-0.568159548633781,3
0.5157122979323857,0.35533717485296296,3
0.5747945791895909,-0.003728870246917567,3
0.09489508569872457,-1.9035599270368346,3
0.4524490322870207,-0.23682464855421284,3
0.07318943276446682,-1.8659544950535567,3
0.5204662023498886,1.0353388276886135,3
-2.3699916954837708,0.098711521247483,1
0.46448036027659423,-0.3770121506636449,3
-1.8428765594692154,-0.13251810816220821,1
0.19982306526675736,-1.5020600867876097,3
0.5629475850044039,0.6277083705378884,3
0.22446864974507288,-0.9292586563425639,3
-1.0008080669976778,-1.2507990777262898,3
0.3283120598993704,-0.4592527439484944,3
-2.311540209087101,-0.9584188318016956,1
0.3266963638508605,-0.5911818366381186,0
-0.7024240586635424,0.6183467296616433,0
-1.6677286537169194,1.2413115628373903,0
-1.0400555059352512,0.8215365100446645,1
0.528539255299403,-0.4119754739658467,3
-1.4505492669908755,0.567504426193713,1
0.5240342316758466,0.5378164600679608,3
0.32173327416759606,-0.3366924754941781,3
0.3667857652645273,-0.554205399104778,3
0.21684398653947506,-1.2336326997750224,3
0.15155357549158538,-1.3831746509097007,3
0.20698022458149207,-1.3678347321765199,3
0.20889350338783869,-1.3451046671843039,3
-0.07237783050451443,-1.5479463104791114,3
-2.1688090259038786,1.328873269002134,1
0.31739421490465713,-0.9595314419004433,0
-4.316616321951965,-0.04557266442633231,1
-1.9766826555068797,-0.6223436307312347,1
0.30372966773508325,-0.027706856435070596,3
-1.0548190188135402,-1.1120583287868195,3
0.48203751585782884,0.14482489305222745,3
0.2733408367796406,-0.5447612161529151,3
-3.7876290314410803,2.0709932932105977,1
-2.4044381252780376,1.0304712799897557,1
0.4417142725158779,-1.1741191679716743,3
0.24934183560241627,-1.2872158617150424,3
-1.2652631220131172,-1.0417035729390087,0
0.24417819009948163,-1.3737128416446767,3
-2.5906749209391786,0.1768251812090789,1
-3.168396225513236,1.2553487568140065,1
0.4370442377623279,-0.09367972691231898,3
-0.9582024959797156,-0.6369969965136177,3
0.25620158201576987,-0.9509185311067975,3
-1.925447657449819,0.8952393750533153,1
0.5054905752129562,0.12457478460013173,3
0.24373283733361026,-1.420365102747893,3
0.7461692746912684,0.11543405463334046,3
-1.1043341873149886,-0.4274272752426738,3
0.20149740561189328,-1.4273026570023957,3
0.45801876155292354,-0.8452833935800401,0
0.21499616982163888,-0.9862964874066101,3
0.5990970168105589,0.17478248204916252,3
0.21655955305362468,-0.48110287181021594,0
0.4172866329629542,-0.21237176806419913,0
0.18959336498740048,-1.0012781882931345,3
0.8501815234458533,0.1776052516924047,2
-1.087795689456057,-1.1307500739194347,3
0.4463660321585742,-0.9872496641553572,3
0.43803445242271977,-1.569414466528514,3
0.14652341921328232,-1.7339499546014479,3
0.3079927088053811,-0.6296415628536305,0
0.6507603722060394,0.15611719085130382,3
-0.9288824504552982,-0.40911090204491435,3
0.786148671778127,0.5313754433343834,3
0.26202934059945293,-1.4177356222360544,3
0.22838415900368905,-1.9886202677084623,3
0.39904385719211216,-0.6295482203800706,3
0.450723234393733,-1.675456290572713,3
0.5040975719957256,-0.13135349099212001,3
0.7001431842399297,0.24758733976091482,3
-1.22399672162164,-0.966132949992048,3
-1.2079695236480361,-0.1110828524509681,0
0.2222345319649554,-1.59130894798293,3
0.7228752706502654,-1.7848704237582107,3
0.43269286713778937,-1.9420515691107578,3
-3.2115569797662684,0.4598648427957194,1
-2.2239101065380726,-1.41868826685839,1
-1.5937597369814767,-0.5033977488954847,1
0.3047895316644667,-0.5463690460959357,3
1.138881627968415,0.39880087583578633,3
0.47280075598525195,-0.9115549018637334,3
0.5522594381757301,-0.18359169807584283,3
-0.7439806632235402,-0.5692880701522451,3
0.6460077544766977,0.5193707267344407,3
0.31044919958745976,-1.3164902009960313,3
0.4182995600476387,-1.074376704191062,3
0.34477687735002327,-1.3776538675758745,3
-2.1137005134006404,-0.9361521451845892,1
0.007764613324904665,-2.171331319882327,3
-1.9621601591841284,0.288366505029398,1
-0.8778154467766132,0.1987785313597602,3
0.36236764246631964,-1.10025214267195,3
0.4193777859012789,-0.8937968961565116,3
0.2692761401288087,-1.5195991730349636,3
0.32664199514011677,-1.546246370981005,3
0.7909691536598457,1.1715667354171695,3
0.10694696683802746,-2.5906981560872007,3
0.7520809041054298,0.47584079184785866,3
0.51888051200178,-1.7166509168359116,0
0.5294490722676211,-1.1215422973626108,3
0.6988839906353268,-0.04428807410235294,3
-3.1208285408737306,1.1041258614788068,1
-1.7220470339266984,-0.5176513658202113,1
-2.4403087954691327,-0.49100726618625906,1
0.48327415370836657,-1.2643879482421023,3
-1.5121186571761547,1.292891539810281,1
-0.8054455722611769,-0.5766634896939523,3
0.6465557733046532,0.31826884224115787,0
-2.091359219660933,1.8356644538434472,1
0.6628711301188354,-0.3816037259047742,3
0.5786259819166315,-1.0212460859926378,3
0.5845791417312388,-1.0358681258607112,3
0.5649802700276582,-1.2000127526062307,3
0.29730677427453195,-2.6511916391273127,3
0.302865567977101,-1.0128868664557429,3
0.4896176719210736,-0.35847314534457586,3
-0.7961101106070468,-0.6399706933696571,3
0.6659633336984243,0.5608283295189462,3
0.4598205607824204,-0.17154333699706326,3
0.4499615635779819,0.8181617372428458,3
0.1782156489680255,-1.3824921657418074,3
0.7627346350402187,0.26663995573147453,3
0.33255484591529,-0.1581709602771743,3
0.2666521674315854,-0.9548405966308853,3
-2.745677609919666,0.565778087946508,1
-2.934369683600541,1.897419554215962,1
0.18003747116251717,-1.5557310169681786,3
-3.2103201677409303,-0.2466157602261781,1
0.5918206623981647,0.1974197269025136,3
-1.7389963848311656,1.765594321679403,1
-2.1482595660121504,1.1815152180719224,1
0.1468502464054166,-1.1452100288484768,3
0.8571357173649091,0.9423482318316154,2
0.43124423387795646,-0.5726093503140642,3
0.7783985503256154,-0.010434262016184,3
0.20298962832321849,-1.3601587553054564,3
-1.014363787791021,-1.4763228814027045,3
0.09499242082968357,-1.8307411293182037,3
0.28533047697374214,-1.110952685519569,3
0.8166800307273115,0.2744852700383024,0
0.49047871244333835,0.009371056730718611,3
-2.8013192966857656,0.9588548332614479,1
0.13109839340979484,-1.5585253852296768,3
0.3268849058598816,-0.7355100690967804,3
0.405054906765803,-0.9271764353227409,3
0.4187619140622382,-0.9707570436193199,3
0.37231618683923534,-1.5253897083955157,3
0.4889484385538248,-0.01076092781448096,3
0.2258449667462266,-0.9926372241770746,3
0.6548412053942068,1.2646199380205034,0
0.2980650803156214,-1.1397902084917102,3
-2.3281819391276977,-0.3056642276368245,1
0.18363170698735948,-2.0073156167859425,3
0.4647895552571184,-0.3851651785147471,3
0.2672071660857853,-1.1680194871256837,3
-3.6590490135954377,0.893651058021862,1
0.30944419928526407,-1.5293943705650859,3
0.9340097618100065,0.49618748067071095,0
0.8994991325681561,0.6106901042214212,3
-1.9235975383067832,0.3563013210961113,1
-3.120196172604055,-0.8192610263850647,1
-3.744441385463985,-1.0996923636694829,1
1.0377544114540505,0.6744377411238814,0
0.41358009336497625,-0.9918505023648747,0
-1.9026507703201812,-1.063697152051563,1
0.22081019050916378,-1.4663635550584626,3
0.876168971560859,1.2306794470010147,2
0.20244136670718876,-1.704249622108623,3
0.23736748381537467,-1.5689185916519324,3
0.3484216343189496,-0.4715074351853095,3
0.08259096092112855,-2.6195545195748937,3
0.40364940243826775,-1.1557805453200798,3
0.9647443676744636,0.1873744333772877,3
0.4740043461844647,-0.8416376020184836,3
-2.1149175682381083,-1.2297779946981773,1
0.884624926094223,0.6827397003538168,3
0.5062395927326655,-2.295530254916641,3
-2.660741767185123,-1.2616113014995478,1
0.5614228676243662,-2.0495639545441016,3
-1.1290610863623438,-1.8259053916316972,3
0.2838168849898405,-1.6960341714465634,0
0.6118851222217865,0.9031455617947779,3
0.3075093915406103,-1.4218058521772905,3
0.3823771396963596,-1.070000813952926,3
0.20575508354365252,-2.2041244596453944,3
-1.9490388450059115,-0.15032916437565408,1
0.18985287530565548,-0.5762705929460972,3
-1.986030771613788,-1.1787471814382469,1
-0.9714963742022895,-1.2352697096206429,3
0.3418470628986528,-2.2099497668410053,3
-0.821312064576031,-0.8129523719130782,0
-1.6163849605528338,-1.5819667466685374,1
0.6906174063964411,0.3243919894450731,3
-1.0344945904513505,-1.2283892850327462,3
0.2038151032350664,-2.100841818524072,3
0.44216293085741487,-0.5841132381880293,3
0.263237659045147,-1.5779863909079126,3
-1.7321420749698566,-1.4926192285670943,1
-6.786231058823688,-0.964219194306246,1
-2.2689563569333666,-2.1942781013903145,1
-1.4307722506894613,-2.3626201171192784,3
0.7022217979897568,-0.8879555813819701,3
0.2823513614958745,-1.6380970867152729,3
-1.997295484289703,-1.1047605258498343,1
-1.784555413291471,1.901678357409473,0
0.4244055150406377,-2.2271893615893052,3
0.3617292240100507,-1.4478820264774321,3
0.3468411347326302,-1.4089160935307974,3
0.3963334194035024,-1.3403390418651182,3
0.42939773332962083,-1.0283990528094114,3
0.3355534087509694,-1.3223777884955379,3
0.3127064132831545,-1.3440533013416829,3
-3.7926164509502973,-0.2345659933437185,1
0.3143461209537978,-1.6292541107741805,3
0.15417372936116974,-2.1247158557033305,3
0.3814795812521199,-1.3867348699396673,3
-2.301713546877631,-0.6256422967237739,1
0.600881714837816,-0.4628079294812764,3
0.3271968825165201,-1.8425881650386113,3
-1.0632482974438084,-0.3627557243618258,3
-1.1744567072794312,-0.3783862529682548,3
-1.7609838552342858,-0.6311090073415175,1
-2.201546046326492,-0.4611773944453708,1
-1.1156319605695983,-0.3249283727719939,3
0.1328515382681385,-2.4022328091037535,3
0.6556998350984261,0.5805668015732247,3
0.5137658403892512,-0.48120109701564767,3
-2.3224449806109515,-1.57352200924306,1
0.33512027150628365,-0.9337962515615044,3
0.027833808161827376,-3.156914422694331,3
-1.634763672520657,-1.4446216304382233,1
-1.5243388127181703,-0.7984573808832075,1
-2.1703487652010622,-1.3245920688486759,1
-0.22381241936753907,-2.907294685547039,3
-1.2229129534660017,-1.7761490038115357,3
-1.1008470133173374,0.9962537692576355,1
0.25791394460372585,-2.7615624718379284,3
-2.7469548800317614,-0.7997351598344363,1
0.7493082238347059,0.1352623301310822,3
-3.3049621305392463,0.20151837926906022,1
0.4628813617436735,-1.0962092465106077,3
1.0144558347983856,0.5641503305499783,3
0.4990356441615137,-1.2959284188471272,3
-1.662558463011766,-1.764024907280188,1
0.27060144696237365,-1.2518510989623883,3
-2.756188161977585,-0.09874114858686511,1
-2.342670664588276,-0.683780276733623,1
0.6083379161001694,-0.16074481025354878,0
-2.7530078567783587,0.5508007504271336,1
-2.172144824217808,0.7715084703843026,1
-3.7410878491266617,1.1821810819478438,1
0.5982260900296155,0.11198226889548786,0
-1.03283698514014,-1.6814079445136214,3
0.6286643613707257,-1.6901803013642354,3
0.23673104727253705,-2.3114511079363615,3
0.4264052223127046,-2.2567475443910228,0
-2.8052138028269344,-0.6543869969761865,1
0.6070773195685198,-0.5056586404123216,3
0.32483282153282167,-1.9451136535336928,3
0.46272993466912155,-1.0134103837515083,0
-2.4396401179112583,-2.016353059691605,1
-3.9485740197932904,-0.5748417067460257,1
0.35620737619992776,-0.8306640241429718,3
0.3660711409702617,-1.732678334271403,3
-3.0421642120919588,-0.501492969042328,1
-4.118991460908547,0.5321599330966322,1
-0.902875714731038,-1.0458004942946237,3
-1.771257026103502,-1.8300890885562553,1
-0.8755862805935791,-1.304417213297545,3
-1.1173508430969972,-2.220438916424904,3
0.33970323839013294,-2.099164730123162,3
1.0372390287248334,0.027841231377524835,3
1.3346527845577973,-0.5560993489110908,3
-3.6170436461924154,0.8752929634207662,1
0.22576490500173355,-2.2046126145494753,3
0.36139086492516365,-0.8171190905546758,3
-0.7686501337956775,-0.5427512779230073,3
-3.7357736267495714,-0.5533274536631453,1
0.5374568699515929,-1.242568487101658,3
0.3483609532506395,-2.199203142603143,3
-1.0972481010806958,-1.1931943377091083,3
-2.3041723322476253,0.0861708327563259,1
-2.1109811263456177,-1.7497260128616396,1
0.11694255620182309,-2.5253252919176834,3
-0.9918503626332652,-0.615669569213565,3
-2.845052422665916,-0.4286175154936761,1
0.3098134721139789,-2.1514399141286336,3
0.3574842640022521,-2.0619981302531007,3
0.4126729352400948,-2.1783356945545225,3
-1.1231320230496717,-0.6823938723469284,1
0.4013205729592047,-1.7439567959130684,3
0.20412718121319778,-2.6486578521534923,3
-1.1035731114898126,-0.9787014838754787,3
-3.267410794891056,-0.953827243083535,1
0.6664750474599618,-0.8111677763827048,3
-2.044736162787096,-2.576096882940277,1
0.4062480290865222,-1.4465973927389972,3
0.36977462881599055,-1.4015093184228198,3
0.4838941769520916,-1.7597909649049783,3
0.5383403796994987,-0.5954962761873088,3
0.2340387139061905,-2.223272839543077,3
-2.0863911163659736,-1.5746536157775648,1
-3.2374237803989385,0.07386160055428506,1
-2.7001870401159103,-2.2347123594453446,1
-2.170189803287437,0.018529508449858605,1
-3.2773185095854864,-0.040098525626895413,1
-2.43916772897,1.4133005273330186,1
0.28609440173392575,-2.157190730432282,3
0.9109039163939181,-0.4086106276286938,3
0.46779015413997,-1.4196203149322018,3
0.24268039515612386,-2.49273691613653,3
-3.6494057738268664,-1.2944094317404706,1
0.523293210088193,-0.7734045038751135,0
-1.2463903257250235,-0.728515066953733,1
-2.6705530679466336,-0.6847379916585294,1
0.6205166805216297,-1.4787661178361264,3
-2.4962955252420356,-1.095549542331329,1
-2.4867237041288197,-1.5400957279280152,1
-2.15681005358481,-1.103921108866972,1
0.4411508698272966,-0.8664105848856255,3
-2.5764632616115657,-0.434095447945419,1
-4.8374960890715375,-0.30545267299868745,1
0.5851742320693338,-1.1344334652409862,3
-1.012609810180653,-0.41047777497411897,3
0.24190997004833062,-2.9377110211472703,3
0.6856093349622214,-0.7238305896594047,3
-2.2631522337936483,-0.5092140588188784,1
0.4240491811006953,-1.7135849538165104,3
0.3062459850726939,-2.300662188285097,3
0.5030686719198876,-1.872376444018509,3
-1.1977908128233985,-2.0816183768893524,3
-2.6631278618631957,-1.479599941134781,1
0.24737945052818036,-2.7455185400769886,3
0.33383056172149916,-2.0653569839437522,3
0.19111090980494866,-2.720119634652189,3
-3.3236285900488753,-2.474222545280099,1
0.3014924295960311,-2.2285489396169873,3
0.5178053621869806,-1.1991106676416712,3
-1.0335446911633637,0.3920045945137272,1
-1.801353459428466,-1.8577757000176307,1
-0.5216425488970334,-0.3856085715414184,3
0.6375982062144318,-1.142465337526574,3
-1.4311015014344748,-1.8603016832543786,3
0.7203930305712735,-0.6602422162073107,3
-0.8583190794407652,-1.5132713333848966,3
0.3638036686199349,-2.26319705753747,3
-1.3407086739511633,0.11376442366916997,1
-2.5267675945298924,0.3498744902941277,1
0.7635984826057042,-0.8561543427447879,3
-1.1042487728546548,0.27530690810854586,0
-1.6242185620146925,-1.263959417874775,1
-0.8755281399292622,-2.033651505936463,3
-1.8154530819095172,-1.2223562487811757,1
0.4954674958312413,-1.7701399520049486,3
-5.640513160903313,1.792985064711791,1
-1.311982549805087,-1.0145984226804259,1
0.5487736978655448,-1.647207464238015,3
0.7074922470197265,-1.1231619437405056,3
-1.1670380158639595,-1.5424994946241943,3
-1.2943257806942319,-1.2718099832141854,3
1.201314136625351,-0.03561107435059635,3
0.9827641369298402,-0.6762286430505512,3
0.44469787287600193,-1.9197422704080767,3
1.2420374605098157,0.4391202865070155,3
0.643751687274506,-1.1167293856297487,3
0.5691777888555338,-1.6884143437775863,3
-4.380153882212938,-0.22196237327430843,1
-1.6806668336562345,-1.2894723980947433,1
-1.16822489765545,-0.5113583783002261,1
-3.1844678779987055,0.31952813563844673,1
0.6356365037976852,-1.2169896010274635,3
0.40642663021210934,-2.9777680198362257,3
-3.8640820728522196,-0.4209684767374599,1
-0.8513498371669593,-2.1065877313746424,3
0.640144289891908,-1.7936506746568945,3
-2.0817194789905917,0.3856257724702789,1
0.35192237461343095,-3.008942318325602,3
-2.274741956140274,-0.3680022893151506,1
-1.4992919922961294,-1.086333815592857,1
0.3536469607167931,-1.7057433376518054,3
-3.017495510633776,0.385762460431756,1
-1.7082572378644176,-1.9236840479204265,1
-1.9682279164722805,-2.3424977430175207,1
-1.1256879205284451,0.4931664582376692,1
-0.9161223276109446,-1.0131527016436257,3
-3.6447521859716208,0.9418639605998905,1
-2.434475205789018,-1.7398175743155435,1
-4.186301439890898,1.324700029094029,1
-3.5058362197521933,1.6381902777045916,1
-1.9201450589366447,1.1584188141391187,1
0.2590674751255081,-0.1960346589255747,3
0.38018886252102757,0.6188679749221371,3
-2.392237647136914,0.4595762217256439,1
-2.3466544070893023,1.416645737861649,1
0.43805779174727294,0.4361491495411364,3
0.4066195577433639,0.29792289689148316,3
-2.3563910728663795,0.9873536561912817,1
-2.389146302596558,0.8260395630312245,1
-1.1556920108048485,-0.6902518816734821,1
-1.642950492792723,1.1067335269050982,1
-1.2146150030850809,-1.1837395964827095,1
0.43721825081538634,0.20975092928327402,3
-0.9109816293502402,1.178041666860331,1
-2.921400432810724,1.8587821623015606,1
0.37377197824365127,0.39713678922014056,0
-2.264876079010465,0.6511577857537988,1
0.6848145597275795,-0.09549262295951877,0
-2.1698227473434253,0.6985785108502071,1
0.8630501445573221,0.30207619663478325,2
-1.132607656977559,-0.5415277477520228,1
-1.592890854432728,1.3071444872965428,1
0.34983526309200785,-0.12266062981749239,3
-3.0119498332753976,1.5674811401546098,1
0.2506570953001497,-0.6611846879912195,3
-1.854406249499924,1.3451675865440265,1
-1.4786551519197821,-0.35835278916521585,1
0.41974984913571073,0.23255186917179352,3
-1.316534902370198,0.47829312189772966,1
0.6145417124544611,0.8908514998572599,3
0.052204045592077426,-1.7487220481040275,3
-1.4889476782833206,0.3908791899400943,1
0.3201090380347944,-0.8667301524788803,3
-0.9317819295311901,0.38307179893795495,1
0.2376848410667998,0.15097575860162815,3
-2.6048079024357196,-0.18174667549285736,1
0.05608220808938975,-1.6912118723299456,3
-0.8449571715082713,0.19545521745933656,3
0.7481640942567188,0.24394274207776226,2
0.9613299250280474,1.0465006178066192,2
0.9379516809538699,1.3021875675499963,3
-1.8982996481837495,1.5932441932616064,1
0.5449968467848307,0.7468000549512593,3
-2.2166443625688417,-0.20241704215770748,1
0.5114061649478521,0.37205710718765034,3
0.41370968181711065,-0.305646697546134,3
0.2726806223208445,0.4646384820853926,3
-3.377875606426339,-0.35502232119231686,1
0.434920243051426,1.1390151406592037,0
-2.8303133759035615,0.3818097794149388,1
-1.289087913028483,1.994553832134187,1
0.46268961509297635,-0.24387007929232316,3
1.107615878580866,2.4669833959255794,2
-1.4030773358525495,-1.1093199163154788,1
0.4553593592792191,1.2824582235272641,2
0.4072994694402892,-0.36282968267686116,3
-0.9450658093172504,2.084520935673877,2
0.319657542477872,-0.5194504392950042,3
-2.2037293398517273,2.1227107265943443,1
0.4479342635775386,-0.09347033627983861,3
-1.482023352745811,0.977733426955111,1
-1.5781241294760493,-0.04519119289922865,1
1.0160883065699806,1.3776032378770244,2
1.2453455749386784,1.5619188487858169,2
1.191958536458701,2.7830416796416113,2
0.9128269908613567,0.8067220134775693,0
-2.2346044769969544,0.7081564701101946,1
0.9197877078199378,1.0828419015210657,2
0.5290347304614712,0.49414154862230897,3
-0.8288239811781402,1.399553856541127,1
-2.461014868433417,1.0232374766409194,1
-0.7327590227296987,0.7364664612393589,3
0.5788690499318244,0.03130702235997362,0
-1.7896699239136458,-0.9462564157052206,1
-1.18388770960579,0.5768592372922157,1
-1.1648213435220913,0.42846581679681023,1
-1.1769024424953654,-0.5015627629249853,0
-0.9486370689551029,-0.5811621412737882,0
-0.9829105892086444,0.3873481616475241,1
0.5536457219602517,0.565220034182009,3
0.4469470124483145,-0.5036223007202519,3
0.46137984202448745,-0.32360564671695174,3
0.5559967549657291,-1.0033384065418864,0
-2.3606828214731355,-0.33846283896788937,1
-1.3973729773564048,0.28917419031334995,1
-0.30425041640431677,1.7313661082305365,0
-1.1883076841394618,0.3930973663889567,1
-1.194215628220223,0.554939276054273,1
-1.0347003588675894,0.867213872710218,1
0.7310003551916704,0.6078302527966217,3
-1.173669145607052,-1.281972837293524,3
0.6746910884633438,0.5370293188313264,3
0.7069950128795423,0.043447641685818016,0
0.8191258369935291,0.7763938118766719,3
0.6296210457324438,-0.33744775810077315,3
-1.1289226240713932,-0.27547951751007355,1
-1.0048752593536836,1.3549099372305842,1
-0.6903413713202603,0.6387059393987641,3
1.2594422912418421,1.1695527111251949,0
-1.2114257189872948,-0.45245476185849065,1
-1.4416903457819314,-0.9925788693311678,1
0.2736284515893795,-0.19889515143803493,3
-2.3829084264622034,0.7411064106911681,1
-2.2955119990440265,-0.5070739838949482,1
-0.9389183491433561,0.07216127102878232,3
-1.104447875518961,-0.11572497560114745,0
0.4201911504177886,0.18043546386030768,3
0.23851272811056282,-0.8818809500829784,3
0.5825421799011019,0.7030451390202,0
0.3302385046949446,-0.8190982136177134,3
-2.5072150361032213,-0.43220949727970387,1
-2.285749618235512,0.04813509584646759,1
0.17587325680930593,-1.458742240446578,3
-2.304371631958879,1.3315832315470006,1
-1.586501586179757,0.2559526499673073,1
-0.35878949812195277,1.4491211234275025,2
-1.4497675914144745,-0.5102487499374044,1
-1.1886428774113715,0.6709400002931775,1
-0.8681035322856068,1.633648655777557,1
-2.3302771120948003,0.1940961537535838,1
0.4514249959221425,-0.48564391348106173,3
0.2766646757191119,-1.0035082376329332,3
0.597785634272291,1.4393072841799774,3
0.6277801089372186,0.25351427344899335,3
0.5761846334620975,0.252828838046896,3
0.7282705747575876,1.0767332667459857,0
-1.4743993796692043,-0.5504965424671839,1
-1.3636224248084006,1.367448528136484,1
0.27404934897428485,-1.436064628605022,3
-2.5664869263959345,1.5351056659461573,1
1.0355052324099931,0.8692687621607627,0
1.0462143547203615,1.1508633367670902,0
1.079266479689165,1.399486862737198,2
-3.275254169520546,0.8248794180445721,1
-1.031720657439041,-0.6480966773096573,3
-2.162818622133988,2.1223622282494636,1
0.5059755956581442,-0.08712651698342176,3
-1.5146467568020408,2.095953542340961,1
-2.361632265259033,-0.9100757277958885,1
-2.655155255300229,0.3675319269255056,1
-2.0021002097753953,1.2869351944547844,1
-0.5534701637861985,0.07464498472366174,0
-2.988136858953383,-0.032661162283266,1
0.37295325949205893,-0.8516746678247409,3
-1.282155752696766,0.04722741963788377,1
0.45524558420692146,-0.604920437568049,3
-1.4998186366961606,0.2441962914133074,1
0.452532816665133,-0.41955734985553794,3
-2.813924979695788,-0.7016055690749521,1
0.547857480193906,-0.5745400901843319,0
0.5195388194993869,-0.23750506366510554,3
0.5816037038390738,-0.10057847047502548,3
0.6113337094853561,0.4012001604251401,3
0.2727497312906388,-1.6878011920673253,3
-0.9235890993921697,2.279328411074359,1
0.2117767484789302,-1.6397609578216918,3
-1.5342174247782134,-0.6090323526268462,1
1.0869945191107455,1.1597281532994947,2
0.7641015726590209,-0.26636386747231783,3
0.5235877650956172,-0.5746744366947238,3
-1.2774969899758564,1.5012893411983401,1
-1.2246510208900434,0.4072839433399315,1
0.569285812265347,0.9840549269341967,0
-2.4605009811793597,-0.40417221021912125,1
-1.1153711133837871,0.06047503518746708,1
-2.156043605760016,1.2831443583487472,1
-1.9996352305316367,-0.9765021559444028,1
-1.0015090962240216,0.27178972200797624,1
-1.3812889483703876,-0.8132585012625404,1
1.1862236409372526,1.534829056281225,2
0.5183692678916584,-0.31867255788140436,3
-1.476014300047334,0.15436572543546487,1
0.7551380350430281,1.0095467066960409,3
0.8749060025131251,1.0455821710596165,3
0.46791297596981035,-1.08643315653464,3
-3.243638796386381,1.6286656590008746,1
0.8513641960882319,-0.02697209506540291,3
-2.2016507692184737,-0.8355797506729127,1
0.5712886033236544,-0.6387923274138005,3
-2.512317406563968,-0.9822707657524913,1
-1.5373646649408363,-0.3685043668591819,1
-1.2189471314137046,-1.1106171220539245,3
-1.4210964454459645,0.647439465059433,1
-1.4480919110874722,0.09033396107446706,1
0.9402036498720716,-0.44757073102535294,0
-0.575043293068106,0.7603547916192224,3
-1.738777316448726,-1.1943544348194786,1
-1.2034976232428618,0.051715177465308716,1
-3.1931193335431205,0.10559235993834887,1
-1.1879458059409935,-0.369834739589443,1
-2.0763336741261464,1.4503000364632816,1
0.47811255394785224,-0.12977445601264176,3
0.6450894125776374,0.08776570781415573,3
-1.250553279261171,-1.9742538228618485,3
-2.28834733881926,1.0107872085604275,1
-3.9147028181815813,0.2074901101059264,1
-1.607927151801608,0.6977583167126037,1
-2.37731793123771,-0.43666536377690895,1
-0.7559517129887815,1.293265353825456,1
1.0148095903519527,0.5654987716622114,2
-2.882764384923159,1.4255836036133995,1
0.8234320548074535,0.7256275281790504,3
-1.5090285612517802,-1.826028917089967,1
0.6389680733101025,-0.4341116269181794,3
-3.0216470761125303,-0.4442404675062213,1
-2.1403734662776777,0.4108795014549661,1
-3.9044809698594363,1.6693807613773914,1
0.4775046909996101,-1.0763199615218215,3
0.7987638880741529,-0.24154698254389748,0
0.554413507232276,0.3881056740583116,0
-2.6755396993405354,0.8022676803038332,1
-0.6581466557328176,0.7337475716600071,3
0.4589672986891532,-1.0981515920843394,3
-0.5059472651341961,1.1922206346889337,1
0.3947064079895193,-1.4275317887935217,3
0.809278604330369,-0.5837452752210844,3
0.8189575805758608,0.5318580625525923,3
0.6736906076828905,-0.08741722474104532,3
-2.600139981320254,1.4431142213840515,1
-1.2010243123275097,0.04877455888827862,1
0.6567068585024541,0.25184662380010797,3
0.5784588481883156,-0.6088460203954971,3
0.5758179136735971,-0.45146684103910945,3
0.47846460186936957,-0.5285274068572287,3
-0.7870287170611036,0.11196761793271019,3
0.745212217777976,-0.6098389907349792,0
0.8283543876683975,0.08526777436056877,3
0.6149484711213016,-0.7171171121560347,3
0.8856630809511932,0.9372836875087993,3
-1.48076462647334,-0.7245865424059775,1
-2.902034966848808,0.2657354628068734,1
-1.3201679189958655,-0.24732821986737727,1
0.47506809985411774,-0.9199438282881469,3
-0.8767554899523309,1.0301313359884674,1
-3.383431786798069,1.4800794736363798,1
-1.68209450972919,-0.13341876400226252,1
-2.2030597178680327,-0.5761029003062332,1
0.5200741025089656,-0.8870335844704004,3
0.5885043736201134,-0.6207105006410214,3
0.5122634600743021,-1.177703699716374,3
0.7581480612641963,0.1627823979350948,0
0.8682823926551362,0.7533468528902857,3
0.7428365048383881,0.22036023742256092,3
0.7592089365535023,0.002243596651464783,3
-2.7372486894446246,0.24316038574021923,1
0.6559214248866808,-0.9664883863226453,3
0.557375936100842,-1.1814064643212343,3
0.8519534573565725,0.2526359386845401,3
-1.864645124891923,0.6659636490925473,1
-1.6882677898041039,-0.8732715528620472,1
0.4014778766658278,0.09988494536973265,3
-0.05884803878408553,-2.2335295589783786,3
-3.27855407855249,2.460889935643186,1
0.28033492346902517,-0.4569530457746158,3
-3.883964618359099,0.9233309349471913,1
0.3705226394190864,1.0663948979829732,0
0.5613545197430507,0.6164700739817103,3
-2.2508839666472635,-0.17074409890045025,1
-2.640154083232196,-0.1925209342982948,1
0.205374247513526,-1.0223413876077656,3
-3.1638800444021142,-0.3076797089128646,1
0.8835556993409588,1.2411371672169842,2
-2.699958727805872,0.08774758375961517,1
-3.20069002417614,0.32964696643321484,1
-1.382626115310963,1.049577588304661,1
-0.9729419083160921,0.5214994356598005,1
0.3934594884602791,0.2241602187733612,3
-1.0891108963742597,-0.2344498947129524,1
0.16252706482276486,-1.494232427748321,3
-2.279908642424134,-0.4904485574048211,1
-2.398813313214225,-0.30723869783175034,1
0.7333061420555206,0.3793370024271841,3
-4.357842931087416,-0.05926364054665896,1
-2.1242744809049783,-0.49721107701553585,1
0.38417711098517326,-0.5913953205534763,3
-2.3623543312044855,0.06434772563688518,1
-2.6795144496052448,0.18924983170334567,1
-0.46314958962111225,1.5099583132810062,3
-4.2573124649778045,0.4001752177826314,1
-1.809760454931103,1.0062571924342671,1
0.6148607862128703,0.4242593607833243,3
-1.5655094706402959,-0.6861336303019597,1
0.3428939086171577,-0.8600608783340264,3
0.107193514795702,-1.7553853791812466,3
-2.840689128483914,0.22560476403560342,1
-1.2369850802978108,0.7089354255213807,1
-2.0554994834928912,0.0413111020616454,1
0.12371670225973413,-2.0857472520218847,3
-1.5839857709363538,1.0555920415530238,1
-0.5982130596540626,-0.2986335288182082,3
-1.7049389223851246,1.3192943586016828,1
-1.9588407499861544,-0.6080416412100714,1
-1.7402287587425662,0.7731444960128946,1
-2.5830832677888873,0.19244802539389136,1
-1.5885362840149855,-0.6783516379507231,1
-3.1249157119814313,-0.5295882059196549,1
-2.882818351120295,0.02952095982372665,1
-1.6808052911401503,-0.2814627786978083,1
0.9079134761977115,0.6858884666543676,3
-1.214354363731049,0.2700559901634228,1
-1.442950445954198,1.7073849175375193,1
0.6110071860182402,0.5288019856320643,3
0.8928018467494694,1.1113770270617929,0
-2.433929112809168,-1.1371051630769222,1
-1.0634399462759545,0.3832380825350039,0
-1.272587674304888,-0.27306466295826115,1
-1.5092897133948295,0.63399490034651,1
-1.0659644815772302,0.9419993808478219,1
-1.1201982945615998,1.4936409381305435,1
-0.6305313330885408,0.8177272817507786,3
-1.301997054044008,1.7022466745589417,1
-0.8583048344461613,-0.36087069971363384,3
-0.6320907631460726,0.48309949945384856,3
-0.693922540886616,0.13879970372120692,3
-2.090212863377436,0.6316713623316672,1
-1.0823072284958306,-0.5809826681359477,3
0.5059830308938665,-0.039712715250080466,3
-0.93943606728104,-0.7710316351874462,3
-0.9835830957922804,1.0462190832571696,1
-2.4595943804363576,-0.4908183509133825,1
-2.073586116475521,0.8129827692334175,1
-1.587149991003202,0.6925283924080415,1
-2.2114085708195654,1.1260926086055414,1
0.6912965848142978,-0.45544973915127185,3
-0.8374405481726889,-0.028844975421849908,3
0.6411346417812728,-0.5309273329355835,3
0.3427622054751397,-1.1246136957186728,3
-1.566230829844547,-1.142301186745575,1
-1.9766479281729465,-0.12949088372928666,1
-1.9970443172539052,0.16509788755842902,1
0.9218919312447461,0.5670534148425781,0
-2.0951430566198748,0.015136556232720248,1
1.1982002367970481,1.7354940012521938,2
-2.15283660805124,0.07694153063394593,1
-0.6863585625345134,-0.30814727806299314,3
0.6096636554341287,-0.09120283934902786,0
0.8200484636848329,0.14317764769475066,3
-5.092417671668715,1.1916674532552036,1
0.5169003467193994,-0.5133515985309771,3
0.3033321603849367,-1.4610917883608838,3
0.5129886339093621,-0.37159627349422825,3
-1.28787221993628,-0.9205903584764737,1
-2.1842446028536275,-0.6391871576256717,1
-0.586552881692684,0.2746332942266415,3
-2.2789440752584955,1.2893672531009988,1
0.6957591492940667,-0.0018739279846271295,3
0.790283235333042,0.7730137640333121,3
-2.073392926037028,0.43994460351568376,1
-0.7303876155755786,-1.5698196082011038,3
-2.359014279979565,0.00128101257214659,1
0.28364674477008994,-1.5329862311416518,3
0.15010308840688275,-1.6226437031666907,3
-3.3116541198516485,0.8431713243995582,1
-1.5325357099984838,-1.6402017043540735,3
-2.4626788962602206,-0.13384595497182036,1
-2.3961217590317085,-0.7564127520301372,1
-1.5678593639147398,-0.9599361295024474,1
0.4533639059433501,-0.035795001010650127,3
0.28596834328329296,-1.5498651905411869,3
-1.5270343264557986,-1.3836165665092433,1
0.6087981696843188,-1.2798716473498757,3
0.17177259507848758,-1.9908749048810568,3
0.12923448340430638,-2.4172223837561813,3
-2.2500595519149775,-1.002709666015642,1
-1.7977841179077798,-1.805892891103996,1
-3.6701865360532397,-2.086043492989141,1
-1.756338276794752,0.48379287237952767,1
1.02977796356277,-0.18240256432653018,3
-1.7980479895601291,-1.045865790634557,1
-2.869493429118652,-1.2738711420393531,1
0.490108939411337,-0.7162445670903717,0
0.26598494913649634,-1.9671122732620299,3
-3.089246383274893,0.9273621592864869,1
-1.7394431361717688,-1.0873366785976308,1
-1.2608939821661345,0.760414548187734,1
0.43631634886616244,-1.4268550672629294,0
0.4477599983444196,-1.4833778260416868,3
0.9861219065938023,0.2635844752455902,3
0.7438625707783983,-0.5619600094598348,3
0.6087943019196492,-1.2911864745175947,3
-3.4215676793562397,-0.16072602195630867,1
0.4172898849939062,-1.535734639392181,3
0.5457302190599457,-1.4881101927613962,3
0.4854057960051592,0.01813047136194484,3
-1.5323355763247501,-0.9562961483679798,1
-2.631954395499407,0.435313345267868,1
-1.7782826432889984,-0.9511355167110896,1
-1.7907385789959671,-0.8225423031473028,1
0.5766028664180732,-0.3617527866932762,3
-1.2505681378464528,-0.060650114824541156,1
-1.7677220914160858,0.14247946563139782,1
-2.649972479880355,-1.0871696311377155,1
-1.915777156306063,-1.1155108830747447,1
0.4269831571917743,-1.2364289173465057,3
0.4163272355853659,-1.6699488176386759,3
-5.644968879754495,-0.8141917943111304,1
-1.5198421123613686,-1.6683144792039981,1
1.0353311949236226,0.135556167871153,3
-1.2908553701810286,-0.7790208366551982,1
0.605523569143351,-0.9062546575378324,3
-1.3400383817151542,-1.1107034739557886,3
-2.6688650115232933,-0.8928337735643762,1
0.8011297486693513,-0.2872238775695849,3
-1.5317510469144788,-1.6879276546518485,1
-2.655633640602376,-0.02694394757221636,1
0.9729878766173585,-0.6080901182184548,3
-2.05000128872391,-0.2321312632816938,1
-1.2324750507483118,0.1664979868310226,1
-1.270134683842754,-0.1672079325671037,1
-0.9949336331746955,-0.03205890053419841,0
0.43402812949272257,-1.4177655700608949,3
-3.13671868062023,-0.8114918032462833,1
0.5708619405207793,-1.7037342519416,3
-2.802698364402908,0.11616930988410146,1
-1.9677869651159896,-1.6008057759738075,1
-2.4479353119653027,0.08910629173484522,1
-1.1151205543478047,0.0027538491331971547,1
0.7270173488951363,-1.2829854271056964,3
0.6060053307068671,-1.838637456637933,3
-3.1682261426582756,-2.2889073794924895,1
-1.4587547013136473,-1.3290927868059839,1
-1.668224492151867,-1.2327504651772325,1
0.5361109623632567,-2.4836288735985517,3
-2.6497800936749134,-0.449195144355442,1
0.4660733845179973,-2.1932321297050477,3
0.2526144145196611,-3.2246566613551066,3
-1.3566792233715843,-0.8508491448842777,1
-1.8395664446505386,-1.6189717503008714,1
-1.5259390771670371,-1.4638758403229353,0
-2.7066589151914937,-0.3155545043419581,1
0.7452498433952395,-1.2523972419383618,3
0.5889307377369848,-0.11696299976824329,3
-0.8411521384374044,-1.0352195769731336,3
-1.1488192203798975,0.23591334718209198,1
-1.4719081240520613,0.2538295242805781,1
-2.841031522862647,0.15015469974948845,1
-0.19137693884928642,0.6727842314775992,0
0.2938333244084389,-1.841687423144664,3
-2.181655888318769,-1.3031682398357283,1
0.3982604199649772,-1.0459524940117144,3
0.32325972063407493,-1.946091371199812,3
0.21671879740960515,-2.1279732841822896,3
-0.5878381499137149,-1.1025245464369988,3
1.0277999804240099,0.5128422725482679,3
0.33436845928042314,-1.7890134725551676,3
-2.622209120078275,-1.4301697117701817,1
-1.7004755686066362,-1.5329078689632756,1
0.6026283976748926,-0.722362648605961,3
0.16731322468542348,-1.9417381755092298,3
0.2963447515909234,-1.86399743785021,3
0.6271455619379552,-0.7370275739041028,3
0.4898034553279581,-2.3825492195455635,3
-0.9050483205172731,1.2515615677394447,1
-1.88298802365691,0.3026701332472055,1
-2.5896558225045285,-0.11144047836284993,1
-2.411201650484417,-0.713096938501245,1
0.4910120837675534,-0.4236982628492334,3
0.39597675978734637,-1.3805250580147128,3
-1.815026233061209,-1.0811057601615974,1
0.5889029952382566,-0.4266135092993108,3
-3.0699694763370147,0.9292730896785039,1
0.4237813879370729,-1.372002222267328,3
0.43734608550870757,-0.9406741689163702,3
0.7535711858852776,-0.01880144102312423,3
-1.4166491629537163,0.695007815788894,1
-2.040415038079677,-0.12829419593746663,1
-2.255434345517608,0.15483534650924516,1
-0.6730835488208529,-0.1479371871392252,3
-1.2131089459150526,-0.24401170481977857,1
-0.5941643063453339,-0.4887558933994841,3
-3.397623105059358,-0.2934367171080782,1
0.6600988652345006,-0.7572771753156371,3
-0.7284374940728517,-1.1293805960315628,3
-1.4012078712317433,0.10795547369387828,1
-1.0742040304476355,-1.1816906597803176,3
-0.40095193688439196,0.058335435334607194,0
0.5549765825514437,-0.9690276532286235,3
-0.4511258114583015,0.16708303492428686,3
-1.2371864223894664,-2.7252441055109764,3
-2.206097379097523,0.6491226642336941,1
-0.8059933310775799,0.12178415221978031,3
-0.9770433958157426,-0.07146157985443413,3
-0.7717572577512892,-0.16333960606089667,3
-1.7146998640042916,-2.5304609438497594,1
-5.347618479101446,0.8328911618859614,1
0.6333025191306187,-0.5436665535463704,0
0.9085397789661627,-0.2467511294520335,3
-0.8279687045610912,-1.9932261007109933,0
0.7211392208349706,-1.3827069831572105,3
-0.48108337048189015,-0.9235107071986638,3
0.698969494652276,-0.7758679366720221,3
0.5356583124280269,-1.5764169614730301,3
-0.8745828807373921,0.2004123351593061,3
-1.1699670429779687,-1.7079146506618106,3
-3.6770652498495,-0.8769090034688752,1
-1.9282594890353442,0.23247165495667627,1
0.6340778291998684,-1.0346558531865668,3
-1.3198329454794424,-0.9036757203962064,3
0.8149547128500885,0.026011598737438548,3
0.5205621245819206,-0.524777009881046,3
-1.6892261831770523,0.9170215062765347,1
-1.0025056136055004,0.4203782332552532,1
-2.4681512764373554,-1.3587603187552884,1
0.8826512762157966,-2.1589206319202434,3
0.5117480560838271,-1.0424146346280878,3
0.45622561866339134,-1.111767665968734,3
0.5969511461200844,-0.7627535696665714,3
-1.9933826016306122,0.29718523468534797,1
0.2844023070053016,-1.2065158089111414,3
-0.08879102017593091,-2.814665480430767,3
-3.2092336543242626,-0.23782053666014788,1
0.564372367803384,-1.0182715953670625,3
-1.8258422126746765,-2.0420540422386413,1
-2.8281349760444088,0.23748139247267608,1
-1.0800473670500772,0.16619470713990334,3
-2.63361478352685,0.2601100618125667,1
-2.1886001035738025,-0.2619925784623311,1
-0.8886047362236664,0.45904507395021005,3
-3.6692106563512232,0.5733338675772971,1
0.35454563557753355,-1.3643250822227315,3
-1.3558585568599664,-0.7546446741892189,1
-0.8274766484660794,-0.013958703440792123,3
-2.562520093758319,-0.5789902050321541,1
0.19931327619126,-1.3346363877257872,3
0.43724299674081335,-1.2471625043192314,3
-1.2439196383291204,-0.438301502273473,3
-3.3775018834129655,-1.459604092423965,1
0.8609196396336314,0.3748930183718712,3
-3.3835729380999076,0.6980249718279071,1
-2.0901888973591074,0.30985718849789834,1
-2.6503528478709613,-0.7376830729313182,1
-2.7374619019345143,-1.7713932561809203,1
-2.2958061807962284,0.5823883845497715,1
-3.3735031860746423,-0.5672619366009938,1
-2.600932693278598,1.1608096644779038,1
-2.1753708792638813,-1.3995641760605735,1
-3.475989451689934,-0.5479793154917624,1
-1.1198108089944865,-1.4308063138451699,3
0.3809056591959055,-1.3338536600982063,3
-1.890838041045525,0.9533435312743559,1
-4.536792169846003,0.44841065279989545,1
-0.6813494120593003,-0.017544122197143974,3
-1.437516849038014,-1.1140914602764984,0
-1.5101997426133968,-1.4570641297192777,1
-3.8437942438318218,1.1339018299582444,1
0.8610437429391409,-1.007539080246065,3
-2.7218782455121038,-0.7181299710908579,1
-1.30554850736765,-1.0280801116322422,3
-5.0609009599142905,0.9378102089114579,1
-1.1307169176051342,-2.0537806644775336,3
-1.7144786923551982,-2.4847814112649242,3
-0.5494540823242869,-0.16977643695662384,3
-2.45206975663487,-1.3296423565491697,1
-3.0630706656369413,0.36147542753626655,1
-2.766668011170495,0.15060170715647223,1
-0.8526829001245834,-0.36035491343978926,3
-2.548917845008769,-1.2603769987710933,1
-1.146399465302972,0.7276509721953635,1
0.2862848151072821,-1.8038017131266588,3
-3.3511608185563846,-0.6175070405943002,1
0.060469630234211987,-2.7104739493797623,3
-1.6788509733062733,0.0308498366131763,1
-2.202775568229935,0.24723806934638484,1
-0.90461916340922,-0.7188566157141226,3
-2.322614620507695,-0.5055210010616956,1
-1.4466542511980052,0.18854827550433467,1
-3.0834695024570458,0.6745651053340962,1
-1.4429858797443664,-0.96360044270129,1
-1.2815239415375,-1.1883500874307393,3
-1.7681206348999838,-2.0889513916287235,1
-1.2546421152841813,-0.22029482690728386,1
0.6372409297138671,-1.2453830955433798,3
0.40278679288738434,-1.4576565275027489,3
-1.297779530881118,0.17043123079371778,1
-1.7913358382075495,0.7790201550651147,1
-1.6443144426210483,-0.0465556539691656,1
-2.5391550646269643,-0.5804731687654723,1
-1.3491737926720084,0.8145697081192094,1
-1.5182292611271624,-1.639997486194901,1
0.512164754625894,-0.7037022567181916,3
-1.6475930337031113,-0.31180131817271983,1
-3.1300920108782555,1.0746988036582237,1
-1.7655347798452214,-0.13112256774790726,1
-2.3604859419954862,0.0014933685297956391,1
-2.8799015364731515,-0.5344044735468448,1
-1.373758781692181,-1.581049701295083,3
-2.019389821811283,-1.4448656671089837,1
-1.6274915120890703,-1.8533062426294808,1
0.255353167489332,-2.080698177340141,3
-2.1063226062542113,-1.7957139248874627,1
-2.4109390156316235,0.009769051762883242,1
0.4158726613672132,-1.4307252739397691,3
-2.928019550593582,-0.8512380966442342,1
-0.656384178083263,-1.1991652109249948,3
-1.8586203598614501,-1.1252136728811886,1
-1.2080002575665918,-1.613128613097282,3
0.5197456262574247,-1.5304926318864167,3
-1.2869821254581901,-0.8509245607762113,0
-2.1884264034575933,-0.9803139740280439,1
-4.665947598984589,-0.20494784145305575,1
-1.4820759326402233,-0.25528624227407565,1
0.5950469668063334,0.22965601838298996,3
-3.6784238646801524,0.2524837659967013,1
-1.2193609600195745,-2.05550853872365,3
-1.5532710317446519,-1.54152774533764,1
-1.297276928074042,0.10566607228383638,1
-2.204849533409174,0.10569777499555134,1
-1.2035305855659133,-1.8145043783212218,3
-0.9445110094497376,-1.6739044538577357,3
-1.4612067663711612,-0.1218597528579019,1
0.3952915817189041,-1.0360951161959904,3
0.37545810535550017,-2.466952369716425,3
-1.8211700522907053,-2.341989804633437,1
-1.0689598718806697,-0.813348568844474,3
0.979360246637383,-0.9851067878211844,2
-2.5575055269961062,0.21007323960102378,1
0.44361364784479235,-1.0946273801502304,3
-3.549744168869635,-1.0029937780765117,1
-1.0301753108521683,0.04119248185962112,3
-4.754867860490873,0.5431294298371434,1
0.5063182966504639,-0.16866682992393517,3
-4.282554396364484,0.08154696833785981,1
-0.912794577668159,-1.2769014149624955,3
-2.753880651493727,1.062387953664134,1
-2.709659630522507,-2.3922716797550008,1
0.9557344897395339,-0.14737500135521886,3
-1.0454990766459973,-0.05116084041402412,3
1.1910759292854516,-0.37930916463695175,2
-2.535479210379699,-1.2720580937204178,1
0.16216566418042572,-3.2515157505692454,3
0.4617147909794958,-1.5624551230852566,3
-2.104806347362384,0.6426148704200545,1
-1.925333674971769,0.06158396148641725,1
0.6461573061206662,-0.8620620004037209,3
-4.383632827649175,-0.8622640929562836,1
-3.212373763710907,-1.098006345204178,1
-3.3923248310302756,-1.466236451129504,1
-3.452163021815732,-0.15020379111284063,1
-2.7973857988494335,1.758065431546264,1
-1.888190589354619,-1.5663385945327915,1
-1.4496476215754481,-1.0674297843214693,1
-1.6941001897665788,0.14779522287540003,1
-2.959809644198071,0.39472843275470654,1
0.7247532428637462,-0.4166615116027717,3
0.37070285722609003,-1.9190754515022739,3
0.6101970256304972,-1.3150356870587692,3
0.5914897418226619,-0.9899830883547587,3
-2.2021712472047716,-0.7097373558825667,1
-3.7009017901902412,0.2917683998002014,1
-1.4350338837791599,-1.0969508551908034,1
-3.797805005489952,0.008263066833936898,1
0.808718062692157,-0.3547819679530521,3
-2.0392534881535544,-0.8962941476982866,1
-0.842955263879583,-0.03136413445778177,3
-2.055628743005566,-1.060965121630326,1
-1.674603515422022,-0.43153896831785704,1
-1.8459458124742758,-1.707056456213872,1
-0.7873188624292139,-0.9872633406875818,3
-4.123974684714936,1.4398116212055743,1
0.09949135330027209,-1.7990779685961316,3
0.22159450710848633,-0.9556352771982474,3
-3.4268815542939346,0.43219691744149796,1
-1.5969154307194167,0.16036962679428757,1
-1.9428005844671092,0.3104598732035915,1
-3.038742067072998,0.5364294050695368,1
0.34650916774534163,0.02618743079562302,3
-2.5116080664661347,-0.561633742729776,1
-2.8827017729046105,-0.5500702142766031,1
1.0359416388503502,1.5385619351452622,2
-3.0227801529368366,-1.7688003335284752,1
-3.103499320922308,-0.24384077108017718,1
0.43060193718842826,-0.2184033842126687,3
-2.670876406366246,-0.6308743707273257,1
-3.2083540621678672,0.796626232029619,1
-2.717413505711581,-0.0694172361653847,1
-2.7691310474419675,0.726518729304844,1
-2.648599683585256,0.16621017797801635,1
-2.8414793581335123,-0.7377001862301688,1
0.3126087834476452,-0.01946827835059287,3
0.31834583193622834,-0.47992530984624876,3
-1.530198093120321,0.26848426355674315,1
0.5557727607908646,0.412891111547189,3
-2.917948561427131,1.2785375060029667,1
-2.6459509559493224,-0.7106035395396171,1
0.22180683050943245,-0.9670084728851746,3
-2.4783841130124675,0.9314628138517788,1
-1.7594715578948923,-0.0072627326612411764,1
0.7124419045071873,-0.09987372422385782,3
-2.991375737463244,0.1702852528158918,1
0.5354138536756563,-0.28357414419973687,3
-1.0557505047741051,-0.44599915924782496,3
0.2606131810456799,-1.261665008597804,3
-1.7804615234899221,-0.4440705335635867,1
-0.6347218601282056,-0.3286833636372348,3
-1.6886153938649926,-0.8417446344336494,1
0.5923398872612592,0.41662942801053043,3
-1.4442182991293413,0.4473370939377765,1
0.19599573111814167,-1.3492244375858704,3
-2.32282232987093,-0.2928152413692292,1
-2.0894369378325415,0.6608487573685563,1
-1.2607084651092,-0.4662578600751033,1
-1.6606826730823325,-0.8114922734162363,1
-1.6275632600389947,-1.9456472140018306,1
0.22230627832269384,-1.295854370309613,3
-1.7373763681649095,1.5434960997663765,1
-1.2671184077008952,-0.5026288445145393,1
0.6439144294161403,1.166852745061375,3
-4.431611544185585,0.23956672075797425,1
0.38721538813597967,-1.0395855973062365,3
-0.4824389601922419,1.2630934855176204,2
0.5115075706154035,0.1865359600531557,3
-2.927982762676851,1.1449768064392114,1
-2.2950755747851397,-0.31509584585077943,1
-1.514505580743565,-0.22898813484877517,1
-1.5700478674565104,0.3911231195271109,1
-1.1607520090633405,1.843648819967496,1
1.0616216864419499,-0.40660374943911753,3
-2.3057055517774363,0.8566228998936232,1
0.32685314227026996,-1.346620690258153,3
-0.535665563748181,0.9499480872569059,3
-1.605288549582,-0.030705474409765034,1
-2.160624603832617,0.7771838850254168,1
1.0529599108638763,-0.5119443185406877,2
0.5968680510662638,0.0023153231241614925,3
-2.2033340103411745,0.2072585502248988,1
0.45625327736606297,-0.6147557563282859,3
-1.7591607042091313,0.6079566043936554,1
-2.8604447777260646,-0.09211518857130142,1
-2.330468385873531,-0.8963725924576543,1
0.4833787641455966,-0.6479911753507971,3
-1.7458797133767074,-1.0908122749506468,1
-1.7114439012391263,-0.06219528342847139,1
0.3348004351630093,-0.6230616997974485,3
-2.4740684296939652,0.7295130509718296,1
-2.7763968789227236,0.34695323538087425,1
0.3511411049380603,-1.6696020134756013,3
-1.1342157125946117,-1.093109012715268,3
0.4105704694391806,-1.494992780364471,3
-2.3771342365987964,-0.09143948128860566,1
0.5582725841757634,-0.8895997672932562,3
-1.3922874878894331,-0.40660270720150526,1
-2.31411382860694,-0.5286092138707721,1
0.46368836822045495,-1.6096023746822723,3
-4.586434676856608,0.7140026066844808,1
0.3694086562249423,-1.9191434511195706,3
-1.0103386759155306,-1.448593815568925,3
-2.77384482111681,0.14942739505297523,1
-1.7892883203224288,0.032005898707923926,1
-1.5327938904470844,-0.9905188068169474,1
1.1616228197793912,-0.22740665529130133,2
0.8505681131663074,0.771425289017921,3
-1.925245298678456,1.2997989299887491,1
-1.1159942433700418,-0.5575945013134965,3
-2.4344731338559047,-1.0631582871898342,1
-2.323372732923018,-0.16285721490340904,1
-1.7425647197773528,-0.7246365940027417,1
-2.0057358246766954,-2.6216927469488,1
0.846251340550059,-0.03111311001027273,3
-3.317472133681641,-0.8695418300213159,1
0.4751008948281165,-1.2078021216473478,3
1.0754785896198071,0.5625686538312132,2
-2.322179737635968,0.8151373893239252,1
0.4690995136752882,-0.6517988303947854,3
-5.007331366017095,0.4656864062848137,1
0.2797322155583094,-2.3155467859167618,3
-3.802782094609311,-1.544956348579589,1
0.3840819907909737,-1.29658276525997,3
0.1132978331659083,-2.393118230273741,3
-3.477852886065917,-1.939351055061453,1
-3.3869103148210384,-0.12742374234490125,1
-2.579653433183476,-0.15864228741735187,1
-3.5016703160961615,-0.13042152093721068,1
-1.3228571815485746,-0.9505606606349947,3
-3.202186090430261,-1.4246476728587356,1
-3.1147165559611607,-1.1693637919959947,1
0.36464906719647455,-0.7900801607045849,3
0.9287836848182981,-1.2644975465731318,3
-2.3196355452154203,-1.8662611432328777,1
0.47237952066698924,-0.9733313878011728,3
0.44072240307998783,-2.053245054675166,3
-2.521522112840379,0.8191465745812515,1
0.256054419730465,-2.40280801513148,0
-2.3756846457942897,-1.7423270018508927,1
-4.957190050383498,-1.0702210235212546,1
-2.7132501161600016,-1.1531506329959154,1
1.1763110691636556,0.12731344690407875,2
0.19963284000298392,-2.7378090276952163,3
-1.4622408566741327,-1.9812017389947623,3
1.0906837082611982,-0.9103418739622265,3
-2.6082440514066505,0.4157340653965669,1
-1.4025790823786357,-2.081641996269886,3
-1.1050588333749407,-0.286500163376988,1
0.1754865061896435,-2.9221511717812865,3
-3.8027802904880783,-0.7474207926044635,1
0.24764262360492847,-2.313638382547775,3
-2.395652111768971,0.08778664138186915,1
0.5760279748906849,-1.3706990661887064,3
-2.5038690083162773,-0.8620991143669322,1
-1.3658588920020864,-1.8706594779645547,3
-1.9347041590751455,-0.44588328814735195,1
0.5095493125984881,-1.938700882250282,3
0.4551488261847799,-1.9445086457300205,3
-1.9124432591020513,-1.4962488893058872,1
1.0621948154506158,-0.4444294796812098,0
-1.3374331622032383,-2.7784226184339498,3
-1.52845431280264,-1.0032763982531907,1
-1.480320608037381,1.3082342796855382,1
-4.788941475307312,0.6118940727389044,1
-1.37714012049141,-2.0320420910511743,3
0.4720282901044876,-1.5506354842632337,3
-2.432699634487696,-1.2412062759193367,1
0.709718137682741,-1.586210598267995,3
0.5762461315265616,-2.904612504222519,3
-0.9777739469769798,-0.009186270980807732,3
-2.0499426668096894,-1.1111731514187122,1
-1.6917371862438737,-2.0481949643237525,1
1.1027572657501605,-0.7643452079582741,3
0.5065560932397576,-1.4744954265745123,3
-4.045237008394193,0.33456207406226574,1
-2.0778267992999124,-3.1884921261954258,1
-1.3692705114689807,-0.24810091081584162,1
-2.241460198463964,-1.1616519382275394,1
-2.0513426802120502,-0.6087473923568619,1
-1.9113478280573255,1.5077782330708525,1
-1.3991338512620428,-1.707497422104941,3
-3.2964361098659167,-1.6665227927552566,1
-2.867523379202749,0.22560557345885915,1
-1.3168584373706014,-2.1308100232216423,3
-1.7258660996602588,-2.540119188170929,3
0.2994594300356958,-3.117744778673679,3
-2.9551732865137468,0.9398534263433628,1
-1.8958390524414173,-1.5803174974256111,1
-3.3096232801678496,-1.6926395391928712,1
-2.190738470968318,-0.7273187712580896,1
1.2645054709642254,0.35402463633315934,2
0.7248876907129896,-1.4235447313452763,3
-1.5034133731390138,-0.8229509976510011,1
-0.9737541256724104,-1.5776735343072463,3
-2.7008591443371155,-1.828720279077446,1
-1.1111764117514422,-1.0913156662892423,3
-1.4045368587670861,0.1716703285347012,1
0.5428922722504432,-2.3973702187443267,3
0.4229151439906465,-2.58818124855459,3
-1.6057864998679914,-2.123527378827528,1
-1.927354684346407,-0.12976009703078453,1
0.7283542600599087,-1.0997898196026858,3
0.45027439590696605,-3.0418654177437574,3
-2.5575339123600287,0.010986593979009597,1
-2.188154763999302,-0.8599115654009222,1
-1.518486996328989,-2.101746505474711,3
-1.183825382013491,-0.675964171275384,3
0.390721047963838,-3.0202570091870733,3
-3.8240011720918363,-1.3365036377277233,1
-1.427854551427034,-1.9502652776153706,3
0.752210600370305,-0.9476195441800227,3
-0.9742412943820284,0.7071043357511623,1
-1.1824313921216119,1.5487997963335696,1
-0.8856672279291407,1.2476831888146453,1
0.5648755843375028,-0.7788323281015082,0
-1.6786680634428568,-0.5908970165492087,1
-0.8671708939479614,0.23548658876470654,1
-3.5499902163719805,-0.13211991556437894,1
-0.5748544095408475,1.4791972849112343,2
0.15378247988319288,-1.708083885659145,3
-2.018570270988306,1.234050370590532,1
-2.336032636426499,-0.13052288219558172,1
0.18178434426619366,-1.121785271648838,3
-2.2108007739263673,0.6646920865930437,1
-2.4537180605191034,-1.606340283864617,1
1.0347690172830437,0.9402381697007371,2
0.1630879803268414,-2.213735978737866,3
-1.395163217125311,1.5808832378791178,1
-1.9862179692732567,-0.6965240754858002,1
-2.3154751635232467,-0.16325399075522037,1
0.6128536642552158,-0.2899444535116749,3
-0.9602278018661957,-0.7756725078520451,3
0.6411976292608321,-1.0576968863581584,3
-1.4892778425834317,-0.28933229965474777,1
-2.2417123358277236,-0.11472628387443384,1
-1.4209809292050304,0.6514466976764258,1
-1.1016875467109446,0.7827404140628496,1
-1.6690788852143672,-0.3366553128778923,1
-3.1065917921386945,0.1272211474943097,1
-2.0979043947882836,-0.0317960851221145,1
0.07947754535528179,-2.235698462464083,3
0.3432069807432338,-0.8858106953701868,0
0.3362802877621556,-0.41959021186055845,3
-1.4573026990760793,-0.47727503530335436,1
-1.9551843525717605,1.721173893032911,1
-1.3842613634830159,0.28623144747903145,1
-2.7018859242256843,0.7677409429781421,1
-1.510813499048004,1.5567046427723286,1
0.31607035426657804,-1.3234191527194104,3
-1.3671363138121808,-0.6241221635707206,1
0.2747997121493596,-1.1837516188253783,3
-1.4447822300016426,0.3629206320380651,1
-1.347979396418316,0.21510844121264885,1
-1.428702174961567,-1.3064893163667224,1
-1.3793674573139427,0.8065266831800995,1
-3.4195374398556004,1.0174211899162842,1
-1.998057664141009,0.24408510462288,1
-1.4633582082127177,0.5656850771963574,1
-1.453189055537498,1.4868347960623638,1
-1.0759369274449164,0.8080850460781552,1
-1.8079703872597097,0.49619466595657763,1
-2.419245320144361,-0.31668085229020715,1
-1.9061909278448184,-0.1292560811685836,1
0.47457490196756547,-1.3446989629211672,3
-1.0766853990691576,-0.35419479948389787,1
-4.279534037194581,-0.7250351957241303,1
-1.664426278278497,-0.14562171106926333,1
-1.6628212225125771,-0.3317100458940442,1
0.31464266084552384,-1.2637426291262701,3
0.6816480100600733,1.2603951886083977,3
-2.6468099473454365,0.5114582602429162,1
1.2790433349785122,1.4064509117538464,2
-1.1547028735201696,0.13983865059805003,1
-3.278160375210893,2.0328315734409372,1
-2.0303652994351533,2.2494771010795076,1
-1.695139545591889,0.7414630089430523,1
0.3897897571718993,-1.4215383750500488,3
-2.7468526751452016,-0.21462171599641836,1
0.8293482609562144,-0.6292196936066179,3
-1.9496123786996435,1.5133669795715778,1
0.6958869095324308,-0.7119146845385891,3
-3.7441804157536573,0.5063380189697373,1
-2.1512067167872537,-0.9539076295984655,1
-2.037268424642132,-0.8255914060390087,1
-2.2516312662026894,0.8994140493011823,1
-4.897174133456026,1.9378712418995843,1
-3.150382964456125,-0.6433244232084062,1
0.7902127763106659,-0.7247175996362196,3
-1.2996753289421763,0.9628648434346506,1
0.34829033342618615,-1.9666445670853032,3
0.5574872075951541,-0.6889171197210496,3
-2.7376714826307054,1.5965526585689824,1
0.5988642611410838,-0.8876279682063268,3
-2.0232614037725627,-0.6542967410554559,1
-2.6427559665826776,-0.7497658043262158,1
-2.407582987325661,-0.35677495388580033,1
0.5680885529533866,-1.0050310804183136,3
-2.783803075963357,0.47425454773338444,1
0.6425889861937513,-0.4098560850547794,3
-1.146953202454064,1.2268394262102258,1
-3.027885301868211,2.3072389500342236,1
-0.9565815152778525,0.1705673126537884,1
0.6794705401710874,-0.4115604411222222,0
-3.860161870635848,-0.19764687827209107,1
0.6419735096339979,-0.9067279290278356,3
0.7932563380340452,0.178748185966003,3
-2.148012481259526,-0.24248547797007752,1
0.5633887484729369,-1.2496912552488784,3
1.007334568308777,-0.23937301104405065,2
0.8931607213939539,-0.25304131829516907,3
0.44895012495437553,-1.965892751656344,3
0.32290859947766853,-0.012575596321997203,3
-3.9738395732503617,-0.03571889091773396,1
-3.1519549015341846,0.790884415524883,1
-3.1889701806822743,1.0925433367980695,1
-1.425028037607827,-0.8631194131952484,1
0.31372172450278457,-1.4285682004167768,3
-2.475906361191116,0.16418191698958048,1
-0.9997093816360864,0.4869653641826688,1
-1.5332032451187187,-0.6736217487962157,1
-1.9040193401896295,0.4454551668746217,1
0.45554210509636067,0.31502421356468263,3
-1.9119891454409716,-1.0072507043362333,1
-1.411224177469017,1.365095256232803,1
-4.402170242621803,1.3180646801162372,1
0.5848767563321257,0.08089658073638407,3
0.5839088157278935,0.193651539014053,3
-1.053103835248166,-1.1624470321581934,3
-3.7653668795267365,1.0104198341170059,1
0.5392482524582848,-0.13104439880966612,3
-1.4177913667761632,-1.0758345425419473,1
-3.433308097559955,0.04715709021616908,1
1.1120656015911288,0.30291520229398816,2
-1.7526943602765455,-0.4389989280482303,1
-1.7841492392734386,0.8932722802574917,1
-2.536775991170999,-0.41279098738518405,1
-3.240476326215287,-1.705777312421367,1
-3.232608831081187,-0.803097829278738,1
0.11063558685749425,-2.4748856586649177,3
0.3401400848286064,-1.6495344640794682,3
-2.311597438504161,0.7087603754590753,1
0.6324175061100278,0.07158944468607005,0
-2.2171753392779174,1.3030786060073611,1
-4.474755426289033,-0.8465944384233585,1
-2.2463594170097236,0.6484290754981,1
0.3568163444866618,-0.7537901656947874,3
-0.6442235718886117,0.8129232726293834,3
-5.310406437912726,0.5330575575238398,1
-2.045150736268,-1.0411206211167912,1
-2.057317426466044,-1.4821598613281584,1
0.8455416588448995,0.032675023014997966,3
0.5777794713127581,-1.1638287978445516,3
-1.2243191974028773,0.6638089398377286,1
-1.5373201527286133,-1.1389014390824463,1
-6.250595066151747,-0.13972085698326578,1
1.0228574983954766,-0.6562354995880977,2
0.3754122455570285,-1.4739197113275784,3
-3.2427613641222983,0.5490772472717901,1
-2.8380088849465634,0.505127707782933,1
0.26870935295684206,-2.0389538610459947,3
-1.3082269613658821,0.8450240490088078,1
-0.8129553304042597,-0.481015298071809,3
-0.9875958629804872,-0.22280909958807904,0
-1.262076028508698,0.9375003361141026,1
-1.113023552667172,-1.2311776491614843,3
-2.1720233242917555,-0.9721340475221177,1
0.5965531782805326,-1.085505737446716,3
-3.299629075035809,-0.8332854258120127,1
-0.8614795750481201,-0.5829773944181547,3
0.3665492291354856,-1.756551267310179,3
-3.2106698722888076,1.1568147413043146,1
-3.7679147994328477,0.6148432689654972,1
-1.4142053684379265,-0.4812825445511838,1
0.49862754232433815,-1.6974691399850772,3
-2.907284870933092,-0.9251497636433402,1
-2.3092045143780844,0.024298831291655654,1
-2.144253988074571,-1.0547669887649314,1
-2.799588599764226,-0.7806005750670109,1
-1.3412010358270356,0.9778467966875815,1
-0.8827739265620738,-1.8043619285000334,3
0.6306386148039538,-0.5132523504420257,3
1.267563513352696,0.916812693103467,2
-1.2395719003784738,-1.2729071393632965,3
-3.136331865122111,0.6974628891766999,1
-4.473830984671018,0.6168301431146637,1
0.6363723128399175,0.12723859089236944,3
-2.077530254561684,0.8947745252280904,1
-2.924778517527993,1.3927727743981788,1
-1.1769420004107338,-1.1971903467164964,3
-2.0916643372332757,-0.7996430539986814,1
-1.155363772516654,-0.3440737623670535,1
0.6175902282209025,-1.4597363394341638,3
-3.476494476220025,1.816957726576549,1
-2.942934755857272,-0.7728272467321856,1
0.40047670537345054,-2.3149136866635844,3
-1.6994791669819094,-0.043740002651084235,1
-2.4859439339130978,-1.3096365557900942,1
-1.25903339055886,-0.09171253658817402,1
0.2938517723312677,-1.4933332524025558,3
0.28283881741423733,-1.3829296767389254,3
0.4627475527552875,-0.22858172802146368,3
0.18180209135559794,-1.5198937540573143,3
-0.8238283223459927,-0.3283465089911308,3
0.2691573818577332,-1.393819079990603,3
-4.290019116705952,-0.15221763111110356,1
0.24748120599325704,-0.23147127462094969,3
-2.873310038710072,-0.891012048201072,1
0.43470751779025085,-0.5548025915684093,3
-2.593867477645095,-0.19511594753627565,1
-16.620238864421832,3.3032996093245064,1
-2.5604875148718422,-0.19891219586218079,1
-3.72298114326521,0.7031730364480586,1
-2.8121890157895466,-0.9275072231417044,1
0.7557626467434471,-0.4487867032577458,3
-4.135488969147263,-0.6412477831571349,1
-1.3687955229364333,0.4696453667935986,1
-3.917448254630851,0.7611828306127589,1
-3.118957478174903,-0.179872171823497,1
-1.8835146807120715,0.8265515366529991,1
-2.9614334808622953,-0.896473474794034,1
0.2855537627902083,-1.635468265304849,3
0.3380640145874789,-1.3674085577239055,3
0.5925773238255856,-0.48712760756463497,0
0.688362336524332,-1.1702348168946282,3
-2.658332502680537,-1.081593986448848,1
-2.5965132720022774,1.3575040546855242,1
0.3452604372656915,-2.721488142874854,3
-6.321422297961143,-0.765808834702358,1
0.9146358598571128,-0.6771874785334842,2
1.0741550725962716,0.5361979513809819,2
-3.013705824084037,-0.7531651432257397,1
-4.168047050220961,0.4529770447601336,1
0.24522157644079787,-1.803519797640551,3
-1.289044444285606,0.3916712664417952,1
-3.1076322766921254,-0.018705849063895726,1
0.6324525996258712,-0.07142585571892929,3
-2.6706477193626297,0.6518647974485998,1
-2.6269135420612817,-1.006494231589252,1
-1.637478492768793,1.5992044550168805,1
-3.183373018782484,-0.848516741737127,1
0.29755641857004234,-1.6958142351634913,3
-1.29543794365335,-1.7084064778577488,3
-1.4724998839941048,-0.509731774598392,1
-2.062398084054879,-0.03680066922006336,1
-1.0259538031167694,1.4122648676253269,1
0.32923399335709175,-1.6580804413348518,3
0.322813375057084,-1.7438336849055465,3
-2.2729081468001375,-0.13891574799444936,1
-1.134122751624585,1.1352805179968597,1
0.11493254865833641,-2.5563303061421836,3
0.21139507005279418,-2.190684081102199,3
1.0406404520632966,0.2995632363903476,0
-3.5105830413839274,1.1329889322245426,1
-2.1190923206281114,-1.0814346299195707,1
-2.348067699569198,0.08708909309854462,1
-0.9808102613934471,-1.3488188447594434,3
-1.7636039517160245,0.7993898010489573,1
-1.1613118082788172,0.10034533731509612,0
0.9672801019228024,0.8651174877197825,2
-1.908516181432073,0.4519757632933018,1
-2.8731187659111654,-0.9171297152840102,1
-2.612468183838956,0.13157286550127748,1
-1.5516483814244326,-0.05416574724628358,1
-3.1293343658780493,-0.433141146780058,1
0.3261920026377519,-1.6890257722202004,3
0.672932828815501,-0.2977335649255849,3
-1.9613752038783652,-0.7262304727338238,1
-2.1976002156659353,-0.6872390745131752,1
-2.5790582446749406,-0.6149835106679147,1
-2.532455654928128,-0.7826086454399505,1
-4.525383587363758,0.017219427366283506,1
-2.394773968150105,-0.19989327015266242,1
0.9215978039394841,-1.2846806793001895,3
0.36001401105219605,-2.2661157849200086,3
-3.8494966093525615,-0.6553397401536364,1
-3.2426781603808887,0.9655492027157258,1
-2.7622855563810784,-0.07184426242904343,1
0.5452645086703992,-1.5373680289267542,3
1.0617629516340286,0.2026737705465779,0
0.6130270032015667,-0.6790859696133846,3
-3.4091852524582316,0.14655753576449052,1
-0.7198632991437423,-0.621285777468506,3
0.5437737601726856,-1.173670619050634,0
-2.6898535950913884,-1.7017898236178641,1
-1.8073522425183361,-0.4942305698988271,1
0.7046652470523038,-0.8828894613116307,3
0.5191156058537495,-0.28526742308394126,3
-3.163364050749389,-0.08241428644230515,1
-2.394994487523516,-0.6758759598764706,1
-1.301742337241432,-0.8653117956307755,1
0.5259829606277625,-1.2899360808052145,3
-4.3711006243989585,0.5992503481492722,1
0.6928517119891179,-0.8149459666206804,0
-4.338493871465858,0.9701801298094495,1
-4.420230122675371,-1.1780060348805634,1
-2.898852815404301,-1.481249362950648,1
0.45388278812720273,-0.8338933039116376,3
-1.1232931358719067,0.47474109512376444,1
-5.744510628584666,0.984534150314714,1
-2.320605323434889,-0.782052918192494,1
0.8950542566745746,-0.5776172832522393,3
-2.080866023465169,-1.0487626901450866,1
-2.9163616546716993,-0.4769205417716433,1
0.41358229646016686,-1.8691156390676815,3
-1.0714562089393533,-0.03999979522107931,1
-0.9648117757955854,-0.35318920136310555,3
-3.0136933187230857,0.4386842236203198,1
-2.3135424641923055,1.2621901702525484,1
0.5329057766853371,-1.86840490174248,3
0.7097493501719304,-0.5382068144749691,0
-1.7813319715972948,-1.7635314849860337,1
-0.7959463315912207,0.5072230118445514,3
-3.4130260836551094,0.24471503989915264,1
1.121905177630355,-0.2548627167821206,3
-1.3706547539579428,-1.26807205592647,1
-3.7307460726010935,0.5704224615492678,1
-1.3147152181015416,0.05658314481313347,1
-2.5698444415425894,-1.7869595833734127,1
-1.1262379220937975,0.30899964670993796,1
0.8613261090866773,-0.09588279657975016,2
-3.5086845338516226,-0.7296021187297993,1
-0.8671217346283081,-0.6803009011972267,3
-1.8813750887755263,-1.0464021655223101,1
-2.748594421863625,-0.7997860655367076,1
-1.3147006837830475,-0.4674403550300943,1
-3.238220303067578,-1.0432966092270484,1
-0.4110228652404005,0.21934282675105676,3
-2.601281462373853,-1.229324206260445,1
-3.519456700219103,-1.968990567829716,1
-8.099521882623275,-0.2970549187215079,1
-3.846516147620246,-0.21271782708592799,1
-1.9989695678542205,-1.024169176932554,1
-2.7613908410004977,0.6341090544098731,1
-2.9268919493867664,-0.6812901069670523,1
-3.4164509361658775,-0.2753327585448456,1
-3.100344958721135,-0.35851400025541225,1
0.07640218339859955,-2.4857485722554933,3
0.25894246967547824,-1.585909262043147,3
-2.3308042329442977,-0.39175182705994893,1
-4.245879833075267,0.3019808822895598,1
-1.8742014259764417,-0.8432772059836545,1
-2.4577069837483307,-0.1857681321887438,1
0.3727429723615462,-0.6120996681757145,0
-1.7309376323997003,-1.0607613965526992,1
-1.3245067946639693,0.07528871569996493,1
-1.844892714070262,-0.5165868569172758,1
-1.7332685001384933,-1.0555208239918037,1
-0.5471952611493509,-1.4375022018878045,3
-1.1894754981298388,0.1553351083534586,1
0.4366737592085799,-0.5434442574782874,3
-1.2543344229835371,-0.22231557181418843,3
-1.6172839352067294,-1.1448089839437217,1
-1.7955750659106002,-2.267449853924855,1
-2.686930405134631,-1.0553408345833226,1
-2.2142685505431534,-1.1581533415731247,1
-4.275413258075781,-0.6574531247136335,1
-0.8280212699130584,-0.5466269176085244,3
-1.3960512231774036,-1.1680901995334192,3
-1.0993856122193122,-1.8092128103424616,3
-2.440530102407539,-1.0499372273499645,1
-2.4995645169557887,-1.1086755950868925,1
0.5745479757474768,-1.0901504680398182,3
-2.1639091607729988,-0.09015947787294427,1
-3.041620707480744,-0.3385774114716575,1
-3.9856953108288904,-1.2725094909868109,1
0.3085625708124549,-1.5731229931802564,3
-4.13166489153046,1.5881806270524264,1
0.1293366766751956,-2.0315831873348595,3
-5.541728121722122,0.0723974089249046,1
0.13892859077112601,-1.9985273121578753,3
-1.5738663289896195,-1.2959055341525496,1
-1.9620842846637832,-1.152276104597261,1
0.49737158308047674,-1.0878364064163595,3
-1.0434144340192755,0.2797999171237823,3
-1.7225588907918352,-1.6830328251714026,1
-2.4540579773010274,-0.532027121691609,1
-2.7906424381359898,0.1195743558301874,1
-2.8289057765631114,0.08871965198361087,1
0.361786865123253,-0.41445289054534606,3
-2.09681694743958,-0.7461142708670355,1
0.7376440874930866,-0.9685381046107223,3
0.754057914290777,-1.157406879712189,3
-2.785889784362032,-0.8829862538930803,1
-2.7394620010229804,0.12013834796122462,1
0.2514539060569333,-2.120203441297138,3
0.5155948975529955,0.09178635055512598,3
-5.588240060582983,-0.39163249879164547,1
-3.9981717071378244,-0.7336329964679257,1
-3.7170255294008676,-1.93708952046916,1
-1.6603026050434289,-2.6052405860114263,3
-1.4307802085249905,-0.7786179854201081,1
-4.387347209305783,-0.38688996809129544,1
-4.214607807602861,-0.2099944385601483,1
-1.1269158450136985,-0.16941936481781555,1
-3.112044920367838,0.19420993731020306,1
0.33175680102331134,-2.1872274550168544,0
-1.2024073143321186,-0.31596674918198514,1
-3.3676244310082635,0.39851283275895627,1
-2.6915573899026928,-0.8346909305775336,1
-2.7765183090877157,-1.4360286347417985,1
-2.389714667207097,-0.9343521350657806,1
-1.6748747219506268,-1.8944431722893698,1
-2.498219898873311,-1.9792985797085985,1
-2.3141322056441376,0.09217896052299558,1
-1.7663804082088503,0.6135883374557419,1
-5.851920975121388,1.388336956219749,1
-5.896951037241849,1.5016680461274112,1
-1.8321891810792845,0.5255569989960025,1
-1.4090277580352586,0.4872426502766983,1
-2.422157218578459,-1.4609215662840527,1
0.49548933235552906,-0.7752262040753484,3
0.06576625371853712,-3.137052439900986,3
0.7015638152129785,0.11687587311798904,0
-3.1051189193243496,-1.0219483393597695,1
-1.3770093921001059,-2.0257098092483536,3
-1.7060578340602042,-1.3867104743864382,1
-1.140384929399146,0.3539754290073007,1
0.9051277416549907,-1.4308468712985845,3
0.7154305426314194,-0.6088932238675954,3
-1.8649091298776486,0.18732031207877187,1
0.5737385338337041,-1.8986904752253657,3
-1.7422643218245146,-1.8054047618152338,1
-2.500695715699227,-0.8085362342368461,1
-1.7720484847179798,-0.6103811082236866,1
-4.825121055570623,0.1611190763409319,1
-2.8217789380256866,-0.22222066064747614,1
-1.39986766181657,-1.0655162457555187,3
-1.739474707244345,-1.9314937792524227,1
0.6464492795321571,-1.8079252886114265,0
0.9885910231791065,0.14972339558566378,3
-2.4232220455269258,0.13370169612126973,1
-2.0212895547893766,-1.5556452281308206,1
1.3097418224138324,-0.4110967341340136,2
0.2084565863750903,0.20621769367219436,3
-1.788369957274027,0.5365124007379218,1
-2.0429832161081025,1.2279794338821657,1
-1.7340828114625053,0.2132927149402111,1
-4.690297300670782,0.6576758280941719,1
-3.626703473747294,1.8928472674636494,1
-0.9177349944893765,0.9530963931757651,1
0.5284127951815404,0.9857166480907926,3
-1.6291660014578566,0.21379927791272593,1
0.29903925905934436,-0.10079484434794334,3
-1.3893896453299601,1.0854511622657876,1
-1.3794364372627712,1.4558280082893837,1
-4.231277413126401,-0.8020428082225749,1
0.3033622203652496,0.43597421811233844,3
-3.4914292676142575,0.6641441758331011,1
0.26483936234805944,-0.7547613794326065,0
-2.3416210874148917,-0.9315760049042495,1
-1.926079860934313,-0.1751753944889328,1
-3.5060728480349255,0.46361129847173305,1
-1.1426356589787443,1.185259443958257,1
-1.5337705501946357,0.9816172353847409,1
-2.027396332404749,0.9777695479242764,1
-3.187852502493756,1.5618903929683658,1
0.009931424889335103,-1.8818131275023107,3
-4.298323616393825,2.2518308394288415,1
-0.764186839349945,1.2420726431449571,1
0.4626064163487354,0.45948627566496925,3
-3.030376831379761,0.8417342103361687,1
-2.903942616434362,1.5999852538347106,1
-1.4849689684950957,-0.045977786068299886,1
0.23740266961149895,0.18861875220428845,3
0.6776108550576413,0.8385794598263654,3
-2.042103727336036,1.496547085185548,1
-3.078887837026084,1.1975991853894568,1
-1.1320091394439313,1.989350217411161,1
-1.669503004418479,0.5221700091095658,1
-1.7378751771424117,0.2754295728525583,1
0.30101187724936485,-0.7313461312262048,0
-2.1484622872144796,0.21690560320601393,1
-1.5526569804514883,-1.1795394189672843,1
-2.863300071742251,1.501964593104688,1
0.34806494118875986,-0.6789178631556587,0
-2.1972149353010786,0.3128313646471377,1
-1.0795078248456575,2.1266711610731606,1
-2.0231107839079243,1.0458038565661008,1
0.20982869288908285,-1.2338925932409872,0
0.4431066929616898,-0.800202619055411,3
0.38681221819371947,0.6047000031873634,3
-2.3643920447889877,0.2297892114002772,1
-5.609251010127396,0.9511180087865022,1
-2.2506569261339777,1.7564347034274448,1
-0.5681227883300629,1.11896105251176,3
-1.5977171899024052,0.7483543182052601,1
-2.233288058440532,1.135553880538044,1
-3.007635260500241,-0.7409336941543018,1
-1.2571178118055095,0.34714105930457884,1
-1.2259959667218505,-0.43826559345048177,1
0.44215885164362506,0.1043537085079468,3
-1.6243918810067324,0.08030056364147983,1
-2.385362912062267,-0.6096869731770146,1
-3.162061040239774,-0.059989746292127735,1
0.514856774796205,-0.10608391615380822,3
-2.691126333844012,1.364982127291935,1
-3.4414898087523884,1.4531111988652243,1
-1.605449312364032,-0.45324994658026196,1
-2.478728500791147,2.128107022544381,1
0.12074330238839887,-1.8284337383548204,3
0.5331145947314805,-0.2199704389338966,3
-2.781983133786756,1.1715340743063096,1
-2.0433491315903747,1.8073951225613658,1
-1.4033418091157985,-0.387166076466364,1
0.7887559167634289,1.1137508891349468,0
-5.600012302078865,0.9918468399222441,1
-2.088494427390365,0.8850755717983316,1
-3.3142887261635927,-0.08740671643825632,1
-0.8661964755523321,-0.49836281177821773,3
-4.918190997405576,0.771776072991141,1
0.8376027609304082,0.9854093726453126,0
0.8148054056188946,1.353918580809867,3
-2.8784336988230455,1.6432804054455803,1
-5.466745987647477,1.6327807710529132,1
-2.193460081791513,0.27299042728197387,1
-2.2265075597505377,0.8375525377382533,1
0.17064145363037914,-1.9265795662928635,3
0.60515608314376,0.08516869714704765,0
-3.1447375295125295,0.3996064563755892,1
-2.4523562197529394,-0.8609143845748656,1
-5.952473152396371,2.4872072673813235,1
1.0519708421379372,1.4268457271648505,2
-1.3057948382219278,0.5555144078470229,1
1.3381399458137522,2.1402189098777313,2
-2.1589550247225566,0.6120701266291481,1
-1.495251620283571,0.36708638704599045,1
0.609368194421275,0.12373345229980705,3
0.51654811995366,-0.5015087403295692,3
-3.1534253672547594,1.4397115150879798,1
-2.3693453911797304,0.8289352914158845,1
-4.5686064340908,2.029988300189761,1
0.4225620667439459,-0.938103711782335,0
0.3923816998179237,-1.0407904963895755,0
-5.575786407096871,2.4765769016650023,1
0.5057291071230904,-0.4662665526879601,3
-4.624441259117024,0.06269167682027446,1
0.6380950478005272,1.0174031332497024,2
-1.1845885026899,0.00894217497365894,1
0.38993509664049736,-0.9914596681665191,3
0.3091021546575957,-1.0996743109871576,3
-3.5949909143120444,0.9309514360003178,1
-3.6619440184278234,0.8021362498939761,1
-3.2111140205173143,1.9197707714135637,1
0.6457545099658103,0.7475272869770437,3
-1.3852616122039978,0.711730892657355,1
-1.8266162595700584,1.847298061751025,1
0.5183517181702681,-0.9783674893011544,0
-1.0853016064449186,0.007263751412278534,1
-0.9508360051799082,0.5172853281461214,1
0.8763553950214819,0.5184186083404946,3
-2.0968253223049205,-0.39659060172104027,1
0.5138341186012638,-0.842632505357719,3
-1.062488080011255,-0.594164655419437,3
0.4742230853544003,0.32078404118093073,3
0.31603576020380936,-0.6389213975830098,0
0.35476682988298475,-0.4901686508083645,0
-2.5400632619256127,0.18082824621973098,1
0.1294710152984146,-1.648994705359297,3
0.3364281891186615,0.007270376078983202,3
0.331301488691522,-0.820218498557072,0
0.6092861154996801,-0.3223147190518369,2
-1.3490861544008972,-0.32472385206513743,1
-2.39142695577235,-1.3803099392242828,1
-4.877977057391025,3.7807332204278077,1
-2.1769650634019118,1.2028720216383362,1
-1.9007759873135108,-1.707946168389087,1
-1.778100614556016,-0.8448132524992724,1
-1.8324843477203356,0.8015200875532188,1
-1.946601336170496,-0.4634143931721111,1
0.41147553212377763,-0.07424688704031643,3
-3.857842872869299,0.20335781169390077,1
0.3268599708768002,-0.8715133522969297,3
-3.95333386755374,0.980457484797501,1
-3.335931939078018,-0.17795008375312513,1
-1.7798007584382753,1.4592873412641116,1
-1.8569091837638974,-0.7419322091246912,1
-1.7026613115599931,0.24346355074542794,1
-2.026589793991491,0.2808494823797545,1
-1.6850053723915301,0.15965570365352047,1
-0.5963043411768049,-0.25645253923087585,3
-3.0364982307509987,1.3190745245554614,1
-1.670590858162139,-0.1671261701663631,0
-1.0793630602505244,0.7866286177522254,1
-1.0581428701215045,-0.7470288791008116,3
-1.6570670567366577,-0.05567182809245409,1
0.541024877140468,0.369063938932162,3
0.9144788804574328,2.295400970474829,2
0.46982975956867495,-1.032684288314624,0
-0.6715686656766566,0.6611534192067574,3
-0.9035500802689216,-0.6978146283477582,3
-3.0096859221446395,0.8045174371601164,1
-1.7961162679189164,-0.4692869070506628,1
-2.581485350090711,1.1056582187818256,1
-1.8947055452574249,-0.5494417489860454,1
-2.24254477962804,0.7399732147130678,1
-1.3770288847700154,1.4851821738625024,1
-1.2429585954175457,0.2914571075537665,0
-1.539522697816524,-0.07825870789079456,1
0.8368122944944744,1.034678945037082,3
-4.845886538969033,-0.9007431653614036,1
-1.3027005647706935,1.2068805556664426,1
0.44832424413613015,-0.8147305787860264,3
-2.571513225987848,0.4754033010784167,1
-1.3883020397182686,-0.346306137049633,1
-0.7220175806764957,0.6803782674581585,3
-1.8039071217630054,1.4593341794856098,1
-2.3196438546696565,0.6791961129131204,1
-1.0328048161117398,0.18746499080517404,1
-1.3977560262397892,0.6217680549085884,1
-1.1814140495763024,0.2764352699286853,1
-1.789000101813165,2.361754455970401,1
-2.231869102181101,-0.5510487470250992,1
-2.4209471581845428,0.8497148979493099,1
-1.3936346967398787,-0.6975237125895389,1
-2.290553073087788,1.0510778745895362,1
-3.8733298398547893,1.8892425457197166,1
-3.379632334464933,-0.11601407921008472,1
-1.0956353856539778,-1.3057405343633919,3
0.6059959502103848,-0.4694514996696628,3
-2.1423983715255974,-0.534971476264947,1
-1.374763008249958,0.571011315253965,1
-1.0864478764653938,1.215438473566207,1
-3.12210335527413,-0.42600167269899464,1
-2.030870177184369,-0.5536606021890427,1
-0.8651756903829706,0.03995115038961487,3
-3.219345692370927,-0.20544671001073464,1
-1.6503592015065478,0.7828400292502652,1
-1.2498335250388182,0.22964225954620085,1
-2.4801171888485745,-0.37300189079157364,1
-2.114206927316721,0.9766979340807427,1
-1.1141642110121304,0.8702553552902513,1
-1.628617846380509,0.07216158858909022,1
-2.023677748309688,2.285643668307781,1
-1.1018785912129476,1.5110173983125776,1
-1.4669259726286976,0.50081409368035,1
0.41894713846283227,0.007631170829807325,3
-3.397528028266315,1.1930399884291474,1
-1.6066622898008127,0.6394440770989379,1
-2.2959641446406915,1.517478407906576,1
0.30056960175246467,-1.103421917942063,3
-2.2243927318887,0.6513635200131919,1
0.36396523975555517,-1.0759450455490485,3
0.4450988463555239,0.3608603453508222,3
0.7609863385465975,0.20973912464569242,0
-1.8924455111202936,0.04633069970955747,1
0.4738383206934794,-0.13704078281429577,3
0.26550055685344826,-1.5862552846069968,3
-3.0244954722591095,0.7709558777586848,1
0.5655807852806725,-0.7142380393402865,3
0.5550539130145362,-1.0765191873144273,0
-1.3703783413480617,0.3116204439911825,1
1.398753565478273,-0.6615828100434826,0
-0.5568117101383673,-1.4501435521801749,3
0.6722607404082163,-0.14833185773820703,3
0.23181445893448163,-2.381631503608531,3
-1.540643911255825,0.1130549492618549,1
-2.1257399835347055,-1.677067420210811,1
0.5133622579272522,-0.5423348054317737,3
1.7302602213957567,-0.7815106562380398,0
0.33954147651412475,-1.6633551230672083,3
0.5244305232128739,-1.4468599968822597,3
0.5502427761863045,0.710158414949984,0
-1.5640988443526416,0.2583537549383452,1
-2.2316421728364375,-1.3606084677412214,1
-1.371612169796105,-1.217802086369868,1
0.27969091054566203,-2.401753142439881,3
0.7463087351482527,-0.8584727959635936,0
0.30472623428787116,-2.5150659198310086,3
0.2747222301193638,-2.041362008793367,3
-1.235974752770452,-1.860658966980994,3
0.9893523228755112,-0.44623650591042097,3
0.5762310847801978,-1.510387502868464,3
1.192592392769897,1.384710397789933,2
0.32631545820876456,-2.213672422106242,3
0.3448211220729526,0.07765050774163483,3
0.43402014518179727,-1.5818858426429658,3
0.4640770345985883,-0.8440114147124226,3
0.48615088487488295,0.20505543245773886,3
-3.7847186861930595,-0.3443467796458442,1
0.5388775497386854,1.077972298536682,0
-3.670909445035218,-0.7707955264775949,1
0.4833512626834237,-0.009211540401453196,0
-2.1305134753929558,-0.2780239551357822,1
-1.3401486653471544,-0.07991381793476626,1
0.7282120042423619,-0.4002642568326045,0
1.6105492251931717,1.2293166403783242,2
1.5308425121256417,1.8211501277643702,2
-3.994731018255952,-0.46322373054039984,1
-1.2979321203869054,1.4741363295095498,1
-3.7914986291715733,0.8589010539589631,1
1.4030996164020582,0.7049196682242616,0
-1.8995484889620091,1.0989815641527656,1
-3.430313411574506,-0.3413211812546713,1
-1.47170115167451,-1.8075692604820244,3
1.3064737693688497,1.088171226148927,2
0.24864367970256454,-1.0514034528034546,3
0.37629955127194276,-0.8767167207418932,3
1.0050376548951612,1.4206506769689462,0
-0.90950998452228,1.6311681265574298,1
0.12613288058990663,-1.9601492079997842,3
0.41340811315166404,0.21464282240784063,3
0.24218181665100172,-0.9770936478142809,0
1.3577203043908175,1.171084405922382,0
-1.2822729559407926,-0.345409864176638,3
0.43908778385898,-0.2591068309941342,0
-1.6285308476764708,-1.177765781266343,1
0.4446762594748326,-1.3168157135732734,0
1.532652259139222,1.6059191459683448,2
0.3596189134402416,-0.7989285497648073,3
-2.9988783720522956,-1.7729821394503391,1
0.4429077224586802,0.997611334059687,3
0.5571043364837733,-2.311466322903757,3
0.662579623175389,-1.2155819729556447,0
-1.7224561159855694,-1.346282927852094,1
0.7459898052968587,-0.31066523093715026,3
0.4058025530161005,-0.23006787585101385,3
-1.0713502915538193,0.9134945567772066,1
-3.488657495916542,0.27749918564681647,1
-1.7712512976591914,-0.001087466239490583,1
1.4994760829799547,0.40115035288796114,0
-2.754723233149759,0.13173332068033053,1
-2.012415269925054,-0.3681116464254034,1
0.23764001738171972,-2.0750323101905885,3
1.6505480201403093,0.35935867290897844,2
-1.9504838249822363,0.7563233960134492,1
1.2676384288256264,-0.11743225263812986,0
0.2540192216067637,-2.5457441790852737,3
-1.5306860169564145,-0.7598500159068842,1
0.4021636162908775,-0.0057947036120358526,0
0.4106006068721054,-2.9968293081473076,3
-2.726708153195376,0.3324201890891277,1
0.347357883368661,-1.4750811915836128,3
0.7140263377741214,-1.4563502138716102,3
0.8502786121844078,1.0180137030979894,0
-1.3126210760246784,-0.32313425591577644,1
-0.8128640103807825,-0.515462117437232,3
-0.9489145609845555,-1.3677923425357765,3
0.1455914360432345,-2.6161998963261066,3
-1.1496358574204226,-0.17318724732071347,1
0.2969085376476189,-1.2846740036171294,3
0.649685829871398,0.49964294363693806,3
-3.1755852898582084,1.1435282416998944,1
0.2815406705744425,-1.601500264120187,0
1.1303604747904412,-0.0360504609350851,0
1.3584869694087165,0.4382304125580991,2
0.6638783811205813,0.30378750995703924,3
0.29322301321757843,-2.104244038913515,0
0.2196027268435054,-2.6942602144792898,3
-0.8518337541574499,1.293314835481773,1
1.1656958894465008,0.3667897600920312,0
-1.7828627976903075,2.241053079914907,1
0.24321456883255468,-3.3411720821784856,3
0.17496038971825428,-1.8941532130951109,0
0.5721287652061937,-1.5662857026646677,3
-1.9966981699116213,0.6132626319339387,1
-1.2281344691600447,-0.7944683813038569,1
1.068938355924425,-0.4805158379219601,2
0.7089759194157812,-0.1731959997677444,3
-1.5809455797311587,-0.6237804958473205,1
-3.7122567838136726,0.6146226047414161,1
0.5771585416616155,-0.6038669521388352,0
-2.044577060043701,0.6389245243367152,1
0.2932679327617195,-1.303802295679761,3
-2.322967062809688,-0.6419683055669507,1
0.7178322329018576,0.8373664385723895,0
-1.292227560828679,-2.390392077421666,3
-2.1940852169616774,-1.198227913892809,1
0.213335627079766,-0.9918390096924536,3
0.3885125770282033,-1.016639800100277,3
0.5962611084902777,-0.6818686100057937,3
0.22463180361744287,-1.3557566319183891,3
-1.5613025691148572,-0.10542497348466695,1
0.36262554664202645,-1.6537324232207855,3
0.8232066587599108,-1.4601184477698819,0
0.3181486013069321,-0.4284743245858569,0
-4.325844803054797,0.26668262967376755,1
-3.541510331018437,-2.0267648512456926,1
-2.324664830487055,-0.6013786938555159,1
1.256227249741368,1.2156655690889546,0
0.3857772891601666,-2.1713251925745176,3
0.8521591923617097,0.7100758622115566,3
-1.373066809733018,-1.4300077944355298,1
0.5545818253440045,-0.6432160823329981,0
-2.898937998569527,-0.9782505464916517,1
-1.3895442898707,-1.538377372194953,1
0.5339193789464914,0.46550318726091644,0
0.34404123905438566,-0.2303525152907109,3
1.6043168673955601,2.3576331608073993,2
-0.5552067740070625,2.5415411510831003,2
-4.3992622977639355,1.0882709623536497,1
-2.6875825286896737,-0.7514341013009674,1
0.1253546173821784,-2.5039271816621502,3
0.5473586749678304,-0.5644477704302904,3
0.9937635653629321,0.2328561569866289,2
-1.3709643733527375,-0.1469032272099098,1
-2.3888648431916994,1.1232592629126774,1
0.3037328814991433,-1.1414918748944067,3
0.3513639079867189,-1.8087570986972905,0
0.14450826438055814,-0.899670170919282,3
0.6482314932504141,-1.9371736996234021,3
0.5969282968978631,-1.9130843671817745,3
-2.83656688439207,0.5244879489530747,1
0.2756037369000252,-0.9067144802446907,3
-2.7863693855260188,0.6118742009241588,1
0.19354678852858703,-1.4091630837608027,3
-2.9884721238583682,0.8856837841122055,1
-4.609677252346545,-0.7772942914390689,1
0.9191912174564336,7.840892655824663e-05,0
-2.363854377252352,0.08959888513430242,1
0.5666871277625386,0.012575241168567645,3
-2.9108464840314063,0.7898950168017199,1
0.8149450864411003,-1.176010577219974,0
0.37819427842970776,-1.6720479025052233,3
0.507533850219513,-1.6739688685701493,3
-3.285439799887922,1.0672622017024753,1
0.43078303562766074,0.3078175321188111,0
0.645746903207749,-1.788163812830446,3
-3.4050954894119667,0.8477756250857258,1
0.5521035117003066,-0.191485806147346,3
-1.6687468059101176,0.8450023282245349,1
-3.7896920604271584,2.282501445598135,1
0.4885454914666215,-1.447593933002798,3
-2.0280283604814904,0.4490149505022193,1
-1.9060815896863104,-2.7235446191060957,1
0.6978141873547892,-1.1376699988454988,3
0.7163712399857526,-0.21390046549666336,3
-1.3572499947309118,-1.3988026525992592,3
-0.8165241999145247,1.7436524681496037,1
0.20293539181851067,-1.3333979616158635,3
0.36519823955817293,-1.6218250255765663,3
0.6592426051159316,-2.254172130051777,0
0.6124757181890963,-0.8280836922740459,3
0.7279707099758193,0.26536369715686314,0
0.3094147151370653,-0.2594884438366609,3
0.8827082247218779,0.6395905106684406,0
-1.7148100326809224,-1.8099062251851255,1
0.6565820162885395,-0.0825775760227813,0
0.31600545925032303,-2.4068110815382604,3
0.4723281449708427,0.14655868845285447,0
-1.9670375286076438,-0.4321103140137208,1
1.075173809864999,-2.150266000626152,3
1.5354185848370312,1.8538639927764213,2
0.8197729459652262,-0.6076823630130307,3
0.40169550131925874,0.008265115142069122,3
1.307538988182998,0.2889766626121627,0
0.34137249269941833,-0.8827285068864407,3
1.390584863887429,1.7984936257065156,2
-1.165792929922228,-0.39731721113056656,3
-1.6116836245488266,-0.7642361596203529,1
-1.9361200047923979,-1.1605187951580718,1
0.5929297001302594,-0.03240395514209366,3
-2.028454596292533,0.5890062984024115,1
0.19604743109164807,-1.780771772849197,3
0.5637810438566783,0.037852867689735885,0
0.4699031435026466,-1.3011965069006026,3
1.072089133976227,0.47413965306826555,2
0.7024558149970958,-0.5465309811535093,0
0.6728345983173432,-0.5196129276799014,0
-2.931844151719335,-0.04567154968641847,1
1.176372462773523,0.5234201567782862,2
0.6696964601375327,-0.36246948694467246,0
0.7383721836257096,1.4272002013050133,0
-0.39517788987563207,0.3784016909897018,3
0.47849613891361653,-1.2151326790185206,3
-1.1570162797732708,-0.5027475148764116,3
0.7555408429034921,-0.35518444819126527,3
0.3978533618510089,-1.9653119672231154,3
0.28249524469616905,-1.245450443411046,3
1.4214906467715542,2.321483022815488,2
-1.4907584316889415,-0.01509576745062761,1
1.2478224632358452,-0.5092872652506377,0
1.1352217778261189,0.20137801042400036,2
0.668021131300202,0.5458241046825796,3
0.5543573929937978,-1.3559101166212915,3
-2.231040684181302,0.38523487982421495,1
0.5564926691027164,0.49422485521509063,3
1.274482818868797,2.158205584980641,0
0.714024786927906,-1.4572799278968775,3
0.6302073332526431,-1.477900788550851,3
-1.5365032499033662,1.4305065938627857,0
1.1230102123413703,-0.08497134552611103,2
-1.533302196853122,2.1645477504599486,1
0.1581671306062709,-2.6911213126184395,3
0.6773816800957762,-1.906418965764422,3
0.4974180660642676,-0.9816466580746164,3
0.9352008106832492,-2.034546819792842,3
1.1711245018213254,1.27207736072101,2
1.1429457355966581,-0.8890241812301575,3
1.2588117516095367,0.7240030887270437,2
0.6788541234346596,1.5727018555909937,0
1.4252374804792725,1.7486245756770769,0
0.30955664543024897,-1.3236566753833099,3
0.43971355622007086,-0.28811701045565624,0
0.578655554783585,-1.1256852898666707,3
1.0997805279148098,-2.000960591167518,3
-3.6671744585135118,0.679390597584185,1
0.8261742328961237,0.6332465943614274,0
-1.9716553036519635,2.592884280351116,1
0.6218868175314757,-1.5446140811850007,3
-0.6409596291166643,-0.8223437777723617,3
-2.642450636351736,2.4212904166189686,1
-2.0556598406441906,-0.14149445924133686,1
-1.224137133355901,-0.18388505989663004,1
0.14525609699336378,-3.7378449474772584,3
0.5790103772312089,-1.7323831586684337,0
-1.6557374549167587,0.07485918124726985,1
1.0661673820154887,-0.28027985618423756,2
-4.580457776595419,2.2353532626813624,1
0.37499642077699197,-1.8028613447029407,3
0.7113175628784328,0.11748871640306531,3
0.946303304262129,0.830801096263915,2
-1.0083395283690046,-1.0162558255843124,3
-2.573220467910543,-0.9784083642879203,1
0.5401028399222494,-2.1067407731153915,3
-1.694357851254949,0.01805247646473877,1
0.6949271427918423,1.1345146054036783,0
1.6617082861409425,2.217441668320897,2
0.4708746852353594,-1.7216846060205837,3
0.25618998920257036,-1.2906703611345585,3
-2.0480218423951815,-1.0655563757719972,1
0.7830612040183719,-1.7191764626637676,3
-1.11246687226398,-1.7461646893596057,3
0.4097790643066646,-2.4131481681339046,3
0.5959830826298109,-2.1779865266547547,3
-2.1323472654485816,-1.4511722608140472,1
0.6458044678134416,-1.151828218699876,3
0.268561549456726,-2.555189634032447,3
0.6772047940616283,1.162500608506003,3
0.5738498303535787,-0.27445182316416433,3
-3.0455992243275447,0.18852557809273632,1
0.16167366866826144,-1.409955764751976,3
0.2162021285819789,-0.5310440689702873,3
1.2379614382447783,1.3122063714245942,0
0.21949475709621696,-0.9383010843320367,0
0.2825665521356,-2.2398982974701553,3
0.7880986370442582,1.132294302834239,0
-1.4288380816730535,-2.1744528418921023,3
-1.255045440070649,-0.06308014609358226,1
0.20066596757162863,-1.4412212498104455,3
-1.2379055055209494,0.2276666253908495,1
0.7914210824455501,1.092048029406343,0
0.45222915601004837,-1.1085600829236626,3
0.7772257258444993,-0.21211597501993462,3
-3.203725572780732,2.0126806280214526,1
-2.283788444368029,-1.6268697199303015,1
0.3992126295997296,-1.2840538245750894,3
-2.162623048088417,0.42357601326371885,1
0.5192554482069711,-0.42646731691199563,0
0.44125653855971086,-2.0625780544569006,3
1.4170240092019484,2.040380754558225,0
0.6338193383563786,0.9886261146084805,0
-1.5485543477037187,-1.6350055371566163,1
-2.598857696789481,1.7357702786104128,1
-2.350025887247893,-1.659908102008734,1
-2.9775584127885186,0.3234394045711212,1
0.7914937330298751,0.32100189235837573,0
0.33749019631126054,-2.336854999379355,3
0.7167557147091443,-0.9068428838214784,3
-1.3615260971086331,0.744083856164611,1
-1.4433668081346671,0.10923759137076247,0
-2.5777618326831697,-1.18864883247221,1
-2.6528025550874044,-0.5228386019089755,1
-3.7150827498790306,0.48116638048505705,1
-2.4261747799370093,0.7294948117782216,1
-0.7133989473475163,0.4333816027457715,0
-1.8560259045896104,-1.3425096064095154,1
-0.9924261583577488,0.6119006516222538,1
-1.7455318447106718,-0.11372145834437143,1
-2.261693480391689,-0.7079644057703415,1
-1.4994697157560453,-0.9223570211613136,1
0.27625099673903425,-2.175403013048135,3
-2.562745075167065,-0.011806074782179328,1
0.44377010180311305,-2.064942186350388,3
0.4378709827215834,-0.7171246037454629,3
-2.155122078699024,0.35850788340212125,1
0.49583877476820964,0.014731403354524634,0
0.446114768901321,-0.684898604240709,3
0.4759996794680408,-1.5318333744093555,3
0.5368685271078852,-2.1772515426134533,0
1.1883178037333153,1.1235236041944574,2
1.5677450103298471,2.4900364531662076,2
1.1848462619655986,0.8120162606143481,0
-1.8560909134462118,-1.2733974831928963,1
-0.9956049903711658,-0.8685142605212219,3
0.523859590138544,-0.13075663406222074,3
0.5780471323107922,-1.1997065323222968,3
0.5481205719975034,-0.12549922851151715,3
-2.489508361878857,0.519809111462559,1
0.5712064527676975,-1.9057421300294246,3
-2.7336969947513894,-1.2310204428015088,1
0.9440229610900368,-0.14193309664145856,0
0.6547728388933842,1.0925424999099853,0
-2.7274969222701295,-1.4400852379433338,1
0.8506925108946578,0.2870714072551752,0
1.0373559177812872,0.1379775338928041,0
0.8118526457787693,-0.18990634313060653,3
0.7268692330610144,-1.9386994612261457,0
1.2668908521616304,0.338083972467393,2
-2.049896912325287,-0.16650358974354795,1
0.600763113265155,0.29402068953765126,3
0.99442373142156,-0.26114878419991844,0
0.6798351472040196,-1.2228481479676894,0
1.6412088031470284,0.8725609040656661,0
0.49013210275113983,-2.363301506832238,3
0.8184136332163882,0.24873947207002886,0
0.8257197408856781,0.7129149468909922,0
0.3116861953517777,-0.3026441457875871,3
-2.0220694027515855,-0.9627169707619901,1
0.4055930266993667,-0.5058910561576377,3
-2.617085995204097,0.12889680801335268,1
-1.0150522779588058,-1.230683951299492,3
-2.6498711889279423,0.7059018319891515,1
0.4843243487942318,-0.8912839609742947,3
-1.98999028121586,-0.5353759126299419,1
-4.238238812841342,2.254713926836364,1
-2.696455977401632,-1.260414076053446,1
0.39038779212437197,-1.4417489993214074,3
-1.2205793547662378,-0.1542450088057399,1
-1.5948460574381402,-0.24558494326222283,1
1.1695729183956773,0.748305217838313,2
0.5915909299849931,-1.0119374177729092,3
-0.9772281273802552,-0.5261668887052217,3
0.264699937637098,-1.1662595146474746,0
0.4724371114816585,-1.9335678647630887,3
-1.835892287844836,-0.23483339028647035,1
-1.311825788133706,-1.407502299812251,3
-0.7701531438187533,-0.22681647535709448,3
-1.1913004909363198,-0.355988004098327,3
0.593115995833038,-0.48487234824803455,0
0.38727877263623023,-0.5737286820150895,3
-2.2177065389129598,-0.14395941807262821,1
0.6965104353369442,0.5306640080118527,0
1.2789407365453562,-0.8712342731023607,3
0.570716929695627,1.7527569219748111,2
-0.9420601328849486,-1.2209428423211366,3
-1.3869384943100203,-1.4837369126489177,1
0.45486247066929514,-1.0440226039597926,3
-1.141435038632022,-1.3371658245373073,3
-2.721877339875716,1.9233244950500044,1
-2.5746384119607804,-0.7093073555147574,1
-3.3836289828305923,0.6382438260560781,1
0.7029896675925231,0.6759029298869315,0
0.25258084671671577,-3.01453205729449,0
-2.901663998332594,1.3130523758523927,1
0.46633142385899873,0.5166440886848254,3
0.8567887694110365,-0.49021580173548585,2
0.6633472233688436,-0.005338750239208269,0
-3.709867924342814,-0.781416870571432,1
-2.5363848701373346,0.2847582080904395,1
0.5785646257348793,-1.8201685846594913,0
-2.9215153039335884,1.177576786075467,1
-1.413476895597447,-1.3317076083069301,1
0.39360658682915567,-2.445282633138754,3
0.5527589765470019,-1.7958283816978962,0
0.6594019933930892,-1.0872964789460846,3
0.6952796755019637,1.3684434865479946,0
0.5159252383066715,0.5894437403934505,3
1.2594979440400789,0.6293610576470677,0
0.23715932660637465,-1.3719741762868018,3
0.447212256824084,-0.7833312100196715,3
-2.500292260889765,-1.4824430892315066,1
-0.6406175330246191,-1.5586851660315622,3
0.4009488941435316,-2.2569141070466707,3
-1.4683656719555,-1.6298092176231032,1
0.7933754772964846,-1.272143119663673,3
-3.000236079517476,-0.7950417536004272,1
0.6649824062347862,1.6040114095612426,0
0.27462236631883646,0.343546584045097,0
1.3566019823969697,0.14385165591057658,2
0.8135608324537825,0.1408804381229653,2
0.24180025682098552,-1.4541355261191404,3
0.2949672008089285,-1.940983013816533,3
1.0654105916275662,-0.006598578907326904,2
1.688935150500158,0.5353973253095934,0
-1.2875094160661567,-0.4245101678496312,1
0.8407270493744341,-1.6549339196309674,3
-0.7244295041760874,-1.001454521503226,3
0.36335264445742316,-1.7283423412241516,3
0.45145599944909837,-0.8778024865561429,3
0.7334693859270439,1.0051193378468724,0
0.7885485504160831,-0.7587454569988115,3
0.9466525461263803,0.09972417222196557,0
0.9424337798138355,1.0953500302213635,3
-2.493741635648195,-0.06776579060211858,1
1.0651615273606314,-0.623556743263309,2
1.217705806481637,0.0778371552306827,0
0.449473094798037,-0.5720722785200295,0
0.6376506991822256,-0.7004359740724065,3
-1.862356171768168,-0.9606149289984164,1
-3.2955375233142754,0.4553145060917674,1
0.4275618747768639,0.3692352612173982,0
-1.6567713000722828,-0.7703963338648067,1
-1.4633518203024019,0.8934334732303904,1
0.9674406690486873,0.3270537698891031,0
1.355210321468169,1.4652407026119334,2
-1.681552362242989,2.231068542247148,1
-1.0195569252157877,-1.793835988067282,3
0.496725318001452,-0.8169654620277872,0
-3.23795430128028,-0.6332174955143162,1
0.8550064719968268,1.0234487598621052,3
-2.4599570606521692,-2.4429544225992315,1
0.6411481397130665,-1.2625545842301304,3
-2.896663938604482,0.2679989309053593,1
0.8817083357852087,1.0244977006742135,0
-2.5041518795706534,-0.6663859430468628,1
-0.8546930706205691,0.5728385073652783,3
1.343505687445357,2.395165061310419,2
1.7000245265164666,1.0049281196039572,0
0.40491814266332044,-0.36367096072699323,3
-2.2266995452383536,-0.10327970096893276,1
0.8524361006228535,0.8086102612526593,2
-2.941185096366339,0.8709260172125682,1
0.7076994784754471,0.7900420780190767,0
0.576890734598817,0.7915790018154253,0
0.6812788685761691,-0.13360476899892187,3
-1.22003960530451,-1.5122051776886178,3
1.2462926187747605,2.264092782477953,2
0.6859139398941629,-1.5389299537762717,0
0.478198175214469,-0.38853563212171643,3
1.243750797373628,-2.3634442018102946,3
-1.4744109239518042,-0.3683479652408823,1
-2.2631883105516852,-0.1341707168378246,1
0.4582230115970154,-1.2334209334238682,3
-1.6242344675933187,0.03073357622679376,1
-2.3305491989686455,-0.003392790832013266,1
1.0192686528568846,1.0556612903210034,0
0.5744596933788229,0.32715339117685066,3
-5.719996326965371,1.4463823481284817,1
-1.5272591294219673,-0.33134638057550153,1
-2.626620564961847,1.022959589150778,1
-0.39350535942923565,0.3501153137692406,3
1.1701371864727923,-2.6867550285101984,3
0.8341273363127579,0.2483668937802284,3
0.42114074016139535,-0.8998655490938388,0
0.7199918899116582,0.02918991017083272,0
-2.1003836194562147,2.166270061025132,1
-1.1486698980494066,-1.5802016234202354,3
1.3875421146929334,1.6928992128466616,0
0.3863745625357168,-0.9696109319640535,3
-0.889968133707878,0.37406521774256546,3
0.646086925057145,-0.3883261567054126,0
0.6070259605209963,-1.1503502101020566,0
0.4111463520348084,0.2786260381108685,0
-0.8140778367992337,0.8562863160356448,1
0.4163045904622606,-0.05906037020983283,3
0.6980374426823258,0.025839058082006674,0
-2.2998149688403293,-1.268245836025271,1
0.6468125329668098,0.9571966380434098,0
0.5564494461331813,-0.8211081412245523,0
0.33730212628587286,-1.7929228453878863,3
-1.1063320273809016,-1.8332208143792736,3
1.4437376312109804,0.829429560563864,0
1.1013305459240224,1.0322510431235141,3
-0.1365708140983747,-2.822030869978866,3
0.6343133379628076,1.2089492695958504,3
0.8257286762478361,0.7502725535934907,0
1.25302632813916,0.5029087713070336,2
0.5663227191703462,0.6069672860864125,3
-2.17181173972498,1.0927267470032747,1
0.18134080977544892,-2.893801321596051,3
0.9707733512871847,0.9911196757025325,0
0.8169712766912434,-0.6974230333807402,3
0.545847177457055,-1.072303066496138,0
-0.9319622790185743,0.7274520982373852,1
-1.2721790135827549,-0.33819247606865915,1
0.7225218678162243,-0.08572564135665442,3
0.39940513716276604,-1.1399047700665532,3
-4.5745857764383215,0.9998292054049799,1
0.34012873660633436,-1.0029858885300083,3
0.7729947899346096,-0.21479825920304946,0
0.5859115264253327,-2.0045078918399355,0
0.5440310747725119,0.3685848504019032,0
0.21565155481135284,-1.9806426230673662,3
-1.6456767922525013,0.33996732288856363,1
-3.7193913876660383,-0.41798806571190156,1
-1.8326664585065993,-1.358310374613354,1
-3.1538908344881147,0.22841504475357952,1
0.4900451675147418,0.5269416634141729,0
0.507756608904942,-0.5466087305877544,0
0.7334162136282317,1.2599082228462344,0
-3.276639558572708,-0.1267408881142658,1
-2.757187600776281,0.76137360533036,1
0.4139196929316868,-0.6688520244427415,0
0.7693398481109353,-1.4448013681048042,0
0.6261044371826778,-0.43831826627623865,3
0.38108138854772067,-0.8600596464364839,3
0.6042424000001606,-1.8520113777622051,3
-3.7677551456908027,-1.3420152719404514,1
0.29265650146408856,-0.30001839733845553,3
0.4947121605831084,0.6355844365881697,0
0.7093655161005027,0.8104658564248878,0
1.0403847988855328,-0.09021203861964407,0
-2.2975917053239403,-1.4558712591118306,1
0.43447835722834,-1.3952618586230838,3
1.494730993644141,1.642714369242162,2
-1.1491147698070596,-1.4705470919457078,3
0.8619351376128496,-0.47509855989325606,3
1.3641342444209739,1.7427805434862278,0
0.3706485115364039,-2.397190391180458,3
-5.085107107938392,-0.3375546342455403,1
0.8903901688335036,-0.1986049759540807,3
-1.4403464880989185,0.12163713602977998,1
-1.7852432848625348,0.27909189210041513,1
0.3864785649170218,-1.1476119027474059,0
-3.699949058828938,-0.2782403897177515,1
1.5494626833363667,3.00654853339226,2
-1.9556425815931178,-0.1475375459909963,1
-2.9515231239241397,-0.47330191979576824,1
0.7420046902266383,0.29233062333755666,3
0.3303235858118292,-1.1068345749444561,3
0.6333092608818748,-0.6987830231464471,3
-3.1454429151717513,0.17228412010711594,1
0.19538173627533134,-0.672309588236802,3
0.7636953326982584,-1.1624651225627076,3
-3.675500345975677,0.8256006071582025,1
0.4550766008671719,-0.5876790554299716,3
-2.314177128582119,1.1793364873719454,1
0.8017381552149517,0.6506804481509777,0
-2.2017497118333567,1.5288557511421226,1
1.2490473109373728,1.700779927809204,0
0.574333484953007,-0.8896724301448757,3
1.3015879589535044,-0.4792767931181257,0
-2.4031082658618166,1.3729680046711594,1
0.3362734402504083,-2.0180336283664246,3
0.5886599647952576,-1.235785996933002,3
0.29277773935971213,-2.151460615094221,3
1.2689593747120353,0.21574299995422827,2
-2.627720281204835,2.0252770921246968,1
1.2908111867214256,0.35259118261129724,2
0.45497855624218103,-2.4505903145547245,3
-1.9869922336151074,1.2177988755299929,1
-1.8264543580702726,0.4377876206458277,1
1.5393150143624328,0.8544927088330914,2
-2.676146923266511,-1.2882034545571315,1
0.19173787389950164,-1.4878370909477412,3
-1.517842712945454,-0.20964132672856106,1
-2.7265412902273494,0.1467078690627968,1
0.5325572115319585,-1.7867245073213676,0
0.7094231521907335,-0.2546303724739752,3
1.5772682816146222,1.7727527301204196,2
-3.3376454500123525,-0.1203908835484715,1
0.4723434754826452,-1.65078373209728,3
0.7573106258264741,-1.0380726027763099,3
0.2743384484375476,-1.7015889414230814,3
-1.4039569020046985,-3.0983924690848617,3
0.38962525755578575,-2.451898193399301,3
-2.1065439742951737,0.015422426394023863,1
0.9891501310672766,-0.9296264766705366,3
0.6082266780719471,-0.5650105823678699,3
-2.1652793641466124,-1.3844545901414507,1
0.2756565914900689,-2.4715249810326596,3
0.8411127563070279,1.0588026765367813,2
0.3689337596383336,-0.3331393628718688,0
0.5231446627697711,-1.925482647130482,3
1.4038289986768282,1.267851178872031,2
-3.270652515135711,1.8874446456979856,1
-1.6022746247515327,-1.8213833423357755,1
0.4496659512103225,-1.4307751709833585,3
0.9995820945810946,0.2606787036046796,0
1.170475759406057,1.6854402364177665,2
0.304642780311932,-2.2291187480516275,3
0.7828914964901875,0.9817565211193766,3
-1.9117363026585792,-0.778170080883371,1
0.607260565922676,-0.7500908546719381,3
0.5741125944946713,-0.6766701338308172,3
0.1680328465854058,-2.1324611640104627,3
-3.4404444750668977,2.06549190411137,1
0.6038578697465714,-1.3643042665381562,3
-3.4622575037682823,1.6726406703169452,1
-3.2238382333103064,0.6521771106180956,1
1.310735244988639,0.7556476192064576,0
0.6757357724547524,0.5142198787241568,3
0.5403396824694101,0.01498312883970354,3
1.5653510439960696,1.026351763871665,0
-4.433466336893683,1.673818960623079,1
0.43289454365765817,-0.14430893199127878,0
0.7490972711174128,1.5853442313682142,0
0.2665359122827638,-1.5571425435641306,3
0.6256149288041412,-0.11344210543150064,0
-1.9183053859735963,-0.6432831292758102,1
0.9329598104369721,-0.4598035939494688,0
1.0880844555730105,0.5521286160174774,2
0.8579520252396157,0.9332675856493164,3
-1.59376170731659,1.8598570757221942,1
-2.3464844676028345,-0.9396061744539109,1
0.6571259195204108,0.06607715837403776,3
-1.207757399036023,-0.6244025144524028,1
-2.103215891590476,-0.2914365279610091,1
0.6992645765681826,1.4000879956636,0
0.8663726142341229,1.2406093295986371,2
-0.21251724297102062,1.9457552119738046,2
0.5943520111326143,-1.1143594474563923,3
0.6180958046093343,-0.7348626074299354,3
0.952093654615922,-0.6366116393523332,3
0.7035839110765696,-1.0585922944126596,3
0.6419023284116345,-0.28068029759807234,3
1.0734802581690321,-2.603813509510517,3
0.9866645593027067,-0.7377689503383925,0
-2.465794195571106,0.9122002765525088,1
0.8591683962194226,1.294595391578595,0
0.3139058380352124,-0.9693588365269159,3
0.6536493096985365,0.5380492772488848,0
0.37831495174961727,-1.6627461818358944,0
-3.372649879795215,2.7903319049667936,1
0.6600935744242509,-1.3840990576903027,0
0.589074587256231,-1.5261641040667755,0
0.9715475272254204,0.20352668235859764,0
1.0148256064017624,-2.3233104917593743,3
0.26525609058650074,0.3529969816437842,3
0.3672609956730966,-3.0147397447986672,3
0.5116940488111009,0.047812941234809524,0
1.588777704629342,0.4616168524369979,0
-1.2547432818208586,-0.528718378928395,1
0.6606481612709495,-2.292385589560171,3
0.39462066839229687,0.25593671822579694,3
0.42876818812270545,-1.2314577430028077,3
-1.4217359577926554,-0.48388618595320776,1
0.22535477438942522,-2.3058752787636956,3
0.48975053003641406,-1.1493120571697786,3
-1.405674894801417,1.7240066666820786,1
0.3146655304450908,-0.6290189514994439,3
-2.3885611319661613,2.412222251909373,0
0.3692786266233862,-0.44371633781605524,0
-1.8258548735842914,1.1055283724748994,1
0.18364271007678884,-2.775523328428476,3
0.5893847701883687,0.10069340269310807,3
-1.6188996641063258,-0.6575004902861746,1
0.7920466027694905,0.4912105703166899,3
0.1559105502140477,-1.755740187245102,3
0.4943699131652516,-1.1472420500073897,3
0.5140798016707244,0.18087006527613947,3
0.6433489108210045,-0.37997858077316243,0
0.06224238621529005,-2.3918667526797,3
0.6093395264067909,-0.753174677364123,0
0.34499536788424867,-1.439996480560318,3
0.45983670737377796,-1.9059098363060039,3
-2.3762239531729894,-0.6930968587671672,1
1.5099170715366006,2.524429698260051,2
0.2520654995047249,-1.3161552540065633,3
0.8219372094441848,0.9289344942841478,0
0.7406781275137085,-0.46533315447569307,0
0.7787437588299736,-1.8350304817238203,3
0.7368478957400684,0.42186355223030475,0
-3.7003358172485465,2.554249846342347,1
0.8288172335136967,-0.1925248798812079,0
0.35933155559961555,-2.3435789965907845,3
1.156372087178564,0.680606341875004,2
0.7231875546790806,1.1569429340081332,0
1.578415807945823,2.3416390578532877,0
-2.708593761495031,0.7757374765966928,1
0.9219426422855512,-0.38865445413742933,3
0.49577297592537667,-0.3849236784407575,3
0.695487446960719,-1.7430029318002436,3
0.04335503926466481,-2.9533009141907356,3
-2.1352266354231157,-1.3661389555510017,1
-2.4298244698315132,-0.25579936397380615,1
0.7280221770981099,-0.053400292353033646,3
1.0589289728042919,-1.057561612942878,3
-1.4195782227158409,-0.47544093794754727,1
0.8325238882586777,-0.7050395641363222,0
-1.623342875652276,0.4250423149097662,1
-1.9476896312103986,-1.5068359766115107,1
-1.933477414718505,1.5803275444333995,1
0.5343471629212172,-0.9580078884157284,3
-2.1610369256004596,1.124291396644368,1
0.4734673197962537,0.1882476293013275,3
-1.3692314053675685,0.608273156834755,1
-2.9938560128296645,-0.9921992711454933,1
-1.893098285155865,-1.6072943594922573,1
-1.4494426408195822,0.21608301504987593,1
-2.764276674965762,0.18110728633764678,1
1.1738891020223874,-1.3986301224527051,0
0.43852449519618586,-0.20154620285967104,0
1.0554072322188244,0.5998093410664543,2
-1.0537279341682844,0.7925783203626814,1
-1.2393782060330325,1.2167227488626688,1
-1.5386760211314325,1.965731816358488,1
-3.2313268238546784,-0.9123902319160658,1
-3.623818464824435,-0.15164340214153618,1
0.7321988773722771,-0.27140336539280485,3
0.4251689238503516,-1.428399183204184,3
-4.2828415164392775,-0.5780830254947898,1
0.4558322417156728,-2.0038174325451386,3
0.4762446117968652,-1.5656531978259787,3
1.419873331369359,1.8943554538925895,2
0.33060940128447514,-2.1057634008060813,0
0.36105256488079557,-2.1842890932982444,3
-2.4769101618588705,-2.264682422320301,1
-1.8364013606635285,1.389646376449216,1
-1.3279062743102097,0.10042063811158923,1
0.4695655008079746,0.035980642407722245,3
0.4538587611959117,0.3959893805681854,3
0.27616064086568504,-2.5981462029573454,3
0.054901838268036136,-3.28476683321361,3
0.5638832311404376,-2.506638578201362,3
-1.631441265860272,1.8057812609317967,1
1.1031456950865786,-1.041024846454391,0
0.35438271808238536,-1.201421739976556,0
0.2813373127521294,-3.040307302178608,3
0.32087955604644147,-2.7897481194870837,3
0.39172822060023416,-2.4855757810064603,3
0.55099472299023,-0.7185590556939889,3
0.7614551332371297,1.323260627330126,0
-0.9402137827730432,0.23137133586730932,3
-1.0786301519121329,1.4740204227803257,0
-1.2362090979983806,-1.30973446666467,3
0.33786785369288647,-1.1724000591430634,3
0.6870853867177195,-0.2010341454725208,3
0.3662296253255613,-0.6905066463981636,3
0.42475339795759914,-0.3336712064218368,0
1.7476161005536208,0.9999266794923616,0
0.7359818120122392,0.9116886602083523,0
0.5824577613637912,-0.48566188548367584,0
0.34602153035999406,-0.5073737760571678,3
0.5148398145735175,-0.439558895727063,0
0.3879088453795043,-1.2045194029374404,3
-1.4341855843461255,0.08121946621559606,1
-1.7519496920053077,-0.18078486425909443,1
0.7952037734825745,-0.09643590346657582,0
0.8706099581466771,-0.9050210377418155,2
0.5977484814901698,-1.9711251982831208,3
-1.7846779096784384,1.4929142036082201,1
0.6031283106199832,0.5121758107825887,0
1.4230625851311032,2.5241776414532704,2
-1.9425411427115309,-0.323508143116282,1
0.5158072301065337,-0.9210771418782285,0
0.46531143922588225,-2.5302392887572096,3
1.5993235953986755,1.8786768719026552,2
1.4750011286422613,2.547230043043196,2
0.6997131137133281,1.0967079318304254,0
-1.8582995388514716,-0.6374775257842317,1
-0.6843506050558319,-1.7430106388775406,3
0.45696466757228105,-0.37506458214519545,3
0.012513347822765395,-1.6642180789079906,0
-1.2602476394325361,-0.5639822668488559,1
0.6925359974935638,1.1762618692968787,0
1.5264287774310479,2.390316708732225,0
1.207148127897231,0.8105790067279914,2
-3.4115796708428756,-0.2854658699161921,1
0.4350926078640041,-0.25963912029813746,0
0.38405533873877085,-1.1147946078157318,3
0.45569156971639496,0.5351766517394012,3
0.2746521120862475,-1.970126686993258,0
-2.5721734609347364,1.8823821675290007,0
2.8672259180683977,1.7132880963866897,2
0.488448790864848,-1.3512141877772261,0
0.5281138794791851,-1.038679856706971,3
1.042222698420735,-0.4991954016070594,0
-2.8717377883688133,0.5055360196566833,1
-1.3051980854129546,0.3628851742729249,1
0.78051097776618,0.9205408137440345,0
0.29795407626777226,-2.066221595049658,3
0.2697019188967294,-1.8040892435256213,3
1.5554621548562007,0.18681432727221703,0
0.42040880236736083,-0.6127036837718741,0
0.5335507769646225,-0.5551498920720482,0
0.7141605881949055,-1.6225317350493929,0
1.277960579020686,1.5482290187193724,0
0.6216512975203164,-0.7078348206344468,0
-2.8840812052543656,0.9591746922590503,1
0.7078084604186998,-1.2454078787526894,3
-1.0575747736661272,1.5954693718939326,1
0.44529119475336776,-0.19471245666555495,3
-3.2006537043881726,-0.12655543045446724,1
0.5435787417419796,-1.6913828229678332,0
0.8015709901266277,0.9283032823053698,3
-1.6212847430798716,2.8164582441196657,1
1.2867362799719002,0.7769579705012286,2
-3.4568438833402855,1.551121399940922,1
0.4321563865063493,-1.6156684321420745,3
0.5012457313026342,-0.19250170876620346,0
-1.6031787000763762,-0.8720787357373756,1
0.054707676285376046,-2.080661222734524,3
0.7262472454978226,0.8420060649400039,0
0.46195326619235083,1.1347467350801959,3
0.775714492450203,-0.4474059963811276,2
-0.8784905814664932,-0.44911258502816465,3
0.6137017000394032,-0.5682109210916344,0
-1.4704413657667343,-0.31407472716488144,1
1.3758906454823818,1.296347902220925,2
-1.6171182763846195,-2.4492594684443416,3
1.0226932757825196,-0.024370102372903078,3
1.4359620252571799,0.5553275433009862,2
-1.6197322276034596,-1.1964056605938886,1
0.5225686539473214,-1.1126287715387517,3
-1.8086431453066245,-0.3342318364474762,1
-1.5218219434937794,1.273200922622371,1
0.5412689472229902,-1.0153248693657848,3
1.2156020344842065,1.6428351315500693,2
0.5500427529222298,-1.1579009017603372,0
-1.9184482018178766,0.5951764961298812,0
0.621867727792469,-2.8221664068816628,3
0.7187820889461678,-0.1872358530176991,0
-2.328009299013504,0.1063741060679835,1
-1.5749376021326438,-0.8776008778999794,1
1.3170709109380458,1.2539706152816257,2
1.4134084526196005,0.3659868029950378,2
-1.2543112517290247,-0.737360657209577,1
0.4093119853952393,-2.7295497369158195,3
0.40761370972080535,-2.3461478186777893,3
-1.7467045669152377,-0.4974362595948677,1
0.15665356472785946,-2.768930582315241,3
-1.3217054507382817,0.274044621444901,1
1.0870064592242574,1.974727711829975,2
-2.4817171198416124,-1.3421103667706735,1
0.8891633006697626,0.3015916260065682,3
0.26700293792140295,-1.8242612478178506,0
0.6227894811741507,-0.6590193159255027,3
0.6354679575915906,0.9951793913844569,0
0.6909777568491455,-0.17157453676753243,3
-3.854658784638765,0.29791040766343674,1
-2.5758843839059504,-0.18529911955149128,1
-2.095300485293317,-1.253713329804613,1
-1.7403576461802601,-1.0298105013426504,1
0.7350264761729909,0.47817648980849337,0
-0.8940628396766767,-1.3844979428290523,3
0.4681878025639611,0.02930772539521814,0
0.6671553268186584,-0.4789611291247418,3
0.5858417139881505,-0.2387356067475148,0
-1.1082027993875607,-0.8828735275814932,0
-2.133466985305486,-1.142323675281878,1
1.3238408168245464,2.25836567152487,2
0.29751774681215487,0.42531250720614894,3
0.5410019889258997,-1.7657782070081205,3
0.7350061166144595,1.0047573302138562,0
0.8010170950300929,-1.2314393053338906,2
1.333823764105571,2.269202036126719,2
0.6349270890656432,0.30556515438829196,0
0.5736316399948219,-1.5161681781593244,0
0.5512215895822836,-0.9899300855841981,0
-1.7387089028867828,0.18631540587276693,1
0.33807539271660253,-1.3995835026678634,3
0.5902833639814173,1.483454548450886,3
0.7319714303587952,-1.5765705983415903,0
0.818543947508562,-0.06186764068297071,3
0.6539837375222697,-2.133340604228037,0
0.5816016421954386,0.26103084130594884,0
0.767763794386965,-0.7532635555702366,3
1.2094384498301731,0.057637699463155355,0
0.4494879505053445,-0.9897126139695294,0
-1.7165671165392415,-0.8168873232284769,1
-2.581744462410359,-0.3700546711435343,1
-1.4781304108601947,-0.38364840035446596,1
0.4711641603990568,-0.709839899973877,3
-1.917031368086734,-0.13189173286595288,1
0.6875402776148944,-0.29906913855155526,0
1.1194343293925724,0.02030398948321546,3
-1.5412961625987098,-1.5115442767670224,1
0.5915496710212342,-0.8064574799333624,3
0.7110356750525649,1.065865327308802,0
1.5249038313586984,2.138096510770393,2
0.7338497209181088,-0.9272250263743317,3
0.30360834971051337,-1.6412482995107631,3
-0.7067268212547418,0.3247327692378734,3
0.848948217255522,0.9261479376863302,0
0.6959958770214355,-0.05407119062677969,3
-2.543204122260643,0.44105059397543434,1
0.4643861949337357,-1.1970500394117423,3
0.7006534099926267,-1.6067660142404903,0
0.9106187778939537,0.9439223644511767,0
-2.271622997499754,1.3228357306928806,0
-4.309415212365398,0.9473178104680606,1
-1.250166793125466,-1.1950891408338984,3
0.26809247052516705,-1.8073400610544827,3
-1.0661869160656483,-0.3162413073972913,3
0.14465846682072864,-1.696881891407182,3
-2.176229144594663,1.0642105402430146,1
-2.046514936827119,-1.0030886152070682,1
1.1134090768411278,1.0400195768580436,0
1.3026505215641293,1.3516666041998022,0
-2.161714512417991,-0.41081768795141954,1
0.7659702924988561,0.10117657477060828,3
-2.6789796178710605,-0.13886188506864153,1
1.8695536517586924,0.5398709151780131,2
0.624087585856547,0.17364728549051328,0
-2.5402855105038475,-0.3330316651106346,1
0.2715313379133899,-1.3040339364534428,3
0.5743403734501721,-1.1088576091760967,0
0.5960172419306206,0.4045961773512848,2
-2.672227444377245,-1.2106785951104604,1
0.4874720835112892,-2.1600714694951284,3
-1.5850423578557309,-0.8844760249168542,1
0.4816682851798928,-1.1926152790056659,0
0.3579153769675308,-1.8559606447232935,3
-1.668415956439655,-0.4460779168883081,1
-1.8306651913305985,2.6912295005813376,1
0.9636765269109774,0.9772974715445035,2
-3.1188931945523706,1.4615408085303614,1
-1.9722555022679644,0.6442116119436271,1
-2.562906699275161,-0.13061677128534013,1
-2.1146756367206856,0.419138268639815,1
0.6252824280621578,0.28429661672344186,0
-1.6610315423307511,1.1575560777111336,1
-0.583505400584513,0.2725421855833416,3
-1.4053418978817596,-0.5517806488099405,1
-1.0999044324898828,-0.04484997559487411,1
1.1654943102036965,-0.1662035770878988,0
0.98149177700292,0.15100656222385084,0
0.5383257331340041,-2.8183375738835705,0
0.19779016264041333,-1.045516434769566,3
-2.8256411900881147,0.07631860298902579,1
1.5796289043931222,2.6351301177011415,2
0.2958323230982252,-1.647264403307129,0
0.2646766995965244,-1.2399714707907465,0
0.9521448148521869,-0.25780160849979783,3
0.44017930665066113,-1.182224674346637,3
-1.6460515180783524,-0.6508166702572097,1
0.4698905482992254,-0.2616786054186778,0
0.5271007519427351,-0.43509769971853945,3
0.31640245797240163,0.3858939255061024,0
1.181085514201266,0.7885456623142122,2
-1.7990633076057423,1.5139910573307296,1
0.49682859813633895,-0.2432546390455445,3
-3.552117248281526,0.025326443797969327,1
0.3868755645981528,0.6001447535869178,0
0.36652298115772547,-1.0253547110894405,3
1.1510619320522546,-0.44897746999690735,3
0.3467134502383188,-2.1901122095161956,3
0.5039270187733904,-2.6064645927430647,3
0.10861783836215738,-1.4082186661400606,3
0.6404609093437191,-0.027034290608666998,3
0.5905266071264613,-0.557956205396036,3
1.4316516210669719,2.302394971122126,2
-0.6093998148986371,-0.44923624594730405,3
-1.9997969021844941,-1.128499564889045,1
0.5769162291776321,0.6360636787210049,0
0.25520349007035475,-2.2865769037244514,3
0.38409142683606173,-2.583291088517835,3
0.48173751062024106,-0.8570639834932742,0
0.7489123268600807,-0.3401115729146825,0
0.3463574735686805,-1.3450020199398731,3
0.5638943778075164,-0.11379768562663868,0
0.3527467172084445,-0.8121430297499934,3
0.43228419718618566,-0.3995067756785875,3
0.46854888678607076,0.2834462443815616,3
0.6357901104457254,-0.8926509028775628,0
0.7451662942334439,-0.6882935053026435,3
-0.9030737251771244,0.163212167772036,1
-0.6439282578076159,-0.971133022815693,3
0.4875605570650099,-1.5493201187947536,3
0.5049394067905987,0.5472543478824019,3
1.7851061937732433,1.8212817518023807,0
-2.2003883490059573,-0.03737735492033546,1
-1.3012054326251938,-0.5149542548177999,1
0.9084118921582895,-1.8849720443888336,3
-1.3979199080979634,-1.5713569486268064,3
0.5316714119957159,-0.5190091758919605,3
0.7448820565742675,-2.6210330520795373,3
0.6030028839463509,-1.5424446545906767,3
1.0809672811360083,-0.13839667964807364,3
-1.1485369241105403,-0.9479744729174163,3
0.5843804209350183,-1.0738108570175844,3
-3.1703848221713744,0.24504636687186668,1
-1.3728185246954903,0.6567842753386353,1
0.9615533416063609,1.5430865318353888,0
0.7490285589741719,-0.3940447516148436,3
0.388708656656043,-0.9622340994866921,3
0.4822724607444811,-0.6387308882341632,3
-1.3891254696460735,0.3267929092957511,1
0.4610896679103327,-2.5183974094361337,3
0.8295508146166403,1.4902551882233879,0
1.3842706473820139,0.6563994358766054,0
0.2926742309516978,-1.047198105816387,3
-5.569795275741328,0.6739850518624007,1
0.40963113144794083,0.10781665995008756,3
-2.0680559200750155,-1.9811596141805032,1
0.33922745079975974,0.18846885196456448,3
0.4575513353462644,0.16031177291063298,0
1.1526539706132435,0.5121084205513647,2
1.5531016751579332,2.39655001682179,0
0.3498883765727457,-0.538896822453264,3
0.5555382756116107,-0.33644834477515456,0
-4.482670757567431,-0.33954166171806216,1
0.7011818516429228,-0.21692208816415215,0
0.4950196014663524,-0.68773906492933,3
0.38030624804342805,-1.3505962618412406,3
0.7433200691676125,0.5700482089749737,0
-2.453627758130526,-1.294887596966653,1
0.41477856592963536,-1.4094369076349953,0
0.3644449644376904,-0.1396574244601399,0
0.5046970558902221,-1.76227567953463,3
-1.4472126756831578,0.6435022774260277,1
0.46519278780224826,-1.1574491888523382,3
0.6186485455570012,-1.2063172735284642,3
-4.46752175816839,-1.1313784341870596,1
0.2778109169819199,-0.8655386004037292,3
0.8527630482568044,-0.3431589555497345,0
-2.8575967314099744,-0.38175387153616874,1
1.0631120676549317,1.1208442671579515,2
-1.4082391477937661,-0.5441548622313741,1
0.8949094639152742,0.19228186301001507,3
-2.763678358710802,-0.38482546452524785,1
-1.4912209516093884,0.845907766210049,1
0.8002481084992175,0.3299116444271715,0
-2.5951691768419924,0.2474540042630704,1
0.5006032612434985,-2.20324627574693,0
0.5204839010257659,0.09453496881073793,0
1.2656903060879021,1.693944057591028,2
0.770603103391595,0.7405731620018199,0
0.3145612027257536,-0.7271388830421937,3
-2.976005760260997,-1.7304934449533762,1
1.787386472238979,2.6975427867176567,2
0.5242738694289457,-0.8358908641493424,0
1.0800276561727937,0.035394277703124775,0
0.3729115153694328,-1.0676761918897768,3
-0.6960182602552566,0.09732778581695664,3
-2.30502474748951,1.3316844118805329,1
1.2433103853286076,0.7426535072609326,2
-2.934500019526091,0.8677444052543641,1
1.3195861382037626,1.6447489893619414,2
0.45412145200883197,-0.4706727785974639,0
0.322248842333881,-0.047384983706165104,3
-1.5326029975422644,-1.2805120550002407,3
1.3242979085908437,1.7737668961958981,2
-2.3213038811361724,0.43685578865812014,1
0.9845773614139093,-0.16005361315557967,2
1.1039855415507283,1.1400352327267502,2
-1.2513984534954736,0.9543634906005964,1
0.5265826894002822,-1.1744768489070452,0
0.46464543755064197,0.8428404243477625,0
-1.8413639400833461,-1.5231591891743637,1
0.4739917077260917,-1.7467992607959864,3
0.6716695078687266,-1.0183983156659957,3
-1.2309663160853834,-1.0137051119903293,1
-4.176075028244496,1.3117892729685385,1
1.4745511117121004,2.557448211584403,2
0.8251806568487282,-0.15882810637521602,3
0.5534088932243216,-0.7062527545704634,3
0.5834969481855189,0.3661312286606398,0
0.5106463869692287,0.46368954899395487,0
0.05867980656700506,-1.8183366462582684,3
-1.8498497959218074,0.6099836048974694,1
-2.0904319071708968,0.33355848235416846,1
-1.368219072381582,-0.0776045643140007,1
0.3261165720379422,-0.381871961301029,3
1.032056316864256,0.19820143559584666,2
0.35079353919642675,-0.7929282130210867,0
0.580569181233784,-1.3082773332294122,3
0.7519005875409328,1.4598938859054569,0
-2.1706593314517684,0.45324063229938405,1
0.4997898295961366,-0.8337738827163343,0
1.1639748308549303,1.0073136711773774,0
0.680703679647741,-1.125308190123415,0
-3.9797041453359427,2.3747428505732073,1
0.17554503461046161,-1.437436269207909,0
0.4711284341268176,-1.423333866096307,3
0.5787058001312609,-0.6893534498091058,0
0.21527117936570545,-1.4286304427739616,3
0.33975825866382,-1.2914747371226591,0
0.7265212907443145,0.35505777803841626,0
0.4383804689857051,-1.4558733593222566,3
1.1169332928500775,1.442949502812493,2
-0.05757113251579878,-0.029669121141769627,0
0.4380712993263886,-0.7517138958278143,3
-3.022255495375362,-0.7929643433192348,1
0.8774556207720874,-0.18913143848825403,0
-1.468213774223534,0.6854592261249255,1
-2.413263949189147,0.3390789594266519,0
-1.6028771300951936,0.6944695983949353,1
-2.6625188136270013,1.0598721924453847,1
1.174628242295623,0.4884318482904775,2
0.4504674420065928,0.6646758257920041,0
0.791504628410651,0.6268482744789519,3
0.6110646131521957,-1.0060155180927817,3
0.7355768669286021,-2.1904958897833486,0
0.45324369702190365,-1.0796784316338959,3
0.9315965474943684,-0.7121178272235865,0
-2.3132684651592426,1.0408549448900242,1
-1.340518218442598,0.22888338899280675,0
1.3661841069466916,2.2328036371421627,0
-1.9292612551363646,-0.8025527952555488,1
-3.484896364554815,1.8469623239096036,1
-2.4059764146096123,-0.3150045808955399,1
-1.9727265857245475,0.633427014484683,1
-1.5131591572934187,-2.6988530969105167,3
-0.1271402688684684,-0.36421968571376445,3
0.38512066542276413,-1.3126279997998929,3
0.5670945340809055,-1.4404577173746858,3
0.7596379106343502,0.40895219288146073,0
0.13313724426453039,-1.4886617845763648,3
-1.6734307546916598,-0.7054318647971681,1
0.4490923476672872,-0.9512661101257445,3
-1.6557220109866473,-0.12156625423607795,1
0.39124695959454725,-1.2897550391642871,3
0.4459167043668207,-1.624600872456529,3
1.2529416634641515,1.3541942661377016,0
-2.8584839456571083,1.253157596543761,1
0.39289964605803623,-0.8047773268992883,3
-1.0176402316802622,0.05281831278668568,1
1.0757974919085276,0.81326870810134,2
0.6825418053903448,0.08617414769326491,3
0.48935143253983937,-1.3151708315949402,3
0.8028695300350992,-0.9013161290660745,3
-2.5031473231262313,-0.054577699082720824,1
0.5569148894554248,-2.0908559966769196,3
-3.4636815579984526,1.343757558838037,1
0.679128531729403,-1.1532258960909008,0
0.45945607068934413,-2.371080766829707,3
1.2602916167826728,-0.6219553529152568,3
0.7481740470939255,-0.7203429342604978,0
0.29976289826299507,-0.30282120049673805,3
0.29746136272218354,-0.4847679063976647,3
0.4664048443782743,-1.3371170091733693,3
-2.5137546506631527,1.8211067420837845,1
-2.105885652699072,-1.4529310974150276,1
-3.463227874123695,0.38316765742130376,1
-0.8560873922618623,1.9483400953593257,1
0.5586430459140274,0.04028788693377921,0
1.4359466506165643,1.1829390371159094,0
1.3969815518121347,0.9452650389626311,2
-1.8310746922474628,-1.3697106969886597,1
0.9760987562054535,-0.5587608847116333,3
0.16249527979803785,-0.8787774032140574,3
0.4711919507497735,-1.5496817529202243,3
0.23901145699575924,-2.4516343306848256,3
0.8730857157999199,0.8179198439136819,3
0.6725735004872508,-0.11190629611641409,3
-1.7062440549960292,-0.6014186558414223,1
0.6535628093625101,-1.3164722410667145,3
0.9172531101291248,0.02550455992065159,3
0.46784633125019753,0.3836994190924759,3
0.5744538095987178,0.013941978164002748,3
0.7547883635587772,1.7399692906189232,2
-0.5607687654587555,1.7354572198982374,3
-2.8805985910615544,0.7216531828168358,1
0.40372937728760894,-0.6852706392244327,3
1.2160714020711811,-0.03512271653618054,2
1.224737981355421,0.15695250381018744,2
-4.009057449599844,3.5114640936232893,1
1.798854309872169,1.0278745617712415,2
0.5431856875695702,-1.0151370464204694,3
0.37598239031050135,-0.014339377525265597,3
0.9899227001474291,0.7115401315089063,2
1.4407393182322665,2.3278932471318234,2
0.3829255410421361,-0.44841109933821977,3
0.7005605685453714,-1.1217554988113414,3
0.903403021755603,-0.08476018741333975,3
0.5434577980361488,0.8440303850775923,3
1.4197135769999365,1.2022485990956724,2
0.9714189037155172,0.699309992083984,3
0.5036188759169082,0.2842370762925282,3
1.2493518475704355,1.8830881043914165,2
0.9046009120063236,1.2909962545421367,3
2.2153253745055337,1.422652646331519,2
0.8861852082409709,-0.8792986382589935,3
1.03816357507739,-1.8123124734147102,3
0.5479405456867233,-1.698483147759183,3
0.27089583457634253,-2.3543967064646636,3
1.514856466310286,3.0685917066507344,2
0.3712492068377551,-1.7213787801945193,3
1.3247186692099864,1.4503866084503374,2
0.7748915204384452,-0.4361232398748167,3
0.6826738939911534,-0.26290772292428993,3
0.7148261389502096,0.7910979088273663,3
1.4249382090594773,1.8350783130320525,2
0.4019621259095578,-1.7725496363428836,3
1.274095997459733,-0.1877736019046876,2
1.491816670660365,2.3836803798115933,2
0.7381657572468572,-0.3141121426746702,3
-2.8340273992398335,1.3570151849012746,1
0.8568362815524962,0.8070972978970757,2
1.0178442449349003,1.0381763387972727,2
-1.149753266880871,0.23036477294060154,1
-2.064380904017636,0.7916644822558502,1
0.9672483624534298,0.2713866464944199,0
0.2578808954538977,-2.145393846799575,3
1.1634186446498316,0.9547757639164309,2
0.6849818976257155,0.9109717591588999,3
1.0510242279577309,1.2935514685421774,2
1.4834474280729937,1.4868201833917076,2
1.3377813950394524,0.12256424289325836,2
-1.132214833543781,-1.1522427785322,3
0.8756005306935414,0.29367436475092296,2
1.4331731415438047,2.614520444098002,2
1.6620313519184975,1.1029270481574236,2
0.441108461633241,0.7966632741380106,3
0.6054621321764386,-1.0066106910058608,3
0.6582435479197075,0.5680477182626622,3
0.5918866400396375,-0.6328292485675474,3
0.922074086202613,-0.38441292674412897,3
0.7558042915419794,-2.059707640452545,3
-2.4296038245016147,1.7871346888779327,1
0.4895421431816178,-1.2526438613934143,3
0.3193586697675719,-2.9209090865530536,3
1.280006937502693,2.2269423286938856,2
0.9832652845463793,2.25428452239843,2
1.2007012122724032,1.1762832806583532,3
-2.249795847413307,-0.22654425987108848,1
0.9951111204524725,-0.5457133783394391,3
1.4887197556560643,1.842802238534093,2
0.91985253723512,1.5575914854480082,0
0.3655078504580902,-0.30079513279185655,3
0.42044861447464493,0.47889208294300645,3
1.1399494982474985,-0.41194575424827856,3
0.6123805609412659,0.5788194611888383,0
0.4876321005728348,-2.3090138403069127,3
1.5719144677707555,2.0097792489019826,2
1.0017540529475775,0.654170830219574,3
1.3175604876727922,2.596631626208301,2
-1.4935216043793467,-1.0859555328131327,1
0.6368891956860545,-0.5258809635016182,3
1.354516699039531,1.1329239541796925,2
-3.126121683545036,1.027680582545591,1
0.4269780386329722,0.9157337221191557,3
0.3532254300568119,-1.637934160383598,3
-2.117415618100477,0.7796498767726695,1
1.191836581911249,1.580755517329601,2
0.7497579042833078,0.3514776827176605,3
0.5227808036772872,-0.2889471831666966,3
0.6166208101149587,-1.0365511610101243,3
1.442967685499714,1.5919519284304169,2
1.4425016205961276,2.430200598064196,2
0.8220571276010005,-0.7592618232400137,3
0.3375475160016793,-1.7725417519117614,3
0.5055331125615167,-0.7197944844369248,3
1.1841256945306557,2.1104509160246683,2
-2.394011616057869,1.058223946067445,1
1.233153512644281,2.0396255425203647,2
0.3522671390079601,0.19646896646943593,3
-2.309722985253768,0.9615214050982552,1
1.2903854901910472,1.9613641350696902,2
0.9831866082312661,0.08693570223994414,2
1.0290872025914106,-2.1540142773192468,3
1.2888327942530484,0.363398264334088,2
0.8933222336846386,-0.9394668095511407,3
0.2897492848747046,-1.6518027372487492,3
1.390580890972194,0.4102556478818155,2
1.338181940502282,1.9866604417867015,2
-2.0564696367656325,-0.131214832020676,1
0.6190498775250345,0.3680117092539145,3
1.4620177368888003,3.2879285107014495,2
1.2957201266563005,1.1533402797820071,2
-3.8641451781378238,-0.2886831352596561,1
0.7031609688716686,-1.7777717954476262,3
1.0171938554153637,0.9691078435612621,2
1.248717933647206,1.8150801605548792,2
1.2022356287816454,1.8916324132412663,2
1.380628889025664,0.7458409692552799,2
1.1126969290183468,0.3913865652676651,2
0.78833594926889,0.19038596604017075,0
0.32105862611664554,-1.8723671009735665,3
0.557202975219781,-1.491078637402398,3
0.3300060636878173,-1.197481870463235,3
0.9797770913646426,0.3682130775819767,2
0.6236502137645171,-1.977387289824301,3
1.3823799220126571,1.0027770992625313,2
0.5058612667098913,-0.4819031371230967,3
0.47634491630838743,-1.3619275355120026,3
1.193924844338518,1.1309145817439747,2
0.3992270512912229,-1.9835697481925343,3
0.7500454606412892,-1.258963199422726,3
1.3175999683709998,1.024449045746672,2
-3.009633739663377,0.9968879801722174,1
0.5685206962862739,-0.1357755397321632,3
1.3872605959477777,0.6979580689514564,2
0.5938847516389965,0.05700481371320464,3
1.0031230506282618,-1.550014829684104,3
1.337358367112946,1.5092460197416213,2
0.9767926666536454,0.5309200350984378,2
0.7773827787346511,-0.5303423550678013,3
0.47226814999781963,-1.5054341364320951,3
0.582320664828999,-0.11751532838747486,3
1.17680011625047,0.2398237171598048,2
1.4278817684208753,2.1262776459437895,2
1.0108935407876691,1.012533900567889,2
-7.666251036371124,2.6182007362172466,1
0.5632209407837971,-0.18862917955339095,3
0.8605966857944282,-1.161583214306509,3
0.3642689992695042,-0.8810261653611555,3
-1.861876300374261,-1.3630048134754014,1
-2.921835014613388,-0.6465894666462512,1
0.8413834991194376,1.5059209733913934,3
0.34491491463126467,-0.3396927810407351,3
-4.061047337859242,0.5732326199111919,1
0.6350215033369649,-2.7520653306129588,3
0.5977720814993503,0.24754390712328442,3
0.33071321870181886,0.07470838830652927,3
0.35906572329915093,-1.6624884315343245,3
0.7245043602083935,-0.028630946921010512,3
1.042550881143273,-0.7185373261001791,3
1.209636151460357,0.5507407429760878,2
1.2536734420910747,1.1442167020367626,2
0.8709542576072195,0.47796020721646926,2
1.1911693884161583,1.2774016877635546,2
0.1913618296932867,-1.3994229350365153,3
-3.0680259328762896,0.6540461796545142,1
0.6646591598168009,-0.8398012303282256,3
0.7863610368450575,0.8773950149388152,3
0.4275730099690271,0.004721020019377796,3
0.5853551417598906,-0.22590705385339144,3
0.705119275823225,-0.592872565147778,3
1.0699889573329209,1.207733548040874,2
-1.7680444237227741,0.4812581273213103,1
1.0694295473261706,0.7219370879411217,2
0.8229338648965377,-0.45212144319050257,3
1.2322633801100968,0.46981340986101205,2
1.0051213782861914,-0.7202706557118123,3
1.0517494931149027,1.1383735447027525,2
1.0738731111974336,1.6183720456271382,2
1.5465078690843999,0.8898330109316885,2
1.1481878677789075,-0.25826851567893255,2
-2.3528103788852675,-0.5758219634995319,1
-2.99594835773417,0.7551418540300175,1
0.8433936559142677,0.7463986142562289,2
0.4305988405061657,-0.7328454633045781,3
1.2434161274450308,0.45355243402914003,2
-2.8811773098074016,1.2022616089638174,1
-3.135664413765239,0.09636209617564212,1
0.5239207704282746,1.0925204470788095,3
-2.9785507794510053,2.480064051386902,1
1.0503735183546705,-1.2661525225012094,3
0.3705585727954824,-2.4756556910387557,3
1.1522768182458767,-0.3017276010431055,3
1.078908398043133,-1.615248982309849,3
0.4567872338549871,-1.5241315459634215,3
1.0551789006758645,0.38107691777176506,2
0.6324451101677262,0.1504422349629438,3
0.9687682277461931,0.3301679065431959,3
0.36139036037222083,-0.38078273197545476,3
0.9379760324382639,-1.3184961853916195,2
0.5050494768367559,0.43894114834500686,3
-2.088361753010742,-1.2810227666279905,1
1.2565779403747914,1.515504193424846,2
0.6118239522944817,0.7684872594565167,3
0.7592861715903882,0.5414554496715581,3
1.4801824092280373,0.9854267579168885,2
0.8937182497871765,0.2562361488039046,3
1.3671925715787205,0.6609016578518451,2
-3.3552033193495037,0.59953622876087,1
0.6772587655743251,0.7665615423357656,3
1.7610632064845935,1.5694577668340033,2
1.4552855949617345,2.29801669732755,2
0.6414986023993084,0.20813957604722613,3
0.8044976165342186,-0.11520851453474283,3
1.5147324447766917,1.5674675476949624,2
0.5016190105093776,-1.007104902432234,3
0.5078064724883575,0.6586665555585326,3
0.402565861770743,-2.247420033023466,3
0.5863346726475662,-2.9746403385154,3
-2.652210519381338,-0.41856544040122895,1
0.4696032478170446,-1.9546544649343798,3
-2.1025531975624734,-1.520735812844037,1
0.5038494616177128,0.7509869643804425,3
-4.2435348599034945,1.1205369273400512,1
-2.6825575052125017,1.1675639274239715,1
0.6274238530326348,0.6878115841263633,3
-4.561565609076924,0.10611495953210107,1
0.6178806106930247,-0.08166075366774421,3
1.4532231142155756,2.1070773884698335,2
0.6632092277743845,0.881135514557088,3
-2.808883081989708,-0.9073322911231386,1
-3.023436679760899,-0.023480074532888036,1
-2.0424655034156056,-0.5676436146948343,1
-2.4171011158508637,1.7858613938411878,1
-2.936901171336143,-0.12163103266021265,1
-3.4075399288102663,1.1801016289094088,1
0.318327161760001,-2.294786080026227,3
1.3230781181729496,0.5679402965444935,2
-3.501130355308494,2.487560434642865,1
0.5326330153197506,0.017429010471447345,3
0.31055455187665015,-0.8066517992996359,3
-3.164377801311231,0.3802075564353655,1
0.4784537568151656,-1.9879468741975137,3
0.47641667219301564,-0.3954517450357621,3
0.516498830500266,0.6555740308253128,3
1.0054532810146255,0.13587509378801965,2
0.4155820743578517,-1.4327573534063498,3
0.6081508109273415,-2.383586476435206,3
-2.5352451514140446,1.222682085518484,1
0.5735258561184892,0.9970271433143276,3
1.5191180535390696,1.3798577601002986,2
1.2002530365643427,1.3250251881884134,0
0.734613389673601,0.517123968682855,3
0.624709803699267,0.3081241603630567,3
1.4571367335076673,1.1245884774858208,2
1.4307010798721502,2.006867700905228,2
1.2153494341846551,1.800352423912162,2
0.29520966976004387,-1.3475226402141722,3
0.4688441250607754,-0.1331438091612235,3
-3.145221123935056,0.5148627838625799,1
0.35222401257770636,-0.87282934753465,3
1.4722237189202083,2.7922862152116448,2
-2.372265227081754,1.2688301087629066,1
-2.491130614982789,-0.24968045421370674,1
0.538530191206964,-0.7901259526882662,3
-1.4040181294305032,0.7550295569079655,1
0.37915765790036887,-1.610027701161403,3
0.7385419779384108,-0.43185725781401163,3
1.1082570054351033,0.5616291498113841,2
1.6282185728392782,1.9749134094056577,2
1.195073998375303,0.22352970836019612,2
0.2937252967465119,-1.1882574128232242,3
0.9103386967229924,0.2676444615742979,3
0.4235851705387198,-2.448414918595341,3
0.5962658467264649,0.6891218111539362,3
-1.5373801118105628,-0.8004570615972564,1
0.5583580318721845,0.14003394814840187,3
-3.8715189634494886,1.9726958164624309,1
1.630727433869574,2.2166655560978104,2
1.4130767116789327,2.600760383534641,2
1.074351601403391,1.1256463519773292,2
0.4556399564469301,-0.8397394950433257,3
1.3644375767210726,2.3159631994671157,2
1.4678524396663624,1.835443843468353,2
-1.891464794685872,0.42567169292697854,1
0.8935624359852646,0.045303951408507535,0
-2.470449881409023,-0.32957365060823335,1
0.9616015425865169,-0.147820623069024,2
-2.3068987229585023,-0.3393410501665148,1
1.1928986413193932,1.2963180867379847,2
-3.287245826852029,2.2371162720739997,1
1.2034290419545541,1.3324038200127648,2
0.8330521174861489,1.5244480300109193,3
0.5268617520115522,-1.4648880089942644,3
1.1842107850383985,0.4938176745769851,2
0.47623095175134467,0.07877833531197097,3
0.5377071336718372,-1.834243816582025,3
0.41052825099535883,-0.9492290980378616,3
0.737756816501447,0.01108573540051466,0
0.6070875806734974,-0.9328215328806971,3
0.557124595873429,-0.8891028190452729,3
-2.6254070631884727,0.49690389307163085,1
1.015837437929536,0.1817531247330016,2
1.4891696203398948,1.7638170307543422,2
-4.039908329241601,-1.1745818358335678,1
0.6765397904030286,-0.9766365563055771,3
-2.0420206253491147,0.32193831120458805,1
-2.75977468632943,-1.1452487144207633,1
0.770140733047597,0.17974225612821637,3
0.6076065871351403,0.6920874750437168,3
0.30368966591098434,-0.36334749373674186,3
1.4072461696675989,1.7922804841286613,2
-2.3716043770202275,1.2557617250153432,1
0.8587693278167188,0.24597742154967098,2
0.48394748421195544,-0.6380874556412754,3
1.007487433281565,-0.4373600386927196,3
-3.079537120008722,2.3727167200430537,1
-2.8842901727579373,0.9171301993765294,1
1.2152309026187822,2.0962081937987507,2
0.3724870629882979,-1.5740196608677244,3
0.586817493714951,-0.11675130183296813,3
0.5795127022985076,0.37798956232157227,3
0.6116176368188504,-0.08012186856078693,3
1.2125210235469779,0.7055193590481837,3
-1.0085643415583758,-2.5800826538591366,3
-3.3813773850086113,-0.23934572388410555,1
1.0191025586380578,0.8554020673184419,3
1.6403347249690368,2.7775720123275836,2
0.4180924314485562,-1.6266039131784176,3
1.4093359967068415,1.4726350007020224,2
1.2199348795408451,0.7819711042442423,2
-1.5738499754894841,-1.8450798573171996,1
1.4789270354333184,1.997200751034656,2
0.5520502614069005,0.42863015515076835,3
0.8861682008643059,0.8069782112504215,3
0.5496508553456716,0.3165054101491298,3
-3.627204165199948,2.0314741269355885,1
0.7900657626643339,-0.3233199035676192,3
1.4197664884507175,1.8237170786345749,2
-2.3672668773615118,0.9769522486268579,1
0.5810457753618603,-1.8043410515017804,3
0.4554854655812115,0.12432118059267928,3
1.293009008979908,1.8643186791614637,2
0.7608238914204758,0.5932448930417097,3
1.1741876864231766,0.8521418986053879,2
0.7191884212437356,1.3361758738841758,3
0.5953782460446471,-1.3906596798420667,3
1.3279727887216488,1.8632028531343126,2
1.5477265635255644,0.5352383741399779,2
-3.711319724969571,-0.6220767726085037,1
0.591755904680631,-1.9707940620804572,3
0.39568908718559753,-1.5578352867833662,3
0.6886029688679947,-0.7171512595507137,3
1.7519785426544674,1.0099104634691014,2
1.2380809538784658,1.727311332512712,2
1.3828223324725362,1.7324512959134293,2
0.3062566429608588,-2.2239004817452956,3
0.5669065025964743,0.26072709989291243,3
0.7174427944026459,-1.2682706986119718,3
1.8185413899835767,2.6421867972403765,2
0.3954114067138365,-0.6748259128425654,3
0.6567831958709299,-0.3976444728195431,3
-1.9887977328377784,1.2799020102880756,1
-2.661684425509357,1.0833266431072686,1
-2.7066710894165698,1.6887525818941604,1
1.2684201876685055,1.863143090060768,2
0.6517534986528287,0.4625302597658759,3
2.8720815800028414,0.7832184674607581,2
1.365600077034542,1.981525405234974,2
0.6527425803019572,1.5337579353248734,2
-2.816280704049842,0.11981771488631378,1
1.03847549777029,0.825015165681032,2
0.6829587632382373,-0.6597975691883872,3
0.31464811100333423,-0.7672638299666223,3
1.2688390297465748,1.0659832700830092,2
-4.373154618966026,-0.5082963973549857,1
0.41429879649632695,-1.0177668408906355,3
0.8070924741137292,0.23161364063023235,3
-2.4336572130223932,1.7393854260885866,1
0.9614184585047603,0.11249757302309234,3
1.0478858816787398,1.4506422075774184,0
0.6606982117217343,-0.9551144581543963,3
1.323305536539788,-0.17848494265590995,3
1.4829844552578726,1.2634437043944662,2
0.31210341547285314,-1.3104052789639435,3
-2.8966038730929964,-0.6294160205663808,1
1.3409485890864845,2.52546420263919,2
-3.0056919323114286,0.7736090275582481,1
0.585621898233573,0.25648644528662573,3
1.0168598345023847,-0.9453041255693901,3
0.7202296389288558,-1.21804671761545,3
0.7927868647090008,0.6001972338904202,3
0.3027853889663546,-2.754867648975181,3
1.045732970745572,1.5768141919466172,2
0.48645118300104767,-0.5211503819176956,3
-3.1539242364843725,2.403348909074156,1
1.3953861631598934,1.706825460697494,2
0.5949277699296573,0.8815239418834153,3
1.4627262154680636,1.4155505626240115,2
1.1472887945255548,0.2630023407757631,3
0.9650112416133853,-1.29368050762058,2
0.4144303992641358,-1.1884786335219462,3
0.7905232607127776,-1.537195065870195,3
1.3035550841314583,1.2673581841689086,2
0.5092975524639991,0.21228831712704085,3
0.22968360739064145,-0.18660019122764387,3
1.0746953025495345,1.2926695480156256,2
1.7712302725211477,1.719326005188014,2
0.9986038284782605,1.2803073300775734,2
-3.3851723623385217,0.3704721940733473,1
0.4739239705623879,-0.8966940884823223,3
0.5266321867671065,-2.40038401121078,3
0.5504177168289492,-0.273790374315243,3
1.6120594606174585,0.43315838663176337,2
0.5445779572486525,-0.08866581620254607,3
-2.3467418923467602,1.6748353958845756,1
0.920986028599952,-1.0634415273418198,2
-5.952169014404987,2.9173461767594984,1
0.25504225083424775,-0.6897069487980209,3
0.7795499895571146,-2.699755470472625,3
0.4323012695284381,0.17262534837757215,3
0.4036885689858083,-0.8066184545986202,3
1.1389260947607345,0.31589732729074343,2
0.2049357407487788,-2.2455187574886564,3
-3.4172556659951017,1.2107023880953796,1
1.4510816496666352,1.6320792564852988,2
1.4176224289349035,-0.16179786707807206,2
1.3405516494781289,0.9176109069395952,2
0.41849411264167813,-0.3228727188629531,3
0.725384789202088,-0.9842774463037315,3
1.135317567670448,0.8922297030831405,2
1.205682064297299,1.8242046972700547,0
0.8162921755155195,-0.5586670795682757,3
0.750869961705439,0.5087656017047963,3
1.2530623512163988,1.910361860883336,2
1.5125146067148882,2.047456815389958,2
1.1258720484184024,1.2127435526991406,2
-3.2025461813116505,0.9390928874961882,1
1.1328749134579312,-1.0615343498163474,3
-2.6442310688315103,0.09564201519070133,1
0.4581654432851866,-0.8282806937105788,3
-2.956809675899754,0.30234948355643837,1
0.44443564696775606,-0.3310177200446,3
1.4201020769248087,2.7290015542632333,2
0.800037811574632,0.2667337242159393,3
1.232467992039933,0.567191107356772,2
0.4384043790235155,-0.10950751784839108,3
1.2840163063843424,2.3147005512115406,2
0.4543857809551704,-1.9279036529913498,3
0.6401282221919123,1.3921237787159058,3
0.4948733956583034,-2.2495615377084315,3
1.3765119132882964,1.505955863744408,2
1.4436492080002272,1.1579729913984076,2
-2.5539451229927455,1.7821801278887186,1
0.7386992444712268,0.8052999540278414,3
1.338357594051178,2.7115050186180394,2
0.6624001348830092,-0.4096319415051346,3
-0.9949464764872294,0.5116173761607152,1
0.5509157457922368,-0.03541196946985213,0
1.1439974080285737,-0.06670065062732514,3
0.9309924777200258,0.21768456924285548,3
0.9709932853366617,-0.4475124872498566,2
-7.420238505539991,1.8314793963459848,1
0.6646505877049419,-0.2791214137055756,3
-1.738599759261612,-0.8397779296811597,1
1.1118325222717318,0.6442200676205798,2
-2.467516200670215,-0.6751086828842311,1
1.330542025771142,2.46507514915307,2
1.0718308523330407,1.1491350613231597,2
-2.496570961275783,0.8192947551707008,1
-6.040795226132654,1.9352997026827738,1
-2.479944566937449,-0.979143812658347,1
0.635360000289943,0.8615422871891525,3
-1.2636788918070827,-1.6836634507747543,3
1.2558169093072333,1.213498687784812,2
-2.352164383339444,0.06290271261595609,0
-3.045288380991556,2.4962612022374318,1
-2.3913952197443593,1.024175452909999,1
0.7474611534096907,0.3139928379929014,3
0.9131816498635704,-1.8514623151293224,3
1.6101262723648175,0.8127753242887038,2
0.9668596568025634,-1.8468125290309911,3
1.258703345786194,1.4003433730514903,2
0.5309472429173787,-1.4365626109540715,3
-2.416804929263553,0.5822415758808948,1
1.1637267349402736,1.06225039865955,2
1.5411440856551053,2.2936798460241694,2
0.7123496082104273,-0.8474779729185533,3
0.7745741846273183,-0.27231733424097976,3
0.9064900498174272,2.0192808668750484,3
1.4962653685281342,2.5122611632037466,2
0.423219837965178,-0.4041141737559323,3
0.921008286027594,1.3226558946663687,3
0.7526594540644385,1.51679028381196,2
1.203587097637706,2.2284995220124206,2
1.0591771251892292,0.623632865964874,2
1.2124720676588616,0.8579908336326529,2
1.526709822598796,2.0546579248644172,2
0.9678048254921742,-0.1685813380002609,2
0.4343552279407997,-0.00283663438367038,3
1.2920099621797296,0.11604910875680925,2
1.5142978076258924,1.108953744285912,2
1.4393015932313589,2.313425168957804,2
0.5895060637878387,-1.4865060706279773,3
0.8658058640880468,0.6286543758902635,2
1.5613643840931177,0.665715719239214,2
-2.201849312664611,1.5380734741167572,1
1.199436620977529,2.331991738012316,2
0.3537901013196823,-0.23556135771076,3
0.6725773885644061,0.6366948581736058,0
1.3767022528888198,0.06911120611732559,2
1.375659548074993,0.1482430710464493,3
1.1227168094566005,1.6641975561387863,2
1.1946740631440902,0.5582885557106836,2
0.7185251053887521,0.7818485588693563,3
0.8098686403458812,2.0208350080756907,0
-3.1008675958091336,2.1830334508175047,1
1.0176208341198176,-3.3861269738084654,3
1.1966610140166087,1.8315056166762271,2
-3.290098937822493,0.1221022000939685,1
0.36757457423842793,-1.6938240382051517,3
0.740792448405331,-0.5203806716653407,3
-3.062844200208244,0.0556434553565268,1
0.6674280641043425,1.1457103823348187,3
0.6130094061084777,1.092135945042181,2
0.43409959786693875,0.5466937688520103,3
0.5814747553676219,0.2728505939167133,3
0.4974562152284646,-2.1619386295297525,0
1.0965155847484338,1.2534122100127036,2
0.45493952135340404,-1.4232184587141916,3
0.9649646974517854,-0.253847585604747,3
-3.700726887176652,-0.5482720203179833,1
0.6017617033459208,0.9661954589658335,3
0.862632808570167,-1.145491334379666,3
1.1691547269431717,0.6598715845626354,2
-2.351492554056076,0.04778087860950818,1
-2.253078478638146,1.2900803732558328,1
-2.1020707888332546,-0.8498572207104483,1
-3.7159894222029672,0.514251761299239,1
0.6299520763247295,0.10898209737365029,3
0.8548675405551105,-0.1785128038362164,3
0.5789413268225247,-1.4214431580742237,3
1.4302016894570235,1.8294423389902814,2
-2.2332148315081746,0.29872660385589306,1
1.0645108849807534,1.2138112210202483,2
0.5093490306821782,-2.3282907670578195,3
0.839530065907652,-2.750428834274039,3
0.5020543838710096,-0.3615287431976415,3
1.4765455824979874,1.3365367437004185,2
0.7760458411298479,0.18828192276153977,3
1.1254546712417972,1.2568958681416242,2
0.3146507970260843,-0.6444263110478022,3
1.2663058183735731,1.6430782428315045,2
-1.17429335916145,2.1358844732246713,1
0.5495397653784365,1.0096153753125203,3
1.5178177425517403,1.766232433502766,2
1.9042367912368854,1.7548382603514572,2
1.0461662273135988,-1.5316872561450232,3
0.45955972127021044,-0.8929012771806628,3
1.1286687575686511,0.4335943834569,2
0.6408225150833545,-1.5208768153749186,3
0.8347218591090524,0.33225272154898533,3
0.4770138165466061,-1.9168028237868555,3
0.5762822911951333,-0.8982348285972603,3
0.40341860861115464,-1.4500086210768484,0
-1.2660944840751698,-0.8202023535306232,1
0.5135999159117024,-1.6392613393410371,3
0.42978357665296224,-0.2031361735985762,3
1.554149979327543,2.3420281461216454,2
1.1482154802249176,1.9995552321299295,2
0.38591247589249683,-0.45573772770022364,3
0.47475318162942515,-0.5527842642959556,3
1.3676154059736105,1.212716374274915,2
1.006660675761306,-0.12719388788596533,3
-3.9267712050935635,0.7662842122857775,1
1.125996136196815,0.6261477411720352,2
-3.304307687703477,-0.026617223293808452,1
0.6682917415149826,-1.9877605410421446,3
0.7253444355701957,-0.6149533825599854,3
0.8104401996184804,-0.35228507717542823,3
1.22415522847948,1.7152690990860282,2
1.342275189322786,2.714566154890273,2
0.4898586177720021,0.31465150723956514,3
0.9791237038085662,0.40361235747865415,3
0.5515391961686757,0.3566936115618528,3
-2.1185434574163717,-0.8983438199543093,1
-2.788386789504903,2.733279508170646,1
0.5229028902196503,-0.1741137710685132,3
1.2095962112378014,1.2718115937983239,2
1.3289212130252512,0.5783205256321936,2
0.5680865990372733,0.2938600098387366,3
0.6724292400559895,1.4232758745599583,2
0.9697371009500138,1.3660255075694772,2
1.2810086554868654,2.2163426824132135,2
1.1181480579216043,1.2417191637540699,2
0.6670144038461049,-0.44846507451234724,3
0.612472700802193,-0.8817875377572647,3
0.4436649843712344,-0.39622693003832116,3
0.4797308765280931,0.6762484598626796,3
1.489505540641113,2.094653537760545,2
0.6640035814106022,-1.2025273478372884,3
0.6070863176366533,-0.27303516910604764,3
0.6229097652972267,-0.539305281331983,3
1.22629215292705,1.5468710185914016,2
-1.2968303175284805,-1.4113949868353615,3
1.3195341735792023,0.12400938572835347,2
-2.331004159222032,0.3411049634558007,1
1.3380532878314206,2.4545397336801598,2
1.5768446985132758,1.5647255357005267,2
-3.13652925823392,1.268794463641657,1
0.35925729073189877,-1.9160773609446409,3
-1.9645285348839356,-0.9127812014485416,1
0.9048496739533913,-0.8200042899092732,3
0.9381095602558855,0.21039574415414938,2
0.3061170104837578,-1.7363821229651322,3
0.20435507691300675,-1.877115669818927,3
0.7370232595933187,-1.9858177668904993,3
1.2592472525327327,1.3430643548538554,2
0.7196589273998831,-1.3987351279707039,3
0.6918648142299738,-2.447879996693132,3
0.46840020161198326,-1.102164203507434,3
-2.9765082468422674,0.7124264610883672,1
0.5267349954784284,-0.35487313297395834,3
0.6652075677562423,-0.20822347365591332,3
0.3771250441655523,0.010592050791201816,3
-2.5536661045309144,0.512538264806836,1
1.1649489764757872,-1.077887598355642,3
0.41760670646233117,-0.0006375602207602272,3
0.3321092611422157,-0.2907708493311568,3
1.3838831594410397,1.7274851690825115,2
0.5612102685637768,0.2529721747963656,0
1.5081062881973486,1.372258069090003,2
1.0557479171760011,-0.9618245389007785,2
0.8004838237600392,-0.8965947598699595,3
-2.6563679333791894,0.31146755529471654,1
1.145424228524673,1.4948967233760664,2
-2.2832327834211963,1.6973269801924984,1
-2.6191758433914796,1.0218581938992999,1
0.7015892321587176,0.6478284668844362,3
0.8927384430434987,1.4278641602963826,3
1.0451437018109737,0.1611579692621266,2
0.6630022883473226,-0.8790303367458856,3
1.4586710924478976,0.5418028696981932,2
0.8315188185510662,1.2421346743181898,3
-1.8140074291014805,2.7633264444052528,1
-3.305841757147753,-1.0763428040599499,1
0.5257172347481986,-2.3513896913305268,3
1.591817763585326,2.4537116588977366,2
-3.7370640471081353,1.3842058545490428,1
-2.413398196220595,0.860387196383658,1
1.1077259347148423,0.752983534471653,2
0.6455969468957569,-0.27687829450822266,3
0.3922323753009399,0.15693871697745188,3
-3.527992521545449,1.9894198943670058,1
0.3411627016698105,0.10166299921983447,3
1.1085064614607592,0.9434946967054876,2
1.0759319568050971,-0.9563339458377744,2
0.2817555252153881,-0.9843655129984082,3
1.496002111033929,1.3632250399659132,2
0.7580922882031734,-2.4061781365949595,3
0.7333269973489688,1.127577705119011,3
0.4618192450839735,-0.20231809511105903,3
0.43450930396834253,-2.7110627601558783,3
0.3961068274138647,-1.0310360480361982,3
0.8560104826578211,0.2272143561024382,3
0.5833104015161961,-1.8004200295998307,3
-0.6739898967683741,0.20602441628175128,3
0.5991920091446316,-1.8097850529164667,3
1.2428446540495668,1.8257103795584149,2
1.3820734608316076,1.271750994733969,2
0.6739731725292486,-0.3518106628772099,3
-2.6703668006627184,1.9409212439297883,1
0.8702898711313145,-2.3685981154114772,3
0.5589679668781237,0.2601614673264749,3
1.1588165619135309,1.693896788247972,2
1.2254876804185164,0.9139286553640695,2
1.4132488199514743,1.1730484252001954,2
0.540792461332116,-0.6016652632710767,3
1.5468366841693992,1.3123038185858908,2
0.5996782928063763,0.007452651392435559,3
0.8109390750583778,0.8901329386181087,2
-2.336416228708227,1.0212547087639117,1
1.2501757146082555,2.033301588724588,2
0.12582667901106287,-0.6273258440640602,3
-2.056958203763535,2.079711235437547,1
0.4551762390013865,0.5770065861415941,3
1.1539657646775419,0.5994601682246194,2
-3.2185713113659733,0.6120670857439524,1
1.3145563005926528,1.0151975961332684,2
0.797493432062397,1.146286495015404,3
1.8504932145249129,1.2592945439555685,2
0.9922889821632304,0.07232206749146265,3
-1.711832286514581,2.0232398891430035,1
0.6799025119404107,-1.0834906024633433,0
-2.9979639268003018,0.24589718779161085,1
1.4761912341986931,1.5847698651193185,2
0.86151880194634,-1.3670731313224262,3
0.6262401959283617,-0.3421615983119684,3
0.8188937765879858,0.30430623424304504,2
1.4349929162169084,1.384944033728523,2
0.6706025039940734,0.2003098896194808,3
0.48204504128828857,0.4369262332297585,3
1.484209824626933,1.9379653305965714,2
1.44052846968475,1.2596522056202264,2
0.16074995773195827,-1.375489083124858,3
1.3085190819355483,2.2741733062815492,2
0.5679543368727982,-0.3165371855318949,3
1.3480461926965805,0.9753928969405936,2
0.6136678728250591,-0.55213993035059,3
1.098700401211936,1.2903689531082014,2
-1.2942415411591903,0.11422190709577512,1
-2.4854827258388354,0.3944282688200058,1
0.6172457352632035,1.6159457940952082,0
0.3668406415014251,-1.5987791472491113,3
0.43435304158209254,-1.5329031713293468,3
1.2423226396270146,1.0360877935016621,2
0.5456701820364677,-1.0595776195583855,3
1.1433979405061694,0.6774300402506206,2
1.3512888809756436,2.5284300207278587,2
0.34265019432724686,-1.222927880700633,3
0.6698967889288118,0.68792770418815,3
0.15824058909586342,-2.044477071796162,3
1.5598462628263128,1.5629632852195816,2
1.3580343792198692,1.272467284899258,2
0.6295672412628394,-1.159089520536796,3
-3.0859746354027973,0.24191734853626015,1
1.2126566360464008,1.787595738314872,2
-2.6751547202464243,0.924262517979924,1
-2.282558980334108,1.7408916288468235,1
0.5400548849929708,-0.28291768382526766,3
1.3076357995236982,1.7461369914781206,2
-3.9054224211307846,1.211507931970829,1
1.4408661223109462,1.7267769598443627,2
0.2281914693879369,-2.089654741060163,3
1.4022304785234334,2.0929016130614513,2
1.429698559665549,1.390738233210217,2
1.1712430682154122,0.9094883685902366,2
1.089212448586117,0.48680702588938496,2
0.9725357436301689,1.4821798242796844,2
0.30587708854736995,-1.553673404472817,3
0.5739367181214033,-0.317153388129559,3
0.6370734026439686,-0.8562601805184102,3
0.6856564328007907,-0.136887364579839,0
0.4849747283363079,-1.7417467394508297,3
-4.260495747682127,1.1988557127627768,1
0.6994393772723975,0.490908673164556,3
0.7832046974349811,-0.3120782538113967,3
1.8736670407311296,2.32510783379265,2
0.7635209347252705,-0.9946837426608903,3
1.6024038111814367,2.459248602246776,2
0.6281966888289848,0.306905629230446,3
0.9097327188241563,-0.8093165649301941,3
1.3075680669078078,1.4917600044199917,2
-1.0635410519702218,0.7753436403334855,1
-3.1560543604865576,0.24810744847737878,1
-2.3474762811180896,-0.2474621202995377,1
1.2185679980424173,0.886680382198797,3
1.0109930367771949,0.5601338397026535,3
0.7992805357429851,-0.3253867036201239,3
1.1359572558619453,1.7300979654992228,2
0.5924943467042986,-1.4141153667877318,3
1.455358127857152,1.8693432490291169,2
-3.0878170646949186,1.1912855630368973,1
0.9315388301138123,0.5061706593412796,2
1.677436620410047,-0.9237028620450374,3
0.4741841672758402,-1.0128315602315168,3
-3.5666827450715726,1.8233725071737055,1
1.2065797281006512,1.7906542388225737,2
-3.412037300818465,1.0060430323494542,1
0.6093457675220066,0.4870840860801392,0
0.5819455681999683,-0.0850646698358638,3
-4.222200337963814,0.11900911047423651,1
0.5224891062276478,-1.9626867351780672,3
0.8866490391571693,-0.30553711248795756,2
0.872379622926454,0.4015261747111298,2
-3.1827048242134524,1.7672170692678717,1
1.030346360924171,-0.2847110461720863,3
1.1894075244062068,0.9048059377026703,2
1.6479770755975947,1.9225258797099058,2
0.695149499613081,0.3228035874392385,3
1.6867425688289603,-1.6997614193790243,3
0.8517728068576953,-0.2766653956225376,3
0.18899156220000873,-1.9366389923032543,3
0.5383292031603862,-1.8926813785664427,3
-2.9571906435880373,1.11453758963093,1
0.6133393793559486,-1.043025616899568,3
0.442540405623273,-1.1301484327177098,3
0.4389545393035816,-1.7865945428410615,3
0.9006505522287925,1.248078133478355,3
0.29031249744341686,-2.068389762034717,3
1.9518523368759406,1.2556844292573397,2
0.3045064819045327,-1.5359457394559046,3
1.532500484207778,1.2906517359359837,2
1.1290011086841876,0.06419952167901923,2
0.25845433772871457,-1.1683900394808944,0
0.9373466715522663,0.3522573108081431,3
1.6048933905596152,1.0933018255034452,2
1.5753182237176602,2.2886230255749798,2
0.8927350471638241,-0.29752940566604674,2
-2.3497719427433124,-0.7271405761839523,1
0.27659672059032764,-1.9611855591196206,3
0.8575621881026538,1.3111986883049658,3
1.250396435306439,0.3384323197784867,2
-3.1367360753286713,0.3390626422833411,1
0.34309964773830937,-1.4905567352065467,3
0.5298522363601926,-1.2849963936100368,3
0.5193101509329825,0.01714991763889542,3
0.6552877970768284,0.27495981577725265,3
0.6370960007538762,-0.9370860866041212,3
-0.8059671604428245,-0.18932587740849663,3
0.4781517443393588,0.7355957763145234,3
1.3304013435435629,0.3207405710669988,2
0.27250177289029126,-2.1219968075416866,3
0.3766465744338299,-1.1002409141210137,3
0.8768424540124654,0.5116217508185064,3
1.5613762097561892,2.7572694968205314,2
0.2947272809642009,-0.7718951283890403,3
1.4272913398202343,1.601648958973836,2
0.6705732723185315,-1.1167184491139683,3
1.2675620043678155,1.3781239606739832,2
0.20408725095847408,-1.7977907727097469,3
1.2996246288965174,1.1032854701457877,2
1.7957384372992844,2.1762763793623225,2
1.187453379083218,1.8599416210144175,2
0.7734184188782723,0.8151381036745721,3
0.8268997758814932,1.6622530621909215,3
-4.142850768541995,3.126065425702404,1
1.0613798732093476,0.4115923367519058,2
0.6248829478232509,1.5452734178922913,2
0.6187482067351019,0.10422241666589034,3
0.5754196869741446,-1.5334990317315822,3
0.4145189759791116,0.016112579901641718,3
1.7176023806979566,0.010722055019862174,2
0.5173682298968947,0.7319147368787454,0
0.4220196390621133,-1.6244765871873392,3
-3.14198509831074,2.34081565106788,1
1.2988898663534318,1.3081200597728906,2
-1.8518744442759736,-1.5479166184070916,1
1.2892450849622568,0.5756503588328028,2
0.5922352908244795,-0.5223483033057689,3
0.7885743994580942,0.25823748933841834,3
0.7239323007125392,-0.35228404905588007,3
1.4470128261178958,1.2808522433607246,2
-4.615691287218757,0.46318100227913384,1
0.2617112376470805,-2.1407971927911027,3
-2.0016056637493307,0.4207938345368624,1
1.088588791713298,1.3851082135867712,2
0.5222337892954816,-1.0500333318529989,3
1.335843147267667,1.3738041522876965,2
0.5343790732683185,-1.9322767367476859,3
1.1587638299707428,1.252500682359706,2
-3.0399890151247115,2.9783260838806807,1
0.9383210946861378,0.01387308354847949,3
1.0015204058920475,1.766119984449355,2
0.48172210554197814,-0.9015003300002775,3
0.15113134272609935,-0.668129669952169,3
1.1658113060419122,0.7729116104715398,2
0.511432704034967,-0.4890085779964515,3
-2.9764689055166476,1.9148665180912805,1
0.6121023303750562,-0.15570947900839538,3
1.191259846861701,0.67848784238856,2
0.463449178353012,-0.3474244771980925,3
0.7914467610117486,0.11068032757884406,3
1.2198312287709794,-0.09019125197866985,2
-2.119797250593652,2.4491671510851885,1
0.6910790752170711,-0.3263924275026332,3
0.42111807751470715,-1.664625919319964,3
1.285772058305826,1.9441973872111245,2
1.4711903454677766,1.3529211820328522,2
-2.2303104985728486,2.128535357530343,1
0.13772569533720586,-1.7647475334984684,3
1.2295629886684396,0.6024264298005955,3
0.11036392896618069,-1.6743021200155364,3
0.8546600800239362,-0.8115094056163742,3
0.6272347562775633,1.1586998760608076,3
1.5478652247007052,0.859900770156991,2
1.071806488633555,0.06415653193410524,2
-3.753162956523957,1.1497281121248102,1
0.4786721539661162,0.2762223977515125,3
0.3122855348259609,-1.7447788787594554,3
1.1696884599657709,2.049962007456413,2
0.9453677938808845,0.5142819639696258,2
0.5311760184343004,-2.0002104939640626,3
0.2167094320406348,-0.8029263404811662,3
0.660921658078091,0.27117486310729977,3
0.11660284701338935,-2.045304609302163,3
0.8263633953681374,-0.5296845637236304,3
1.090054770296834,0.44863335993896203,2
0.544690671085055,-1.3390484338310569,3
0.9326303387489865,1.259346418384342,3
0.7347396556899045,0.40271765899572926,3
1.1779375642554866,0.5447955097662709,2
1.1663345731806714,1.5820178862837755,2
0.5189875308946206,-0.21166421451479334,3
0.9422820828044489,0.84501060709096,3
1.3542783307757162,-0.18270846478722833,3
1.423877435639501,0.08221852556060681,2
0.4886581360528609,-0.6475297236600253,3
0.1670024498929275,-1.3418586935240924,3
0.9523428499573575,-1.2178297467175674,3
1.4300322823887377,2.1778057554102417,2
-3.1415043566817222,2.3065416735785806,1
0.9993618880099946,1.848267431330554,2
0.32110470417479675,-1.704231960513368,3
0.6996489852934429,0.12841083588313013,3
-1.3984418887064125,0.9410759053160714,1
1.1304469424472772,0.548922870016631,2
0.6293362018444141,-1.3937791592883986,3
-3.614470101316601,1.5051023409781408,1
1.0149798411524928,1.4241486846186533,2
0.47170149838273345,0.6719773969930278,0
-1.2309755475458197,2.0311803953537875,1
0.18355582415318955,-1.780325835417661,3
1.2543904521566518,2.254919418621649,2
1.6191491657009478,1.9345039788443235,2
1.4249633119895884,0.6025504713406049,2
0.8467713291718629,-1.9355384523767218,3
0.6254489162579691,-0.04476758921532667,3
-2.513863330539176,1.1413526240507201,1
0.2708575139424534,-1.0277696242281926,0
0.6905618630690438,0.311587049588245,3
1.1654214930417852,1.0051363251278007,2
1.0068801054392336,1.0149565076787728,2
1.770714897307097,2.918750312492686,2
0.6939400658066199,0.3166295068802804,3
0.6469690782019875,-1.4969199539409137,3
0.6639433071562769,-0.370961176187871,3
0.341979962346983,-1.471354355283932,3
1.418970410542558,2.664066985334847,2
0.5987524296782384,-0.45533992818748487,0
0.46004822756482555,-1.2568000747437602,3
1.0465233045324929,0.3762171894306913,3
1.1667880577154788,1.2742790390144336,2
-3.0575083696563126,2.43312727211515,1
0.3899005848524514,-2.818902353809434,3
0.44801777877255006,0.3406804133638031,3
0.9416704511945662,-1.0496247311174631,3
1.0923022495464885,-0.2601413034133093,2
1.6042317115735198,2.462677454842144,2
0.9766662048328236,1.0208895750199247,2
1.1462843633126147,1.2018249318835164,2
1.318351334987088,0.6663044544884532,2
0.6891727414607624,-0.43175415245855,3
1.3207400250742523,1.0023095950295826,2
0.8659648898332758,0.4151049537059774,3
-3.2631416605428347,0.7062392323100812,1
1.5019970043311293,2.1985214855553146,2
1.3803901567350843,1.3719849131981914,2
0.5793223665047263,-0.8814637835136164,3
-0.9292322571682684,1.0296389011569118,1
0.5549093108330321,-1.9309775651552374,3
0.8489222357668242,1.4206292754904921,2
0.9794338181241773,0.14760840703952288,2
1.1280395384947295,0.9516629453060286,2
1.7254608119933335,0.4560142174602212,3
1.5165189680794056,1.579207708161522,2
0.8889455774660923,-0.6617345687657684,3
0.3558261140551355,-1.182435828647845,3
0.3458378077528693,0.3212783077383568,3
-1.380364144834391,-0.5076235232836093,1
1.2776975213833013,1.142305578712312,2
0.5324502410652093,0.6100009713579092,3
1.3911895532441432,1.5507009890981112,2
0.46047174471751706,-1.092845315316535,3
1.1695464011395151,0.5935762428130246,2
1.0351425006757367,1.3709072238723883,2
0.23899559281629215,-1.1807162999340708,3
-3.103317769081707,2.373348419564772,1
0.3320496673372237,-0.2611247200055149,3
0.5207132840078954,-0.36711598971162174,3
0.5789302893084622,0.9187444272368324,3
-3.771860538965768,0.5527160878778474,1
1.649209653460806,1.9057757056751485,2
1.5250116559758635,1.5759123245893394,2
1.440641325137249,3.1647565218984663,2
0.608576072476894,-1.283046872808203,3
0.5999383122618909,0.8905021021768018,3
1.7696779968495855,1.2149115003127327,2
0.1134632549664702,-1.7868202612058721,3
1.3830516981651078,0.8134662591424494,3
0.6843671751511692,1.3517028194120788,3
0.5280441589711118,-1.4419287613776657,3
0.5876671883427987,-1.7830471729289779,3
0.540644383550901,-0.08438589971968025,3
1.2949949143534005,1.5863486201477934,2
1.419941881189448,2.465208357779218,2
-12.234372317016698,5.627493262709596,1
0.5200405743505715,-1.3750551257847494,3
0.5553520000084088,-0.40687189041408484,3
1.703602116634497,2.910057260641887,2
1.103194295908574,1.9844026522264642,2
0.28315999449317836,-1.764440616177781,3
0.25528712778122914,-0.636299974543976,3
1.072482688782577,1.2539842375880943,2
-2.647250999382425,1.1501250895441872,1
0.6300558222114774,1.0139540128897857,3
1.1901706394620453,1.5079348820728589,0
1.3052703815567157,-0.29021454395903545,3
-1.9619643296680966,0.3711698267443594,1
0.7202107844109548,-0.5436614613775237,3
0.5202358776813093,-1.830900056686263,3
-2.129138857181346,0.22951176033771162,1
1.3646245770048764,0.6239662296719415,0
0.5537591762617845,-0.19252030335157272,0
1.0509948819305523,0.4321062816756945,2
1.4851667444273318,2.422898957570505,2
0.14022225773532476,-0.6045153574618826,3
-1.1209840228542436,0.18586761193242693,3
-2.0766141361807633,0.8094423023985575,1
0.9563061511185922,2.126632957580699,2
0.7186495621380012,0.9091130567959977,0
1.537990355343943,1.7372823203472427,0
0.7692908043420383,0.7147941999325903,3
0.796056554991602,-0.3914150326350149,3
0.9071983861278903,0.9741868199371562,3
1.3666211901220817,0.8145442896759248,2
-3.0860749012000404,0.42395936775390036,1
1.1409653130972366,0.8338032819952017,2
0.8932346476660971,0.13210050259087103,3
0.33126143113165873,0.471179856906755,3
0.2838769310724697,-3.0018035097523827,3
-3.2178535761227316,0.06933591021681593,1
1.367887633496736,2.525705943929698,2
1.2586717011842854,1.045485305437027,3
0.6331858785411028,-1.5445655260622582,3
0.8704680254363867,1.0761561033395086,3
0.8446808195061709,-0.7833961988227091,3
0.40424499840428807,-0.7717195759987518,3
0.6705672001698665,0.04967352975748034,3
0.6206387308508889,0.4816159886301198,3
1.098349562944277,-0.4527202982125304,2
2.157922677128257,1.655954271972005,2
-3.45055065047095,1.9500924942951057,1
0.9541493541375045,-1.4677981387437016,3
1.2300956350436436,0.5698789658364215,2
0.3917259002781678,-0.8082013877510846,3
0.08585093278349348,-2.019078596097198,3
-0.7118734468820574,2.032006814949886,1
0.5802473650106443,0.8850144867849021,3
1.2917405659071504,2.0803389823516953,2
0.7617808845487338,0.4472110324781795,0
0.3318213099159438,-0.8392508394813799,3
0.35564087917874115,-1.4543617003914915,3
0.8197861424506863,-2.010827032646568,3
0.7981620084529433,-1.8783232946997122,3
1.487083635369061,2.6520840781231017,2
1.2396585924407189,0.17402973115747317,2
0.38547446407898184,0.7381916808403429,3
0.2719469252657727,-0.8682481793569984,3
0.5462185283586115,-1.8139339532117413,3
0.43626654751640376,-1.626553865398435,3
1.0021953147597222,0.4715906211764904,3
-2.9023808513184544,0.7610230122460193,1
1.0005686847145707,0.8924232442237814,2
0.915924738494215,1.344688671918375,3
0.3394471669016373,-2.2576084151206492,3
-5.58399209598117,1.0206675503227762,1
-2.81229855916454,0.5977322748227363,1
0.9932088079956097,1.1203963775410721,2
1.415385318136438,1.8154270524612885,2
0.6115622032624286,-0.878358936770396,3
-3.331198441410816,0.18545797591705082,1
0.5314772365694517,0.3263869059943559,3
0.5615219123536218,-0.8740629623136165,3
-4.087863021124479,0.6253812210923397,1
0.8726192611065119,-0.8355553225142481,3
0.7507807999969761,-0.8041971340381383,3
-2.3863509703590666,-0.5660401033839743,1
0.5309032919900627,-1.6803784415328276,3
0.7622545473100524,0.6679064089128625,0
1.380153876426347,2.4057961826118848,2
1.2831948826678194,1.8111311482733436,2
0.5266895926127231,0.3322030997696454,3
0.6356629943649981,0.7569131856208251,2
0.5463896660558173,-2.496375397696559,3
0.147513549500966,-2.654105856913678,3
0.556336591647237,-1.8596695947787572,3
-2.0028248535048996,-1.036872577923464,1
0.4833772063427137,0.1311492862298408,3
0.2509777334814112,-2.1426584702114564,3
0.6067568268796308,0.5959050157191278,3
-3.105436751841432,1.6023230891728584,1
0.16361030276782967,-1.7042343076661106,3
1.1404826322174682,1.5377536970460317,2
-1.5370382796233149,-0.6134205619154212,1
1.504552454262346,1.8062518229279594,2
1.1875183015090192,2.124413794501634,2
0.6565677820229235,0.468843422110777,3
0.36723930767770796,-0.8550418264882949,3
0.6691416412054703,-2.3373886205100143,3
1.3463507210776648,1.8037152425285174,2
1.3212267514324574,0.7425953449466345,2
1.4480712278586734,0.9042320876397942,2
0.6276291112807761,0.17043902130016136,3
0.2732150817042071,-0.7259448527274814,3
-0.7770963149015007,-0.6712835263021613,3
0.5106482180707701,-0.3674732853686254,3
1.3541762049474073,0.7444912501915321,2
0.42107434087874246,-0.8646433732345338,3
-3.9475714891049734,1.281103457320584,1
0.9912805776671054,0.8171939863170907,3
0.5335878777791853,-0.19684115749684447,3
1.126946698137621,0.271674565551961,2
0.7028360481546875,-0.8032755401980177,3
0.7316278828713608,-0.13904608429635418,3
-3.320106679056328,1.0913733212491241,1
0.4546582577259198,-0.5305125512956198,3
1.5445636568874308,1.8197781632087477,2
0.9124390185822636,1.283529639997568,3
0.3362849955035823,-1.7108116509398579,3
0.6770156608573301,-1.3721020764553573,3
1.4277031993302323,0.11594164390319502,2
0.5369474453344077,0.11950317660769473,0
1.4271566137331047,2.529594905137587,2
1.0987377431298098,0.012618128784449205,3
1.0351921514399733,1.1759127002519967,2
1.340943188019899,1.3117660629761656,2
0.6366984189309539,1.5163111744870048,2
1.187202821170397,0.8422832610676525,2
0.45661368475346054,-0.3976572896659271,0
1.1389655119598854,1.2307047700932847,2
1.5678283049446458,2.9151179836532997,2
-3.9901049074130865,1.5515342893066262,1
-3.079251888793279,0.2651923895396887,1
1.6603314180808884,2.361072810171582,2
0.7033475441672496,-0.41508842834770004,3
1.3362735564452732,2.0205791918840035,2
0.6009266857255319,-0.6184164206681323,0
0.7334632230599004,1.591571068632003,0
0.5996169141286338,0.4831361483871284,0
0.5102409262806697,-0.047003796399642875,3
0.3240673068836975,-1.2407796840962761,3
1.6853009040074671,3.0628306283773177,2
1.1359879056669555,1.2437428350089248,2
1.1861290421008286,1.9745978943189706,2
1.2134699573423013,0.07280247868303248,2
1.4042005223115614,2.464752403052679,2
0.6179885148702748,-0.33872365644919944,3
1.3319217808450599,1.3615793272989651,2
1.2762068852138981,1.7163409345790777,2
1.0422433363315498,1.1335658631611538,2
1.3024916410221725,1.631503873991577,2
1.0969719011254346,1.3653962830746875,2
0.7321956369905716,-1.4087584802419846,3
1.0434437929041802,-0.5263842347505241,2
0.7513029104436848,0.007834235935536725,3
0.5218180929410454,-1.7079470634816059,3
1.6839371422795897,-0.15581429051114876,3
0.3118866877485329,-0.03694695316508115,3
1.3484075071001902,1.4126101795773114,2
-1.2277700225631258,-0.8589033495989989,3
-1.9396925042470907,-0.5667127417715687,1
0.7427890373865708,0.19084148764201095,3
0.9677058468593907,1.2511885168555041,2
1.2213256907673238,0.6492476193030833,2
0.8350162935880112,0.10448520460925949,3
1.643021913720092,0.7070111825093024,2
1.26662496712996,1.1078773654973588,2
1.294057680028108,1.44775487494779,2
1.7412612023563756,2.7847263471856425,2
0.9973910368254579,0.6743734284890254,2
1.36797415956773,0.8926077465652444,2
0.5535085322652048,-1.2120321959488782,3
-2.362835019524839,1.3938348902973137,1
0.25354231903034663,-0.265029468273879,3
-2.823480610038791,1.2795018539966487,1
0.641269717772315,-0.9299995492330927,3
1.230170211931936,1.287381251988533,2
0.4421670143056283,-2.3558943958873093,3
1.2288299635075581,0.5883370225284471,0
-2.9528080020028757,-0.7009071298491238,1
0.2456461681601674,-0.5463085024171879,3
0.6945751174102363,-0.07269943228579799,3
1.3788779768557873,0.946331751827028,2
1.0801576190547653,0.9889995255716013,2
1.3083229678177986,-0.38865610718850135,3
0.22197471790890216,-1.138536204400619,3
0.2783552433391243,-2.0196195139326494,3
0.5888240327143606,-1.1270180389695932,3
0.3200729856050153,-1.9130731714210778,3
1.386079725725556,1.5499884263193389,2
0.4097443405783209,-0.7756745109771293,3
0.9855492043518992,0.4168559691180099,3
0.6569522613494452,-1.0998765722198858,3
0.49794095188171805,0.461868683300768,3
1.173078177944329,0.5544064554538196,2
1.187937147608833,1.8749500311612153,2
1.2965479303805039,1.045172969036342,2
-1.3623311822336612,-0.1642869639303751,1
-3.7826242435593387,0.7127014163367451,1
0.7816104945117336,-1.2213277078036928,3
-0.8112150895708705,-0.6486370994999134,3
1.4292789309330396,2.196070410743764,2
0.67695861452896,-1.1658971151970732,3
0.5933947096308864,0.46011618410540933,3
1.9664469236224156,2.4195951975066627,2
0.9808518361592978,-0.4404662700718148,2
0.7907852789942895,0.3779800546768995,3
1.1039587984570804,1.0024899802746752,2
0.23175997216693792,-1.7952957769073143,3
1.2900136459838005,2.1302788963845964,2
1.4781147252132296,0.9979011014451515,3
0.9085973426522415,0.3813539047141146,3
0.22533609038978877,-2.2746532010202234,3
0.7814258879096841,-1.0679131228084824,3
0.2691851260905327,-2.357166579630232,3
1.1883481525343884,2.0845791207755835,2
-2.008363462955778,-0.9757297840515652,1
-3.6056420423542344,2.090287226073331,1
1.058937815344836,0.7723083458178167,3
-2.0905662655419075,-0.6388265705245958,1
0.40750237755400254,-1.9935087867946861,3
1.258869952700284,1.406108190190043,2
1.4721057781333087,2.9754986198562254,2
0.4635518829438722,-0.8972365555840913,3
1.3450807615426792,2.696822255956415,2
0.7648845051314053,-0.15173074841982806,2
1.1399581882012861,1.8689954577907464,2
1.0242962686026347,-0.10444015685454834,3
0.5727250137257738,1.2676513431401943,3
0.5716731915366501,-1.0476472850626928,3
0.47610067739488116,-1.222701849355157,3
0.6371382759417097,0.4006318019456148,3
0.6506122974488299,0.9248794559467142,3
-2.9620517773629538,0.5127808305399013,1
1.2097431720035283,1.3475486100655598,2
0.7073679029901759,-1.656037650179263,3
0.31872616263665876,-1.5952385360178654,3
1.743332793942363,2.510630876754001,2
1.110004239398026,0.723497880855181,2
1.1595794667302899,-0.43677861125828343,2
0.49597322734355703,-0.25212413190078636,0
0.8113529008257626,-0.27863557736520816,3
0.4374929262589298,-0.7281239472080919,3
-1.7240261685591673,-0.790270950232718,1
0.8713668569198862,0.7462441293620633,2
0.5986452053558688,-0.5477380787550629,3
0.5933808427631944,0.03373031029424794,3
1.4268970525568643,1.674730709358693,2
1.4315972514730326,0.6978146656049612,2
-2.9604301954169374,1.8736976968381245,1
1.6052934969916013,2.2943092355493815,2
1.4771778165815141,1.1954571722209468,2
0.8057147792310309,0.47735354370497596,0
1.7664593531495034,0.8930256253784064,2
0.6375009341332314,-1.357484580122951,3
1.432265594525412,1.9261155177561873,2
0.3675916651950491,-2.7938463253195738,3
1.0103045179295755,-0.5557896080887592,3
1.0079181811046247,1.5835723013038874,2
0.3598553770847624,-0.289156386781354,3
1.245892873950791,2.046795112702003,2
-2.8864109419077706,-0.2962353105699915,1
0.4614324276706286,-0.3028974389104235,3
1.3472089424249871,1.7675866765936867,2
0.44200186556327575,0.0511647709663564,3
1.2732034119765094,0.7880132215279642,2
1.2973346522036404,1.5408448877626386,2
0.5593214323232942,0.3388295774757265,3
0.5030702391809105,0.3292049964297134,3
-3.794141637039921,-0.06652650451785674,1
0.7483921022753659,-1.1883651058961004,3
1.1793226338979916,1.9154696209880056,2
0.305137293698633,-2.20531620980542,3
0.7681517034635813,-0.08591958431050326,0
-3.1182572283711463,1.8824754728263469,1
0.5324927715424249,-1.7899160923503932,3
0.513597260085975,-1.4022213450557137,3
-2.8595304652028966,2.203820892557508,1
0.982450168603086,-0.8256294766560758,3
0.7562429291940839,-1.4249416497806278,3
0.6291541723347606,-0.9368965479371854,3
0.6722750329329311,-1.885822604702417,3
0.49344925405758056,-1.3858948343813642,3
-2.722666501618381,0.05148532222409267,1
-1.841346203614618,-0.04445134399616092,1
0.6205768848665875,1.407594579377032,0
1.0931328287275208,0.16691227338520342,2
-3.4451959327565804,1.878093762445859,1
-3.9602660958869205,0.6672805410936272,1
1.1926006215831892,-0.14442830987833527,2
-2.5530386314134503,-0.6467760058421378,1
0.8030996564783679,-0.05158962570420113,3
0.3512941099418268,-2.5921295284448673,3
1.4602063768661904,2.379206259248437,2
1.1031237403181395,0.47487963947297007,2
0.2578978957167407,-1.0369665608783032,3
0.645814319403654,0.13266388124143336,3
1.7002819061030878,0.7838552226671313,2
0.8380023956065002,1.2199133508146431,3
1.4307760496521784,0.9833199948416678,2
-2.9335497148710488,1.279328560165182,1
0.5719613045569599,-1.8244250336721801,3
-2.5519892001061124,2.382320129337305,1
1.435296075225021,1.874351262067438,2
1.0506076381948315,-0.9588845442663957,3
0.9678394350652734,0.47838570730522423,2
1.1311387096249959,1.6091727378776908,2
0.7006195116660321,-1.0030637772105948,0
1.188601171663826,1.4150309632872724,2
1.3108798063520832,-0.14017088526005514,2
1.2390686388361611,2.2637189223155296,2
0.25261799439663857,-2.7089966568940027,3
0.6681224872012035,-0.03700691868675035,3
-2.6476726441729643,1.2647618159281395,1
1.2120068335412308,0.22807765193326038,2
1.4711107731804178,2.3082721806239386,2
0.34317793971559796,-0.4326641376536767,3
0.5730191018863725,-1.6401260687371146,3
0.4716524702452713,-0.15403191758494447,3
-3.242199502756146,1.2515102482047136,1
-1.3786782020009112,-0.2862417394704259,1
0.5748722542562968,0.36727931102578276,3
0.4095658799807089,-2.1491488421547595,3
1.6638471448004766,0.5672459104007989,2
0.3790711495697702,-1.9094560221253891,3
0.7797022925601192,1.639827479074421,3
0.4493427056148549,-1.5812894077070143,3
0.7280702804283268,0.1375365227115401,3
1.3029202291314101,1.2856107943387982,2
-2.654299063468924,0.27187925456293033,1
-2.4678087728545672,-0.2765265459871918,1
0.8527395593155712,0.03400746720917191,3
1.207942817160736,1.4957356384310525,2
0.6053882761176294,0.7636384716814112,3
0.34764364669272385,-1.6819819147021517,3
0.6601965098670175,0.20670107400326967,3
0.8931644138855603,-1.3716976229853926,3
0.8274265036797812,0.14816180262958673,3
1.349469885122448,1.504006506482667,2
-1.4007556974275317,0.16858889868873794,1
0.6470783680725773,-0.9277118749525355,3
0.5160196211917827,-1.1866022312796614,3
1.9517823414536932,1.5455954580215996,2
0.5762731333403882,-0.6783469684701776,3
0.5493463896004657,1.013734781697273,3
-3.099381774333449,0.8760509227703329,1
0.9996783479391185,0.928221219544773,2
-2.4094018959851424,-0.28908396322412905,1
-3.3509932740931156,2.0159801624096625,1
1.081177224345302,0.774648034499891,2
1.331271570160853,1.0396973126878555,2
-2.338579778939747,2.1228392456525236,1
0.45029202823470593,-0.5142447888109785,0
0.832264544421635,-0.016780745789900495,3
0.9500726590512246,-2.123634724518993,3
0.8257223853130751,0.5674177416770775,3
-1.0802869699304587,-0.4218698728626073,3
0.5673800368210854,-0.1441764435609703,3
0.40575305262103584,0.2765995863774635,3
0.41280731921705055,-1.3051188540367815,3
0.4884858713525367,-0.6994712345010357,3
-2.028818249949672,-1.461193739026411,1
1.3359145238819599,2.021762460656705,2
0.523832582094249,0.8046929594283314,3
1.5148307080108852,1.6592055509762214,2
1.3953780728125096,-0.7591886699467457,3
0.27940427377138316,-1.2978207953356808,3
1.3776721246370276,0.38957800949323046,2
-3.9481748810741846,1.8885759935759057,1
0.37638354620769876,-1.7891874167718715,3
0.27796116510883384,-1.356480073537155,3
1.32700945614974,0.9175331962390094,2
0.8936698239045956,0.3678489121611969,3
-0.9492932340125584,0.07720087215628162,3
-2.2183907435621317,-0.43998488133232133,1
-3.1869386314332044,1.9416863379037665,1
1.4786492688209365,2.392406405647051,2
0.6624385823333228,-0.2604560315784795,3
1.0852056525763267,1.1919963779844807,2
1.33097847260098,0.7964266613417698,2
1.1829375861798872,-0.5560771128993048,2
-2.1179521795733667,2.008666342243721,1
-2.2174278726881824,1.1713573427924577,1
0.5795268160365386,-2.1835579679881367,3
0.37997121044179605,-1.5806401811509396,3
0.7704510363673645,-0.6237157023045424,3
0.8819232182134706,-0.25745084490000997,3
1.2623669901760362,0.7966517674562473,0
-3.797980490484355,1.6630818200282764,1
0.9253573229787411,1.1962309209854518,3
1.3578983495997068,1.0077997940934382,2
-2.182252004853273,1.2236177202730596,1
1.2998096315206826,1.2000134978457382,2
1.7833701693059683,2.9016155111751614,2
0.950036073782227,0.4396215109121775,3
0.4457127751730525,0.7540523673308289,3
0.4174922245371482,0.6585215379627446,3
1.4786216042171834,0.6385482366681008,2
1.1471271638046467,1.2081677950288303,2
0.6255067770580327,-1.5976624345328165,3
1.4317774763795332,2.4734920605305875,2
0.8205534106078218,0.14435468150301767,3
0.5181890536165145,0.5494408739343789,3
0.43312957216136583,-0.7259760377068771,3
-3.7254844212888534,0.21997362309941695,1
0.44281688549386844,-0.6952225194805,3
1.4107535408076552,2.718004721053242,2
0.8992614137147339,0.2816767723986928,3
0.8065590974386614,-0.2629984286941023,3
1.6785832142541957,1.3461740177154433,2
0.4782670486476654,-0.7120603705446079,3
1.208996413046221,1.9776357244422273,2
0.8438235087609269,0.2835924400176452,3
1.599408220275871,2.3371806871191185,2
2.1302836886880416,1.8366760352344433,2
0.31414598933571225,-1.823589837012122,0
-0.8576385550465175,-0.1563865844261385,3
0.8106837497264945,0.1814126585856995,3
-3.385895840766871,1.3386029626343567,1
1.4744092044765031,1.2724387120495326,2
0.580305511361405,0.5937647492591744,3
-2.713448841745857,1.5552996334449822,1
0.8710740230643175,1.0174763414480514,3
1.0845296925801957,0.826803570392626,3
-3.099123632386498,2.4554641314709538,1
0.5227348770218944,0.844182539488664,3
0.5800834909292714,-0.35747752398886395,3
-2.6292604621354374,0.5029411523992143,1
1.0760398592769476,0.3395972934627765,2
0.14251080015038248,-0.3635670989363074,3
0.07910590838128789,-2.7220698677807755,3
-2.5840641190178664,2.572320251727952,1
0.5136039318804752,0.631448264852109,3
1.1006703789042243,1.7594566780759846,2
0.8072503389501845,1.9170007815723353,3
-3.3902118838326403,0.9818863344295691,1
1.2876357337801934,2.141455644787488,2
1.1426480042476916,0.5891241269971621,2
1.3000348461095774,0.49897076340554525,2
1.5804710119619367,2.424393804970565,2
1.3456896658131192,0.5856475671365416,3
-2.996786461008741,1.5048293546460005,1
1.1404692214454946,1.958621831099046,2
-1.2629171889812651,-0.20297705425426749,1
0.9938986787967599,-0.3176405662712354,3
0.6929275850592913,0.9696160750456015,3
-3.0484437222074705,-0.20734705949183138,1
0.7703454720843813,-0.7943296716697429,3
1.3850233206337872,0.12194598646662914,2
-0.860783196282068,0.26580442767635587,3
0.9179135479766796,0.3257408096262471,3
0.1979316334027244,-1.2875556452415053,3
-0.8663434023180041,0.22655681945688427,3
1.559058738499712,1.4334008547967003,2
0.6021440162951789,-1.4691312265087813,3
1.1634496112396082,0.8093666282433533,2
-3.316469864311441,1.7553363214726836,1
0.480230246180864,-0.8739529599179201,3
0.6033911265646185,0.4294665411095739,3
0.8881482307213501,0.6095471499486218,2
0.6870354183405804,-2.039244856336863,3
0.6545500239193527,0.6618208786220742,3
0.5584197555491925,-1.1080059985237967,3
1.4261396401225765,2.263122942507646,2
0.6183703966275492,1.0377040198018033,0
0.645403969616389,0.24748576132802477,3
0.4706765145554456,0.03283084072770117,3
0.8317358731361656,-0.14742267421918195,2
-3.699259467168891,0.32515539591481507,1
0.8504978614142303,0.6668999993747691,2
0.8499874484400495,1.2242433682361729,3
-2.3739298417970796,0.9095809944516982,1
1.2698860502235745,2.1063396719280765,2
0.5469908689439249,-0.14995304900358905,3
1.322248126927259,1.522034354760771,2
0.8396356847801759,-2.0014565195117404,3
0.6326520487676027,0.40184477052315953,3
0.6181038181232974,0.9771685731670421,0
-2.3769459781945,3.0644312386600254,1
1.136961029654127,1.3775917248086924,2
0.6538367529762941,-0.6242744700694837,3
-3.0230246685800792,2.361322841159117,1
1.1232316704106635,1.011231221736658,2
0.7291415180341507,0.6555094770889214,0
1.1451537882190381,-0.09050021168553322,2
-2.786035474531057,0.1640570493525139,1
0.8193854347157453,0.9386569442523942,3
-2.94381877428785,-1.042372134439338,1
1.0331251764477034,-2.6720413980188606,3
1.1135855634618794,-0.4110063566998303,2
-5.635123713673593,1.6144967230094613,1
0.5129842372993101,0.4205149156405293,3
0.6770530716903498,-0.7492018633692764,3
0.38846707906111044,-1.102532109464295,3
0.41891080966610805,-1.5746429742374803,3
1.4453626387718845,-0.1608492034498381,2
0.5374106008778524,0.023815765855594053,3
1.349339849471871,1.1334466944043022,2
0.8533937765402788,-0.7334794445978756,3
1.1668001267298174,1.6944455371442002,2
-3.1024633793771685,-0.717186605319272,1
0.5595809415528415,0.4109272452024029,3
0.36490137640832604,-0.3616074633218708,0
0.5839178608237323,-1.7563962467433112,3
1.2967385230645696,0.8426151491159823,2
0.9860843311436954,1.6590112460981572,2
1.0043163211219852,-0.44133742633506284,3
-4.304675056772911,2.6637319970991076,1
1.4612772593077765,1.8560983824737096,2
0.4035356417131276,-0.790656999548262,3
0.2521263240939737,-2.2383593896046436,3
-1.1607606374840391,-0.2727447673500996,1
0.5783203628484046,-1.3005809869556524,0
0.6996633848712507,-3.0505505129211365,3
1.2204447973910493,2.091153691820493,2
1.3392746652619953,0.2891546686171918,2
-3.179972589404991,-0.6123300914200607,1
0.4964775307491301,0.5034725764352498,3
1.231301826189814,0.04975411735368742,3
1.8526118473419078,-1.8127143656501983,3
1.0470791082439803,1.304193738837577,2
-3.1605036329058342,-0.041698319489497496,1
1.4152685321415923,1.199859457146148,2
1.0365272381560515,1.4226915211521602,2
1.012495139746648,-1.6743039925514551,3
1.231035905226665,0.24220972696418966,3
1.3228814600911665,2.091825349708288,2
1.2042588332914692,0.9174003618391005,2
1.502967419917916,1.834010352308357,2
0.35600840827372815,-2.7729076791540357,3
1.0109431698665465,0.20946550839599484,2
1.2443426391727306,1.5147910642804836,2
1.0626874669738549,1.022801705438005,2
0.803665632798052,-0.788364056918863,0
1.0485196932749592,1.6568962551730348,2
0.5349250377831414,-1.894946476707808,3
0.6633091528344245,0.8512846176654809,3
0.6314667487123717,-1.878466325732331,3
1.0651644215461349,0.7781487683757871,2
-2.013010825811093,-0.828916511518132,1
0.476435862741278,-0.6585503801016,3
1.1875857706504522,-1.392020576899646,3
0.975917273509515,1.3515065223712652,2
1.2731040746284286,0.9968864330555336,2
0.6639804914783535,-0.8732672890047074,3
-3.294154134631701,0.45133273826550324,1
0.8840836608813709,0.45928631946751386,3
0.34806056294624116,-0.472871186308259,3
0.6991298962843494,0.6480807314187335,3
0.5581264614882936,-1.071772901887724,3
0.5919877428695975,-0.30560263402835314,3
1.3632228828420767,0.7251046864453911,2
1.2261876704982038,-0.579133899902581,2
0.2474738630746703,-0.4016053200869154,3
0.42096688714319785,-2.231066594721672,3
1.7492094591455354,2.3443551388833583,2
1.5053511390312937,1.334796452166409,2
0.5425526142729038,-0.1609487639373859,3
-2.4421228487671773,0.46347664098314395,1
0.9070319104254552,0.9619317472091455,3
0.365659491210104,-1.5255234364965686,3
-3.055109994243841,-0.9960923405723384,1
0.6112182827974516,1.6764600594836803,0
0.9550401153463216,0.17250289671529118,3
1.0060688412689907,-2.603737942586742,3
-3.0817516535704064,0.10381637403992558,1
0.3559570568856021,-0.7578075228308494,3
0.5492633419684798,-1.670815331900854,3
-3.780722808849557,1.0252366739497565,1
1.494234734980706,2.4860796456953658,2
-2.867860875428764,-0.35044033194226537,1
0.4675539367054434,0.6228456797882889,3
1.2807995727289738,0.8883478810288576,2
0.6031241247043708,0.23312997144255507,3
1.1354401885796408,1.034340729521004,2
0.4996192503790023,-0.3021079134062281,3
1.120278862955579,1.3945644639042005,2
1.1962031284546106,1.8284788173207323,2
0.7024477951649695,-0.5088777573842674,3
-3.6273371003977766,-0.9955267673805578,1
-3.3179545146840828,-0.13887902092253965,1
0.6196882935120205,-1.0097513552530812,3
0.7808110261920937,-1.851864585158279,0
0.8994647263312957,-0.396488271101355,3
0.3231023051914568,-1.6587889099463573,3
0.7826003316326797,-0.9064307676188899,3
0.7569333535638507,-0.42236064201376583,3
0.6890426865146205,0.10756361860566706,3
0.8730295912444427,-1.9218681846414025,3
-2.36173359759245,1.1353088774657434,1
1.4074106824965198,1.0658483840771888,0
0.9214254435900573,0.9682690294877521,3
0.7590817629874855,-0.8405657482324331,3
0.6734453677139112,1.258680116193342,2
0.9773881844343975,0.10567953606626747,2
0.9438976066167523,0.8646602166958346,2
0.4742571162220478,-0.3704081647430798,3
0.5127117172670485,-2.5875304753401207,3
1.1618760917447917,0.7603357103293947,2
1.0765435106187913,1.4070842702006103,2
1.6002929544508875,1.7813023280028262,2
1.232972214244295,0.40747067364065864,2
0.73900161612937,-1.4798637833806858,3
1.2477046140305985,1.351750723325189,2
0.3686938682138096,-1.8876487390777765,3
1.0923469801093626,-0.3933396125760389,3
1.4324763450820353,1.4077532980527883,2
0.43704716769124125,-0.1869359343128769,3
0.26900965451907705,-1.3736794369005094,3
0.41163295297108127,-0.32438586354928406,3
1.202222874444061,0.7638114591883957,2
1.4887483210039205,2.433084833702117,2
1.3112073546419267,0.6394188037652481,2
1.0779632296713944,0.014157841763573568,3
0.19486005591532446,-1.3831881594534128,3
-2.3021564197680457,0.8917855787468628,1
-3.420359167237365,-0.3385609550770969,1
0.4033194708153192,-0.1931948231641811,3
-1.6240437645297534,1.1407758140644346,1
0.7991036979105368,1.6486371477263275,3
0.8705745740854088,1.167393214005349,2
1.2036518408995955,1.576882015012857,2
-2.9123317683768235,-0.44718102584331204,1
1.134745246028779,1.4532141111924137,2
0.7353025504371687,0.7966724284312966,3
2.21495713098202,1.5199239185772848,2
0.5839620818844777,-0.5059670997993632,3
-2.134579183296002,2.167437161243639,1
1.396813226180364,2.188139222161925,2
0.7840994833981518,1.5074628666498082,0
0.5888466748389647,0.24538236149811257,3
-1.2106829139165591,0.5384733863856308,1
1.5091371897943135,1.0349726150793168,0
-3.573579000435877,1.3007943185174462,1
1.0829726127802113,1.332065387347413,2
-2.3469363274431556,0.8369093440844562,1
0.7381903265401571,-0.2560364528833449,3
0.5115068386727957,0.5633942055868297,3
-2.5873357115561313,2.0769099900333776,1
0.48989534870689155,1.1308692964679037,3
-1.090174929024025,-0.7341904888427907,3
-3.1274514313158526,0.10302689632534598,1
0.7666641075566424,-0.38148261482291185,3
1.199184345730118,2.195677515962974,2
0.4430294946678,0.41420740267060213,3
1.6032385619131024,1.5793388605724206,2
0.3961842375879402,-0.3568587116483304,3
0.6316536197848766,-0.6947584487122539,3
2.60976904108366,-0.7284236237600096,2
0.554748260914961,1.1763445080388508,0
0.32841843786948993,-0.541705262314655,3
-3.1695534697506647,2.3287416333115436,1
1.901203028040838,1.9597946161578403,2
0.5166295198672632,0.11017903415696136,3
0.9701339702994327,-2.068330888846735,3
0.5732910909850314,-0.07970413960798642,3
0.23116807043672585,-2.696055859924428,3
0.42844309525242014,-1.641223322633587,3
0.44809146676062467,-0.12584799661907714,3
0.4491346827467673,-2.612277582460915,3
1.9297498430288826,-1.0261064963696356,2
0.7971261290967434,-1.0019031031356358,3
0.3244330454623038,-2.5105019481701674,3
-3.263582392732369,0.7320053483535908,1
1.2196258184379287,1.5136619412770012,2
0.9806210022056766,-0.8478520139088992,3
1.3849633521967866,1.0312384599530768,2
0.3024469825845526,-1.1575801705411588,3
-3.4313752457803957,0.4943613764266563,1
0.7695988295142352,1.072289035938903,3
0.5858667699592326,1.6312236366765558,3
0.7664906440732837,0.09883037615967151,3
-2.192208636425609,-0.7684409431651916,1
1.2739226645452597,-0.6617223603554909,3
1.6176816759535575,0.17640503974152272,2
-2.748325769339524,-0.22926103583975835,1
0.6159273354461431,0.39934131109868826,3
0.6803914370640886,0.23268729399520563,3
0.49411883142637125,1.556189163518914,3
-2.451544205542061,0.4688659372404311,1
0.564915026816217,-0.6145198305880544,3
0.544373649174576,-0.769836499467598,3
0.4357765594952744,-1.0103740283526534,3
1.3987506589096077,1.1549290654111042,2
0.5016008983120182,-0.22221649688509426,3
-3.882243243194247,1.4524611239362386,1
-2.379759597258618,0.6913033498563942,1
0.356381153372543,0.0072176753536903875,3
1.1500788496045857,1.5023467822117866,2
-3.259986643300867,-0.20190391874371985,1
0.22905578316513078,-1.844128439666643,3
1.4531087838740675,2.592608232064767,2
0.39390268595668715,-1.046956933097173,3
0.7961818782650101,1.9102040323134235,2
0.7057362813339504,0.8614419394958868,3
-1.2558161385904205,-0.21850513181542436,1
1.4276309660423832,0.4140340430344656,2
0.6063958371967604,-0.41814445723518107,3
1.1573547961946433,0.8026152457487691,2
-4.534721969789765,1.7722155847630772,1
0.6179079291660767,-1.2195464325211556,3
1.1119992042576776,0.9184852805918968,0
-2.06094766173906,0.6599553027309465,1
0.5911078571419986,-0.4398592792663716,3
-2.731929292895509,0.8981560787442842,1
0.5087855028200853,-0.8728975241062935,3
1.2745204577369502,-1.3643233560384243,2
0.1261778623434277,-2.088959115528892,3
1.5963296224217565,1.7360934050433279,2
0.7045825812046711,1.267111681384554,3
1.4380910918490335,1.558765101802066,2
0.8383127280326884,-0.031177389142000998,0
0.6304837790034845,-0.03504411227794875,3
1.6495209680086353,1.9189536191116232,2
0.5748863959526153,0.029133444846744346,3
0.26083125291807024,-0.9163684387721196,3
0.7673994216738321,-1.4110943727721101,3
0.951952458079105,1.329690701835527,2
1.2195694368382926,0.4411209085807333,2
-2.446958634429143,1.185191085253452,1
0.4731605853334094,-0.6650781564204166,3
-3.9518970425280617,-2.391133796745502,1
0.797204756770373,0.996552393657425,3
1.1691083222301077,1.3072096463580598,2
0.4406975366711629,-0.7406629864858447,3
1.5763754089846669,1.7684525872314816,2
-3.346865068147803,1.1095482071176077,1
0.6480308767128664,-1.8225013615301706,3
-1.5328002618875751,-0.39437915670635765,1
-2.820772551866912,0.6137401417785149,1
0.48166256163577215,-1.6608526192663902,3
1.3947684821000577,1.9197995029918686,2
0.8132458914869596,-1.8375975523062542,3
-3.073668066298609,0.8433111241561516,1
0.853722616426945,-0.9097908886516566,2
0.7112532507617221,-0.032648152989520146,3
1.0066618270383867,-2.229530171745989,3
-1.7087691374671088,0.1530468120408358,1
1.1573744784955908,0.584613460974611,2
0.7172138788283353,-0.8773415042151045,0
1.2425612701394264,1.2652695761620176,2
0.9787116144057343,0.7450803816006297,2
-2.5432449745278247,-0.08029241732124782,1
0.953557287902391,-0.9096475876906931,3
1.2739549056155535,2.14018483188826,2
1.6472296834838107,-2.4094616556261714,3
-3.248209416345636,2.953898546979565,1
1.628520981797218,2.0959392143101847,2
0.4774063104556125,-0.513219834894449,3
0.3994526240384311,-2.2706633251063093,3
0.8689526651185033,1.6600271580913848,2
0.4914749077915813,-0.7738285809326358,3
0.3698287231276238,-0.22710903435604898,3
0.9219767839197268,0.12433154144960425,3
0.49086973073887763,-2.203799583661717,3
1.0775869601327952,-0.5913182124145799,3
-4.241218328122404,-0.24988959002658048,1
-3.7398629318720564,1.1310641167228224,1
1.122990458311964,1.532489091353585,2
-2.2181586764767545,0.20978420861303856,1
0.7832046544358832,0.8740283274241119,3
1.2360558067662386,1.4193718150948946,2
0.1386536914417989,-1.0783915928076055,3
1.12010857653364,0.617854137998562,2
1.1711002407978839,0.5630201001667492,2
0.6338821851918204,1.1376138098530677,3
0.9848901114286684,0.4387794471572326,3
0.6332836697885185,1.666133404954832,0
1.093619267555155,1.4403444868998034,2
-3.2095307739325505,-0.20337543868569793,1
0.6754082578081693,-0.41696456880198024,3
1.3458616874811042,2.6345702064398,2
1.101847324573961,0.6372351347266966,2
1.1084803965115677,0.8057541953983823,2
1.3628335935649354,2.7801002060045943,2
1.1516676749176786,1.4634247445563926,2
0.8707596345458734,0.5709991651736435,2
0.91915914595657,0.9989129282573797,2
0.7477385124127378,2.1689481195430083,3
-3.776785921798331,1.1965098364164208,1
0.2686600350963129,-2.065923186242824,3
1.09031309116343,0.4858394261387714,2
1.5019004360900108,1.6531485095227283,2
-1.6304204618397355,0.7540555046877792,1
0.5182143609383023,-2.0404824256369043,3
0.5304608255635372,-1.885949826504896,3
0.6563148986706785,-1.6983976194123183,3
1.2796366932171337,1.0746189023844812,2
0.9610646523253372,-0.030460492974504153,3
0.4441399280584544,-0.9397923748155238,3
0.7486133618032146,-0.9056081834146112,3
1.229205506736312,1.5801951624581456,2
0.8725372066096878,-2.541348873105304,3
1.612572184779503,2.4629972887192197,2
0.6987999453474559,0.5253351336617317,0
1.341727552951582,-1.2937876245476538,2
0.4796370960206796,-0.8859531939767826,0
-3.0983259269442094,1.9504028239328426,1
-2.107157845927146,0.1497826802553989,1
0.28697437878711046,-1.136916297307414,3
0.6259280519324454,1.1532738526073323,3
1.1211488616556649,1.3659779475774754,2
0.22080539615440903,-1.5278221241220762,3
0.46267609286502437,0.48018312380539063,3
-2.333980284823565,2.2429307816913253,1
0.520352639976282,-0.39305591193147965,3
1.0842682996974449,-1.6349184756936366,3
1.4223021085748337,-1.6788949267513074,3
0.8250374784530206,-0.4716490567485302,3
0.481503460227762,-0.7964845552384086,3
1.0769645595417945,-0.05822031797179353,2
1.1903369417981078,1.362279120560615,2
0.6444293102499244,0.07544913702339527,3
0.7339832802455091,-0.47764899272359107,3
0.20938357546887526,-2.022964238579003,3
-3.8128629531386844,-1.1284285787247692,1
0.46982055168882325,-1.6088962335145582,3
0.7977371980763855,0.6480083208250229,0
1.3512463725778778,1.3047476824224236,2
0.1963442650572797,-2.6633020129052367,3
0.4406630485722066,-0.8280125742403499,3
-2.0719952739087,-0.8856370599579918,1
0.67435243780385,0.17425290509653119,3
1.3652446004869492,1.3937771045594827,2
0.4027976895384729,0.44557626502443914,3
0.17802971675388374,-1.8053961136584222,3
0.9359559132280856,-0.4785873235406185,2
-0.9147092987652666,0.07436676462920987,3
0.44598575719725814,-1.398112904846317,3
-2.6800176232397823,0.858749107827855,1
0.8010599808800388,-1.1700365801649177,3
1.261997436942048,-0.22930566569048688,2
0.6803086650910508,0.18492059666123095,3
1.5525989184988727,2.562198859481015,2
0.5537478088994858,0.09411933885265912,3
0.9571315459742366,-0.06892987753913195,3
0.45755437491721973,-1.654914922830262,3
0.9560646023166124,-1.0381967094273437,3
-3.0901426221926136,1.8522087765786024,1
0.5277740931069076,-0.17485334652245277,3
1.079699323649907,1.4586804178439106,2
1.1641826410957923,1.8156792425014419,2
1.0124293481852582,-0.08780959446013427,2
0.09763875822631513,-0.8873635308596921,3
1.1403893258497944,0.48693048714585274,2
1.3910818012492665,1.1588258459431127,2
0.5105171951378716,-0.6441420813050867,3
0.4589119974028678,-0.7362004075635842,3
-1.702111907575102,2.354278290827644,1
0.4345769718586272,1.0976399666787457,3
0.8042318961507121,-2.0314870199333077,3
0.7215275470154315,-0.8100429901810753,3
0.30447942698930497,-0.985868420459674,3
0.9360582292718022,1.949529390481859,2
-2.086478165390109,0.9374126355822827,1
1.04131157727718,1.461337324652046,0
1.5862898801228773,-0.2889278142390907,3
0.6466577421212909,0.31648560712683943,3
0.7545753155193562,0.05461939740887511,3
0.7222950811228624,-1.1544913407403197,3
3.2862538091117544,1.480543807416681,2
0.3087798486831778,-1.909993784324612,3
0.5127590435244943,-0.6250643531984795,3
-1.4167036196035798,-1.3405065687611513,3
0.6096129696911976,-0.6809579724933545,3
0.3306703700131365,-0.39735061129285915,3
1.329470394707219,2.575869172894385,2
0.1866945898906171,-0.3971429483241974,3
0.693566507196933,-0.4841995428654488,0
0.6915722948261905,-0.445447309783967,3
1.3739324603572534,1.4084300080746162,2
0.6539024417820228,0.47492805755413436,3
0.5083451456042258,-1.1660443122313133,3
0.07352412475944553,-2.3339425622928807,3
1.5379227876681418,1.925306292475886,2
-2.8290494999589524,0.3044153493996883,1
1.2158967419706228,1.7815118961424,2
1.2239562970303817,0.41286528374948,2
0.2970369200886402,-0.12492056391171101,3
0.9743399056708849,0.14283496529861262,3
0.5611041720679097,-2.3655987770396716,3
-2.2851430694114176,1.5111668038593424,1
1.2399741586682833,1.8740414633665454,2
0.8796107555160879,-1.7362926418318765,3
0.7735822334213364,0.6145410533801637,3
0.45707282603942456,-0.8122116844632351,3
1.3960944250798033,2.6719868599769883,2
0.6254858255766195,-1.4916219507437223,3
1.1197275342226154,-0.5905493477261129,2
0.47241495797865746,0.472899958268056,0
0.3665559171741878,-0.8314946486021051,3
1.4975455397178938,2.940029478835767,2
0.6454501538833093,-0.8102733076471451,3
0.87839339139928,0.8788481015302156,0
1.150056184056294,0.7233925122744036,2
0.35147656515818615,-2.5251197102440783,3
0.38285524042460095,-0.6150434222095572,3
-3.2263940798333492,0.05568473905003822,1
1.053605205493614,0.9420790434835804,2
1.3580344915839608,0.9489141668482473,2
0.6928739457217424,-0.11752611739166931,3
1.2882817013927264,2.575395303544944,2
-2.4762658483125484,0.6810879267809002,1
0.580981029432316,0.06429350409991012,3
0.457428921240202,-2.3493928956800314,3
0.6934768503623117,1.084064007472112,3
1.3672591146678104,0.7549411192020283,2
1.5977678375347222,2.3126575348659166,2
1.0714808449465114,0.018823836480858277,3
-3.325282101775559,1.3049591269515688,1
1.2934654731281474,2.6480126608477716,2
0.655380928860961,-0.9957410482195993,0
-3.3149682017048963,3.488807539636121,1
0.9078986177640004,0.028422925425121728,3
0.6736843915377976,-1.898341667868092,3
1.2368311864953403,-0.9482944811181333,3
1.061141720254859,0.9727795263097516,3
-1.8387435590898835,-0.28419147351168644,1
1.3133274534746344,2.21991207902125,2
1.2819224691926576,0.7350463636567307,0
1.2225289649771045,1.9785025582561948,0
0.6169581785795668,-1.7590073679445828,3
0.4998594776835121,0.03181104955088012,0
1.104850141870286,0.8483888375658757,2
0.8487142515854177,-0.701423603578372,3
1.1483816458210923,1.1653069433198207,2
1.435652879812921,2.5618335339184926,2
-2.852432220055074,0.648706758624326,1
0.8820078208052313,-0.4603782941836538,2
1.1481397689993516,0.42808405866273985,2
0.5386906324321425,-0.3659247547107564,2
1.3460675479608772,-0.967246259333072,3
0.983094222518213,-0.2545930390479936,2
1.43670119206372,1.9068217989546163,2
1.1636522924214656,0.5791822672155735,2
1.6650490436115268,0.003575488058504298,2
1.2780821719033746,2.605515508141874,2
-2.2445281427466934,-0.04816820906120313,1
0.9331879522449252,0.29057647422012567,3
1.2277843983545196,1.0802306849206051,2
0.3131243800449129,-2.1960945276227113,3
1.5517390114143628,2.5138200538186766,2
0.8104770112119926,-2.4211311622734164,3
0.45765784661305997,-1.5670775049607468,3
0.7788629611976032,-0.34663541914737966,3
0.6336672180621352,1.1599700583414363,3
0.8753429245659412,0.8410808167837833,3
0.659252660566426,0.5979913865186632,3
0.2556743497126281,-2.151881271959312,3
-3.257874161670681,0.3229448339254058,1
1.563825833083431,2.053559295940257,2
0.30404067937707774,-1.9233695501419943,3
0.4092237412675085,-0.590872215342438,3
0.5692606537184818,1.1601632698212434,3
1.1611506640809766,1.5974522175029653,2
-2.131666281664814,-1.714869163612677,1
1.7413474851391486,1.394240621780699,2
1.215146568233057,1.9141957662812927,2
2.5520996222961236,0.1651169202362643,2
0.8012173885317077,-0.531898300220784,3
-3.628130127116201,2.5685911429001864,1
2.852597215989725,-0.14310643294757672,3
1.5493268111364704,2.2953222227167234,2
-3.3015468433098967,0.7692050626262414,1
0.5000809840134084,-0.2551893365486955,0
0.8085903722641967,-0.030971545666589943,3
-1.7884525448882227,-0.12812613617044313,1
0.6408338555259141,-0.991454595078188,3
0.6137278231332581,-2.945927940486516,3
0.4025256504457151,-0.09258151481939339,3
1.2687148997673916,2.56421847419441,2
-1.0103125235999162,-0.31556570824468333,3
0.8538529100204546,0.8965403885502414,3
0.3852669245376666,-2.248349262790205,3
1.3290792675198226,2.039843706979159,2
-2.7738696590322425,0.2675851891509943,1
0.7400012757017811,0.7309262879266495,3
1.212465553336179,1.2368467894837805,2
0.9509422714054975,-1.0292251171404558,3
0.5776840204281161,-0.40789128075766556,3
0.408747276806761,0.41381274156983366,3
0.667571559624886,-1.374734389051088,3
0.7772691533627246,-1.3418912042767521,2
0.7634347029894443,0.9647665013564952,3
-2.334161185444942,0.899307219897312,1
0.7795084973311659,-0.05608685430269843,3
1.2733622886805132,0.953391815343986,2
1.2744460912331044,1.0132020557951644,2
0.5379590572154783,-1.68769481780397,3
0.6190526948571708,-0.07592270120576125,3
0.6935766573893001,-3.013744216603708,3
0.3848408234510515,-1.4217287970252939,3
-3.234690387857538,1.639123743621379,1
0.811581161793051,-1.5049848186965875,3
-3.4007535319334776,0.8438689749086505,1
1.344822512518065,1.8639960050470428,2
1.2150648132948418,-0.2302157988806876,0
0.6587999089303003,-0.15487801173514748,0
0.5356961788067193,0.4397399117769203,3
-3.606737073483755,1.5602333904052894,1
0.5301418608668588,-1.4193276002171427,3
0.5940851040800451,-0.9806499918857977,3
1.5352449392205645,0.869615143994305,2
1.069854729807186,-0.23401595833878253,3
-2.229547601046925,1.549926632290678,1
1.185526659450778,1.7232010942072138,2
0.7493437535371493,-0.5133248126706005,3
0.3635132729257492,-1.822939195143111,3
0.46594173195140554,-0.25961218638669836,3
0.8686545980131362,-1.5420080748323775,3
0.38080345466094445,-0.3360843706467749,3
0.20842383829828298,-2.84761060032501,3
1.1501832146241615,0.4717739247135152,2
1.0973192142246964,0.8539116599138294,2
0.8463997039689705,-2.516518821324094,3
-3.1824731192903424,0.24981503553055134,1
0.5296443512764414,0.08759335633746186,3
0.4615815727440313,-1.0229378126075956,3
0.5241848810620355,-0.04373448697252447,3
0.4748649187453691,-0.07969068527608196,3
0.6507501551774248,0.35843334612375294,3
1.4782815113985002,0.47531789324553775,2
0.41778111001099877,-0.10386074106766828,3
0.48730761011590307,-1.6812978432198808,3
0.5079400635477944,-0.03668909794284904,3
1.3045728296289547,1.7646227303929056,2
0.9197778513048104,-1.8715558849371137,3
1.1959327595285008,1.5818286563342367,2
1.5349614085337004,-2.3589932020559785,3
0.39303851923424826,0.1927157413249546,3
0.09773870087809527,-1.9966705803943496,3
1.0603068722650586,0.8238424695920604,2
0.8273511332979054,-0.22114270468926242,3
0.8669786086227393,-1.0083643436780074,3
1.727759376817854,0.7330932953338323,2
1.3347704310469757,1.4326643232223013,2
0.40991653569915776,-0.9062844136286283,3
1.1473977090559169,-0.15345339707552416,3
0.6646856825029851,-2.1479713533986544,3
1.6748878275435628,1.7311278821396707,2
0.6321912122396149,1.509090114698258,2
1.10541387491451,-2.292590640331726,3
0.6200050128995137,0.6453063045171066,0
0.26187421402563127,-2.8903824014739024,3
1.1940122474694812,-0.25925744481001795,0
0.3304075120264069,-1.1879108749301734,3
-4.357170156014318,2.014881092371979,1
1.2296687647694227,1.024209549776657,2
1.1122646762458317,-0.09822695164924596,2
0.04160739424235641,-2.827567290440722,3
0.5436276088428672,0.873989225667958,3
0.5852796152682346,0.4010380887530833,3
0.517213336182769,-1.763921867075094,3
0.2640152233104845,-0.210103787631439,3
1.2106928236856862,1.6908832271893144,2
1.1473987916439494,0.8567658550428816,3
0.3898432158598303,-0.941599641931897,3
1.1041326960967746,1.4752638734939656,3
0.9963188396494298,-0.4251275524973704,2
-2.3181406830188322,0.7212706594658856,1
1.3282989770119404,1.884330005188805,2
1.1029371539474369,0.3600172196260804,2
0.7383401915890764,0.7219180176887459,3
-6.8537612931131555,2.621054223064514,1
1.2146805150154663,1.1582997198664673,2
0.6459030566012588,-0.16721427597680377,3
0.4093725571914745,-2.249090482338136,3
-3.385000691457612,1.0020805379959474,1
0.7324520284107415,-1.410015324783956,3
0.9954149019684143,-0.5617616827589285,0
-1.5182840401281696,-1.1280295938007956,1
1.5409468471399557,2.2891380901553684,2
0.5232545989560876,-1.1739418377796815,3
1.0291026621574773,-0.12223972345808817,3
0.8788817641041613,1.5260837208760918,2
1.0464200871672553,1.2063191663564727,2
0.7015009643408573,1.2515774896127765,3
-2.391464457007688,2.1784341693955085,1
0.31312561664869215,-1.3801946309188142,3
1.3091755892454413,0.2534115849562187,2
0.6687198798618194,1.5530844493435214,2
1.1115867666326253,0.475318302997606,2
1.1521403940543988,1.8899519314719393,2
0.34678662664521126,-1.3150267189532947,3
0.5775468738338213,0.2220742444569058,0
-3.4188991370823785,-0.7295162223040084,1
0.7799282639852058,1.479998359178691,3
-1.814810959179889,0.24042136849774096,1
-2.5250377478941983,-0.24691285804120058,1
0.6610154650116773,-1.3322998046065957,3
0.35801476960449186,-1.1789360694562994,3
0.6262877045877904,-1.1261116109860871,3
0.9644404837798193,0.4307114848392917,3
-2.83269477756537,-0.2288354396578818,1
1.4932622681285472,-0.06788998774727859,2
1.1745064026057457,1.64003950557605,2
1.4579017236343152,1.2587914465445469,2
1.3348783951398686,-1.6664648008195728,2
0.014866332715352901,-2.309515380935036,3
1.0913750149142967,0.20385568667503154,3
0.6596115194618232,-1.8422780239159895,3
1.1343845386329339,0.6477171150515496,0
1.3924146132335133,0.45745968572255147,2
-2.3378279617606346,-0.6996271902911643,1
0.8400858653159525,-0.5885278706812618,3
0.6401762449540418,-0.8865037549162174,3
0.7443487804266592,0.22688088273875992,3
1.3796074327995362,0.22276782015395355,2
1.3733319186396336,2.603576583236429,2
1.0641615407510603,-0.40979042851359193,3
1.2196090635410246,1.1471022382105747,2
1.216332728135127,1.080823622626097,2
1.235684812227775,0.1683038074973932,2
0.9123212663604396,-0.554196319812399,2
1.0284912475732069,0.8004381233562402,2
1.0146958298490436,-0.5000926106085238,2
1.1149410501940362,0.6102022662074393,2
-2.2662713392866642,1.4743741659846819,1
0.7806866230437621,0.883351464774297,3
0.5074676380057195,-1.2262602308545643,3
0.452586665093608,-2.242594191886686,3
0.543784282907001,-1.7251100159953663,3
-2.201982040185586,0.886176872124715,1
0.32660054762251634,0.17789067343195564,3
0.1771677495266492,-1.961647623215004,3
1.4045012781295243,2.1722921435167155,2
1.3177366528196708,0.6042147781250454,2
0.9301418124959175,-0.3019516577577039,3
-3.6534757291513396,-0.5346538487801022,1
0.7224468012718962,0.8205319198489746,3
1.8502688660072437,2.7662420231602836,2
1.3827501645190055,1.5737888761843735,2
0.6213454247700995,-0.08394934295615175,3
0.6543568840281915,0.48464571482755436,0
1.2774528524743447,1.1391549535779915,2
1.128912103047262,0.1950375147240959,2
1.8233149306221177,1.3366182919106033,2
1.332116331712387,2.268670870788957,2
0.6533838278333225,0.10855075112252073,3
-2.3405954166843657,-1.2012619571823615,1
0.548517275189115,-0.7191605461392354,3
0.7696451144367319,0.4381769247134219,3
0.2201606915292869,-2.5850284035900364,3
1.3743507897235174,1.311636423750094,2
1.4651702952454664,0.5361242809627028,2
-2.2223283586558717,-0.8641740935064057,1
1.3825005069250944,1.4920964930503837,2
1.2988427669883882,0.8776050195903617,2
1.306889338789247,-0.8532415553731368,2
1.4096416457159824,2.210304346031147,2
-2.9354894194543437,0.8765936646070247,1
1.239802587871739,1.783705615004743,2
1.6128065362754531,0.8534967173974923,2
1.5684949849423118,1.3212245595073262,2
0.7320108594103991,0.234521057873013,3
1.1594858057058002,1.6808728980772576,2
0.5848559224400688,0.6123342772259692,0
0.8532626756804269,1.061851251748136,3
1.011957082007476,-0.9563426822492118,3
0.5337483841875577,-1.3267569986039942,3
1.3745481988067294,2.409651511705167,2
0.38337373281366954,-1.5689331316301158,3
1.5523893994212519,1.5344290866996748,2
-3.242449681583201,2.564923752214768,1
0.5271083438029397,-1.0722145486919163,3
0.38257949438013084,-0.7515086246784556,3
-3.112908289732259,0.0610565536597789,1
1.5797874452885083,2.3635043517071397,2
1.295171895770532,1.0619776009891113,2
0.23775726113882137,-1.4904567939152789,3
1.3356494434665174,2.2784370676289156,2
1.1348699494166117,0.3933904674194853,2
1.0268529069640364,0.8109568587729498,3
0.6347698641213432,0.16376123184521868,0
0.5198105194710749,-0.17765702118752907,3
0.8056271024809077,0.9432261673918876,3
1.158367625524793,0.7763306290309551,2
1.4467749618924988,1.8860902673260707,2
1.2525337350498227,0.6112929634358362,2
0.48889638793961404,0.14220889716030383,3
1.1698548473249895,-0.23953467236519105,2
1.266608735962083,1.4073395345240738,2
1.0838962114911064,0.42925402490934844,2
0.4793745509935632,0.4742128397617581,3
0.7308369573775616,-0.07314062379388553,3
0.5732599616077011,-0.12935594969467795,3
0.8202512325645378,0.15369036206669168,3
-1.6621623779506163,0.24951991440720422,1
1.8799939214480859,1.7374134644557548,2
0.6307767886416266,-0.8149260791323449,0
1.111349066952477,0.10974248948054562,3
0.7952493724165515,-0.14958346905993067,3
0.453520158638897,-0.7735963016931633,3
1.0009745715431013,1.2593160941941444,2
0.44754668661570446,-0.8024736083323702,3
1.2968340914967853,2.5288387946525086,2
1.3050858403887047,-0.5052881150251455,3
0.7276521703466939,-0.7127122738798265,3
0.5778172616083174,0.25537405035239685,3
1.1606458431101987,-0.9662909864358508,3
0.39179678865739603,-1.2858622294223983,3
1.6137239528246288,1.285664622537727,2
1.285720504958793,1.6084368902556772,2
0.3877699446627885,-1.2042836965170072,0
0.9793473111931293,-1.8836160248018528,3
1.2419809119823488,2.143733625820818,2
1.3169437515689373,2.7396461323372785,2
1.4050750773431868,2.4872000576615947,2
0.888864306415447,-0.36815711143678664,3
0.4443977220750399,-2.2934652290546063,3
0.7342749035236397,1.0625967756260988,3
1.3421528543661594,2.5713669436749895,2
0.7215241768080506,-0.8077453259635374,3
0.5332971948764602,-0.6677193939157569,3
-2.383773881079509,0.19243974658445448,1
1.6963520862249055,0.9048677506819667,2
1.352473801853449,1.7020850496491826,2
0.9462696708769855,0.6662996830606628,3
-2.4812578058400434,-0.13100962436657673,1
-2.950972712746998,0.23598054149392303,1
0.7814519594501667,0.5342148670996273,3
0.31880468182189853,-0.24187813358481142,3
1.2340376896838656,0.47694315042420843,2
1.3655320640572424,0.24055847535851552,3
1.1984194001826778,1.1622267171125245,2
-2.97787414241972,1.7958309796830305,1
1.1814980188660378,0.42775400549293,2
0.5532553738730834,-1.677314347986667,3
0.5511696791489473,-0.31565379096851237,3
0.6948390644487002,-1.1522939296900556,3
0.6817894623634253,-1.3650719646787801,3
1.4009324522513755,2.3139533692825243,2
1.1612350890519263,1.3730343883211722,2
-3.4814403792573967,1.2842968802453385,1
0.6288039195337316,-1.8197257304124412,3
0.6470958863571322,-0.7240138990497921,3
-6.11685019932868,2.264548251376399,1
0.2943150680452643,-2.2092146202185994,3
1.7974564999649232,1.562244905808642,2
0.39335161737864655,-1.5158026186881852,3
0.8229811457796807,0.14703560442601066,0
1.4017055366183064,1.5620166974074938,2
0.6751787114614654,1.2064883374646114,0
0.7745746422728355,0.26418087077238184,3
0.8990005075708203,0.22251591107027727,2
0.6607463951018377,-1.7011224760421935,3
-2.388566039555254,0.5463433751535665,1
0.4782336827687567,-0.5206846328971156,3
0.638581820484821,-1.880002800174974,3
0.7860703105217297,0.1597001711908309,3
-3.251010558661467,1.5635968901534179,1
0.7982662422323208,-1.3991653580308896,3
0.41723534154397696,-2.2601183578436577,3
0.22529522429603235,-2.107548974370793,3
1.4388099774611303,0.41677928645058987,2
0.43918390883690467,-0.8442504460359629,3
0.9955044397595404,0.5323335233588306,2
0.979770432021699,1.7041445094745842,2
-1.5145393084805852,2.691386828991604,1
1.1422440957025912,0.4968170305924364,2
0.18220365506073005,-1.2375384840727282,3
0.8803911760678956,-1.3942882522658304,3
0.917869514783073,1.083891475829169,2
0.5376216824306431,-0.8280880850048986,0
0.34090887916363316,-1.3615910623922607,3
1.269333331861519,2.2437615324990676,2
-2.1677143571239665,1.3241855918117333,1
0.6425206400432589,-1.262076296886515,3
1.3078597437343498,0.05085451212226818,2
0.7825464067717627,-0.7651901333237495,3
0.7644321174431339,-1.4570292170584098,3
1.2313483573226092,1.9313656179150038,2
0.7509076848157443,1.1284415367504976,0
1.3517078116204666,0.8349357223716686,2
-2.414395557038575,2.3203979371859074,1
1.0169290421794133,1.5183886843853929,2
0.6209445460269678,-0.6063437338193646,3
1.1839544605273074,1.6004965805756386,2
-3.54653362811743,0.6387892598694362,1
1.1299434564394655,-0.8741362784337945,2
0.6741025914647215,0.023303902226857572,0
1.280734232442403,0.08551575173807967,2
-2.3401581905218825,-0.06399356353475427,1
1.7911045045776086,1.4804528638548793,2
1.6154548873874601,2.845615723917421,2
0.8559900908334509,0.2396539198147615,2
0.5162761887043988,-0.7127677376455085,3
-0.6325693455645216,-1.7540726714867636,3
1.1457700110745976,1.910699218719545,2
0.4601575493569879,-1.841616319871203,3
0.8086499936525846,0.3881894692844588,2
0.6821961104474275,-0.44645394164037544,3
0.864244345171617,-0.5786651722488043,3
1.1345313948824236,1.0629636512132412,2
1.1279625299239187,-2.1988045956271383,3
0.5581530286556337,-1.9150582658751893,3
0.6645265240278544,1.035052472718681,3
1.1378350608801187,0.48667990798481053,2
-1.9340051004986778,0.6599329938921581,1
-3.0952398370544123,1.086407382377565,1
1.2591760102392031,1.046143894545698,2
0.8410684928978555,0.9685855665270942,0
0.4718290069961016,0.41190989589184207,3
1.139432604604699,1.182472146275822,2
1.3138439502800792,1.7490470007914718,2
0.5071453560394258,0.16670320001721306,3
1.0331990450635549,-0.35523537314644416,2
0.3789254864419204,-0.7909565156015139,3
1.4959649781540216,-0.849296342894492,3
1.3253757948854934,0.9987693747727653,2
1.3205953017408862,0.8824666446540594,2
0.7833902183154458,-2.506101024013381,3
0.30606823152820595,-1.5385785086092876,3
0.39354925794278894,-1.2838254217004639,3
1.3301566144061865,0.6789570679075231,2
1.1152882064901188,1.535415400462244,2
1.0591484092500991,-2.6413128845451532,3
1.2181512168699267,-0.007169328505411856,2
1.3009837466289482,0.6842234740471337,2
-2.8146563236285553,-0.44444607230622574,1
0.6596027338273636,-0.011013884304313189,3
0.642684014193926,0.9765063945213517,3
1.0742240351296646,-2.1607953685342745,3
1.3102957240643665,1.0563955206355289,2
0.6292442183402635,0.7679143430889515,3
0.4218624755214912,-2.836619638165182,3
0.5892210892340249,-0.7304039081747769,0
1.2311576218487394,2.0101690190535986,2
-1.2610409299851837,-1.0584067271496316,3
1.094420349098044,0.49585826839029234,2
1.428974440080063,-1.7557671538379205,3
1.2342104880994693,0.8339342843215368,2
1.2372319218495158,0.3084867412754634,2
1.3037288657980546,1.8439990202233447,2
0.670078240272027,-1.294397657576783,3
0.6174495666987526,0.1825714877647952,3
0.6847909008493702,-0.31440572838826325,0
0.2398307556870052,-3.086196380412082,3
-1.113616257639415,-0.43514977926141296,3
1.5959064264382794,2.220969029805979,2
1.534523067206931,2.494239253547862,2
-0.9610300007890168,-0.8812233634557544,3
0.42038372244653016,0.16324829735586482,3
1.4928929454727906,0.6926513426112199,2
0.8581654528552016,-0.7522014800149482,3
0.2060029716811947,-0.8918524035550887,3
0.6247163503065546,-0.970460997752638,3
1.0058595120086562,-0.5789937284639788,2
1.1172654236063089,1.1057973565730355,2
1.0364099865748948,-1.0529134183462792,2
0.6186718464924676,1.2111040292494133,3
1.3171361974722855,1.8778735347099758,2
0.4663632411477485,0.650674593004869,3
-0.7922333453512511,0.4065127475744886,1
0.52482109968405,-1.2174601548078336,3
1.1435599007883621,0.6864395183914065,3
3.856175253099995,-1.1138964327696208,2
1.0486645981561284,0.22535990048794427,3
1.2099504333058,2.3717190648356605,2
0.6541587780480153,-1.2909900365547735,3
1.1590754878231218,1.6588227291328246,2
0.8616761414244568,0.085507518745834,3
0.8052256666037453,0.8577563351797575,3
0.875305842622458,-2.0629016966035,3
1.1681591248229168,-0.004024347224575899,2
2.116534956894418,1.4173885519857274,2
-2.586533570737669,-0.2695400756282296,1
1.3249572020610374,1.8531605049783322,2
1.481101350568491,1.9513741914032376,2
0.5104931224380042,-0.666021458515639,3
1.6072434598709215,1.163232730215896,2
0.511225952971189,-1.5445394958621033,3
0.6259831481387543,-0.022578284718927952,3
0.6011685680131622,-0.35296204090808403,3
0.8794135209860647,2.103965287401874,2
1.377963266077944,1.3572977905947687,2
1.0236225884603696,0.7348936119595826,3
1.2775003576382573,2.526348004133634,2
-3.160053516366793,0.8949799014547557,1
1.3373195653283416,1.509871574909935,2
-1.4423449202911593,0.6140661306116942,1
0.4153008322001683,-1.3905882965682583,3
0.9052463294337435,0.12510802742983418,3
-3.505683648519038,0.4572183149631018,1
1.7182648414136763,2.1142807144059437,2
1.06218378042742,0.07163232564540052,3
-2.9373063095252285,0.1747192196623206,1
0.4622250240981855,-1.2326117243752968,3
0.9733807829766462,1.0625408912541872,2
1.3860458563212437,2.501788480229679,2
0.5578237952832177,0.12858759844392903,3
0.3875888777348035,0.37396391074550367,0
1.4029822644964103,1.7483479432711793,2
0.811194382060818,-0.4032084625974179,3
0.33107946880832934,0.5178003643939977,3
1.069426794046053,1.2102308417909762,2
1.2356047719987169,2.3956472852766666,2
0.8022991922090155,1.7642025806218344,3
1.060347726400395,1.2262466789417443,2
1.3575009841972372,0.9509135118029972,2
1.2598644350361354,1.344773544741777,2
0.7882770090188276,-2.2132457388632867,3
1.7368028312368569,2.43918573651973,2
1.5170312367579415,2.41674129363315,2
-2.684673812011664,2.073915313825958,1
0.8640445573627453,0.8097958354078216,3
0.4418242219935425,0.04839505729124074,3
1.0817138411418383,0.286972763486458,2
1.1813823130866332,-0.31285949269370555,2
0.5864782905783191,-0.6007902790998,3
0.8527486269827427,0.0022986586940040832,3
1.0434593394439258,1.342945463327041,2
-4.4273348076502606,2.037257451419782,1
1.290189196014688,1.1550663078726682,2
-3.26320954197093,0.830268320373207,1
0.7603223509583619,-0.3632846548824181,3
0.4891899093454975,-1.399563657041138,3
0.9580596999097161,0.2542198939580455,2
0.805134884460666,-0.443110222148452,3
0.6760257452650239,-0.14787352647902346,3
1.0505702005434285,1.3047022442109029,2
0.5411779003261337,-0.20627829840112116,3
0.4306696372441163,-0.6511476339808213,3
-1.6066200273159572,1.2030237064498583,1
0.7742903147263862,1.8103017858080894,3
1.4941041865201827,1.8409482207718393,2
0.6205301687549781,-0.21712384885366423,3
0.6930699263219986,-0.8210437085374394,3
-4.041925763275091,0.8595568605129947,1
1.2058933024886864,0.5398740852155459,2
1.4810998313543262,2.4872782943681835,2
0.5474985946421519,-0.844428625793276,3
0.7540460883673759,0.9214394541068787,0
1.331275545803542,2.1721863119156835,2
0.5050474909723629,1.1999507420398319,3
0.5098808641903956,-0.40507185750742064,3
0.7510575031836527,-0.936309542094571,3
1.1587894783226256,1.1393324867913759,2
0.15862333370505205,-0.7159123918618042,3
0.9552775142884783,0.06852571809260492,3
0.5846990265046775,-0.23567799553838353,3
0.2947900527057704,-2.7887923249294984,3
0.8917144403994459,0.2425125422668377,2
1.2124813435176907,-0.40364752802632015,3
0.7436919835624817,0.6847653431903632,3
0.3504964501003334,-2.7413021113730163,3
1.0577652256791716,1.0236268743769428,2
1.170091052555243,0.42340944576264633,3
0.7999425163115006,-0.23796071572415622,3
0.2931112280963927,-0.18142591317601695,3
-1.950412815774747,-1.1124978901239273,1
1.9225692484369479,3.1210919043727485,2
0.06551287874366524,-2.9102855913906085,3
0.6259815989270909,-1.312577694979965,3
-2.359812254725893,2.3719870562016703,1
0.849248127124099,-1.984839712199379,3
0.383673965996755,-0.9007695251604318,3
-3.001043289930935,0.11552313810147744,1
1.1694171941780596,1.6677797752084786,2
0.5594392219619163,-1.3991042062855708,3
0.8846880072307605,0.7399912629852191,2
1.3222229054477947,0.11198048071631302,2
0.9595260876554161,-1.2748997721959752,3
0.3280120515151408,-1.6015980211747154,3
1.333215152747568,0.846051966210327,2
0.9088237048525324,0.6918692700256408,3
1.3694649251911146,1.3098429250204295,2
0.06728988236598293,-1.4075646516940084,3
0.5290964087809259,1.3313596452285432,3
1.279494749494512,-0.0009760116270123321,2
0.36891704424395366,0.04338043649574171,3
1.5430472678551475,-3.5038766595058655,3
0.8403457800258546,0.3505532428821943,3
1.4200214495093768,0.4303968037517016,2
-3.12109111061656,0.1320877061320008,1
1.9217277941303397,1.6399352359473742,2
0.5824434026062735,-1.8125407776299898,0
1.1708255370175358,2.198907960943969,2
0.2918821249595644,0.00812219572028419,3
0.47626986231692364,-0.6321650929658844,3
0.5656132944108714,1.015486853452265,3
0.9808714910456183,0.8641403598741026,2
1.4252988716431132,1.9822758388394308,2
1.1292300463803817,1.7735373342907919,2
2.8393751423593496,1.2767749432750812,2
0.5596261256730074,0.8994642977800433,3
0.443734334095873,-2.10986016458631,3
1.144714264222582,0.14243270992049595,2
0.5675795594325997,-0.11463696869956959,3
0.8834569234761016,-0.6394398151698444,3
0.6758347282228883,1.0560207095470933,3
1.817045817414511,1.373043741248632,2
-3.4382378033641534,0.6426844695317088,1
1.6577790201666607,0.8520661523712953,2
-3.035979441871046,0.33855874170035616,1
0.4538301576825601,-0.24460041660750736,3
0.5807552969533881,1.264934679474107,3
0.5742845994295105,-1.905338816941843,3
0.6495011997312857,-0.061637004534720305,3
1.2325903517351426,2.037952714318746,2
0.40602324010583773,-1.7286193265619543,3
1.7413025082754834,1.7622820428861448,2
1.9261519096016726,3.2744831321185464,2
0.8033694178392548,-0.641405714447838,3
0.47085337978990116,-1.563009443206598,3
0.5951629548159476,-0.25022371416893274,3
1.571800631483751,3.6286402519298853,2
-3.361192851386864,1.5669201231241516,1
0.8596161999331132,-0.4373329192839414,3
0.8413551917429036,0.3650134522319491,3
0.7885838691314141,-2.4828257446730038,3
-3.5996034353872344,1.1402044407827376,1
1.382146976160444,1.3737392099273569,2
-2.0174966300899415,0.679528084271481,1
0.7871905847663795,-0.5542995762596497,3
1.2919508260188621,1.2272849910716008,2
0.8746679131797411,-0.08378447347507738,3
0.7584264926113194,-0.13677944054654428,3
1.2048540209524854,0.5669568061534966,2
0.20626320027038741,-2.148429198112152,3
0.7747520362912852,-0.7828908936653909,3
0.7018360216619713,1.363614232174063,3
0.5956147814717183,1.4788453764835991,3
1.3946300943519692,2.2052737840194427,2
0.43287182250581197,-0.22138312903212662,3
1.688877186869437,2.239228537329699,2
0.416049529776298,-0.046003978827379735,3
1.3386648541385893,2.5295988050625953,2
1.1938382013868225,0.4693104731750699,2
1.3351375739350577,1.5505567752221354,2
0.3808056727797556,-1.2078949335982778,3
0.883348163065743,0.9513898153589446,0
0.5186304535610324,0.5376397800110291,3
0.32909325087771013,-1.648993406731788,3
0.4328096669152509,-2.013416193811783,3
1.5374355256902426,2.241990156741925,2
0.6276371464274035,-0.5680936054788405,3
0.5840052187024799,1.04947386487423,3
-2.4841680118719744,1.1052009411201735,1
0.5722596859464295,-1.7578835379392654,3
0.4062404712603915,-0.09540380801927877,3
-0.9431773424259748,1.4580766100932148,1
0.3379440729007719,-1.065171819458945,3
0.5074750153678539,-0.048440649111164316,3
1.0717825674233754,-0.11105014868584656,3
0.7774130644220066,0.03658349769039409,3
0.5107382350784596,-2.159882192007026,3
1.5794698744719116,1.1267970574733654,2
0.6689026075468604,-1.8694264773840121,3
-3.061610428171117,0.4975510753730276,1
1.473729512634307,0.639657049000758,2
0.7706464607913461,-0.7899031901788016,3
0.33823363583910016,-1.1661139151812752,3
1.0466433267238668,-0.12202160026801993,2
0.47154409818201865,-0.3068524635298814,3
0.7206072873579024,0.5552567491788495,3
0.4031565365354404,-1.0191191039267218,3
-3.1797137227669885,-0.122307160378136,1
0.8454693397185451,-0.9993599174808845,3
0.8515320947788031,-0.21706322273805195,3
0.8702938439682815,0.7402504789371057,2
-2.6722643136348423,-0.4179357309726532,1
0.6866612206990165,0.9804099301046405,0
0.838681532771361,-0.5585232761292992,3
0.8130549477140042,2.0130854079497196,2
1.310600226671467,1.920775074599075,2
1.0131591586762405,0.8947829764742941,2
0.34660049575081675,0.5305092252540813,3
1.0602778217314184,0.47674821447726834,2
1.4133456002856948,2.528916472663367,2
1.2040307848581786,1.9385296279755115,2
1.6306165229511937,1.4603275328491612,2
-3.4069011089586465,1.3179930824795927,1
0.7810956673691992,-1.0450947858301447,3
0.18224126808795243,-1.593595914334858,3
0.41670504936391833,-1.5435290818868663,3
0.6310061642199326,-2.1004099561066587,3
1.162472464359725,1.3016251025399455,0
0.535155343050471,-2.646583573936558,3
1.031269151587117,0.7357832036803025,2
0.6717037886780278,0.2767562911738467,3
0.6626886851793389,-0.34911971659182583,3
-3.181926834942041,2.1073993703827916,1
1.378617578424436,1.75136318491852,2
1.7803673375032614,2.782465383903669,2
1.4798317636000822,1.5007232092366736,2
0.3335207266587094,-1.6797071363580534,3
-3.3658647251076106,-0.4228613817453321,1
0.6671494646983529,0.38231231886418965,0
0.25335066637691145,-1.5800733834512275,3
0.8418595043537659,-1.2188627804399,3
1.5961463520189234,1.940457586165131,2
1.2028212410380874,0.47087644905036796,2
0.26849344944567327,-1.071830342267316,3
1.2833817984828393,1.4046168933001792,2
-1.38523654316555,-0.31170545653325565,1
0.37634682765827626,0.1740374933202179,3
1.0704550878077568,-0.5353431626278634,2
1.0699131517042821,-0.5993354736353066,3
1.6461386156544433,2.207029987464107,2
1.7779023856091025,1.537547267961101,2
1.3040091430478442,1.0033028599159244,2
-3.645365479385532,-1.3716444357727546,1
0.6938983423024427,-0.10283113947919174,3
0.9706577900666412,-0.13043871945521546,3
1.6351188468957556,-0.6650291117370326,2
-1.8551644277960875,0.4150916120033867,1
1.3557153256813343,2.1748888182795527,2
1.3481716949249227,1.2184123157452396,2
0.9940858178563313,-2.1453719477365234,3
1.4363563964512587,1.8481760762481054,2
0.5598991512318098,0.5235271848555129,3
0.5688301079408552,0.9697971170252304,3
1.4060070590263456,-0.8515055543177386,3
1.2959082187732565,0.9558224153927666,2
0.7047619076176245,-1.1040034254231708,3
-2.901339359395623,-0.6278491086209915,1
1.5580756818299208,1.7353686723420054,2
0.4640988551235734,-0.13650025504240249,3
-3.080689043313898,-1.0195554629613146,1
0.4852433860912063,-0.8936906210118257,3
-1.9726041763595976,0.22076875571700735,1
0.8165036661543706,0.21472794580472973,2
0.7444600348882136,0.8137403111616914,3
-1.0230950028877412,-1.581781436368689,3
1.4136734644733817,1.8133016491379241,2
1.150366751934942,0.6212739432889012,2
0.7374650551908821,-1.1949439539974194,3
1.657900904236392,2.1432233838326415,2
2.372528843185552,2.1962770431226333,2
0.5159415250504206,-0.9012399002302736,3
0.6437176662541471,1.367426067799887,3
0.474147795072885,-1.809811292515284,3
0.9401978687249576,-2.603300050239069,3
0.3627715371146083,-0.22946622838758252,3
1.5340912023372948,1.9423496246933127,2
0.7296327841313376,1.4129902375085905,3
1.0907218731664232,1.7312952579773515,2
0.8541319659392086,-0.41640891366748695,3
0.5536194789013621,-2.4110173957910805,3
0.5832791781457556,-1.3548883534748881,3
-2.8963461017823953,0.9617785245125124,1
0.3551395385151172,-1.6978741719406885,3
1.2963797108998731,1.3207256026326426,2
0.9325216718248394,1.1010439806104713,3
0.7186124918584651,0.256097326059777,3
1.7010018373973321,-0.01788312447058202,2
-2.824773672892753,1.7962765493227748,1
1.2232853428483583,0.2227276696346129,2
0.9570145431212378,-0.10289299971095378,3
0.808142559161253,-0.4064947985193237,3
0.667305679141896,-0.9910781237123302,3
0.49399691369716975,-0.9227419936149013,3
1.5916650785680884,0.908348495676778,2
1.225523160154336,0.6721861048159008,3
0.5737328993155434,-0.9782143213398843,3
0.4725543238285111,-2.200554283297934,0
0.6394736379556999,0.9991198899837588,3
0.6187472375810869,-1.2621049471087649,3
1.061193975030031,0.8164066185117416,3
0.35414629980161194,-1.126213693333272,3
-3.976500671924023,1.8618997779279287,1
0.9978357683212672,1.3133903521279604,2
1.395045827792474,1.823874944580958,2
1.2404101543130248,0.5214482111346637,2
0.5170054960413779,-0.9044086452286492,3
0.435139137808288,-2.3007492889740018,3
0.12968743109402708,-1.2156830406605919,3
1.2906088435653766,0.9829573050538576,2
0.5571341270230413,-0.7575967655571489,3
-2.5505368947897527,1.1647304257221753,1
-2.7636943275133206,0.521321766501315,1
-2.901600600068984,-0.9953322699758137,1
0.7001816203997733,1.299462785756429,3
0.8867245675931561,-0.3531044777235316,3
1.1504373374761772,1.5944702011405565,2
0.3111272809446513,-1.2347317301216114,3
1.3659481210826385,1.1534126255226853,2
0.2785679188967658,-1.957500485062531,3
0.8167662462142676,-0.38490029718971436,2
1.037877287785541,0.42337087756138253,3
0.6459049507989711,0.29572293899088214,2
1.2599116931712036,0.9509848122399418,2
0.34881332388567643,-0.8869867809703177,3
0.9754836893049401,0.22259916703343216,3
0.6683569807146048,-0.3570056927996032,3
0.6136802762725604,0.3018431287962037,2
-3.170102814014367,2.4710833056786266,1
0.7483541428667737,1.6802642260224276,0
0.524723148177623,-0.0188552136724689,0
0.4939988375913286,-0.37655376552578673,3
0.4628875983012721,-0.21373060815270895,3
1.3711918104932426,2.6220062876658687,2
1.3752450890762657,0.907271971174106,2
1.1592582672517195,1.1437674666550888,2
1.557862207555778,0.7689090958618354,2
1.2355452039075725,1.030305017737478,2
1.2422492308782729,0.4587405404849736,2
0.5020753004816136,0.49087591742698755,0
0.3651536706696261,-0.5221070617881505,3
1.1978094311745962,0.13826360605610555,2
1.2582732029039703,1.2483300287069268,2
1.1469335613154643,-0.22593363654984422,2
1.3675678908235522,1.4806422305472828,2
0.7015155525496626,0.10217234495535583,3
0.36771632101260476,-1.5779260894898197,3
0.5107097506283628,0.2401854727392971,3
1.3726727280038304,1.2449648657024088,2
-1.3916400633347015,0.5063142508688813,1
0.8040098451489953,0.25905951697727414,3
0.9588327393837348,-1.108339513465725,3
0.3895208134946259,-0.9876130176369501,3
1.2781779390333157,0.207426731373595,2
1.6204204711880423,2.887583602528073,2
0.7495261813170013,-1.3042454623230546,3
1.087291556178728,-0.5850166592283885,2
1.247213661938123,1.869792638502781,2
1.2634558276230035,2.2662401187088794,2
1.4022794228331017,-1.5772790991554346,3
1.2659549220013775,0.37230668852161436,2
0.5854466753797092,-1.7749840382299902,3
1.6663193943506123,2.042689514077029,2
0.5584214637866971,0.049538338483839116,3
0.17913486796131545,-0.879350147441795,3
0.9281332724852444,-1.1651087784007919,3
0.6451801221706632,-1.082698920450553,3
0.5029573473677968,-0.4740750370207368,3
-3.437355719315562,-0.365282352573496,1
1.0583823311302263,1.1318125107389958,2
0.7219442966288936,0.5482426604417144,3
0.9768012790150273,-0.407217689046754,2
1.4428839171345604,2.416843352339885,2
0.4237456983492166,-2.3424251754041694,3
1.7644057217550193,0.31960463683660745,3
0.5921112632907051,0.5681852126598057,3
0.6959517714816522,1.5344255142233612,2
0.4761575261806641,-1.2377218140034634,3
0.3377297316771105,-1.4197332680583332,3
0.9016901444963273,0.47967449023524533,2
0.596373802042861,0.5155942785973561,3
1.3804347018655485,1.1412693300865284,2
1.5414400824838486,0.881239097279807,2
0.7312881485894018,-0.2237008030867685,0
0.6567527787323333,1.2383489218644506,0
0.5570665775602301,-1.4859441626028693,3
1.2096143749502335,1.9516835411902198,2
1.0851669914977202,0.9009964533181805,2
0.5623524370809895,-0.27265844149229584,3
0.08733943280326534,-2.185464093432074,3
0.6497605151604542,1.2859443539489326,2
1.0862224787256214,1.4144848781273494,2
-3.3303659540710964,2.294512377273507,1
1.067010825305927,1.1664789354420326,2
0.2682028124664976,-1.5799561499880854,3
1.3289328934389424,1.0179850926717917,2
0.3278299302307498,-2.2466754774480147,3
1.3284519096269019,1.7186333204319706,2
0.44619719469229757,-0.008430287735933547,3
1.1643381230354224,0.7529448834455644,2
1.1322250305255934,0.793491374487126,2
0.5362624285029332,-1.817105664315716,3
0.49087871965345614,-0.05368501167625146,3
0.5887611656325767,0.25060575049198003,3
0.6109211963325974,-0.6121914191115319,3
0.4021989071054054,-2.858566139198782,3
0.7016121509933202,-0.2952293598788952,3
0.6685782173702355,-1.987464109721587,3
0.5646438998728505,-0.4341665272317848,0
-2.2641571836648797,1.1251234493765452,1
1.0737270759842164,0.338218440037282,2
1.4574490734317473,3.1613429965166664,2
0.5835613059114563,-2.999520511574557,3
0.7797551916014999,0.6851489259253614,3
0.5118043399685679,-1.9015450540344156,3
0.6988137234733663,-0.7036886080730824,3
0.6858354848803557,-2.172916991212457,3
-2.863559632261182,1.553245927956119,1
1.1645059738260815,1.244435613378575,0
1.209084935369733,-0.9624516197096993,3
1.447328176351732,1.7092204165551979,2
0.314033701807152,-1.4671963323414945,3
1.1241927023316527,0.6176410898136458,2
1.0330122324957633,0.7657179975116053,2
1.1194207075312705,0.5248784818686376,2
0.36228072798293215,-1.7316617380934431,3
-2.4874338804150287,1.470458084148851,1
0.9517663561261799,0.7146324574613147,2
-2.565896702004191,0.46613712808626245,1
0.6801035995717551,-0.500181038397046,3
1.4539528488307043,1.861920326766634,2
0.60002125168903,1.091517689876551,0
1.4592145887438572,1.358689242105776,2
-3.57997111862717,1.1139730962220777,1
1.4918265158311015,1.5179840100313127,2
0.46760005960283296,-0.45273159807763286,3
1.1075791784299533,0.6010969047973012,2
0.6223857769615614,-0.891708916724127,3
0.7394802207499788,0.009617658566608121,3
0.2836370456804016,-0.7376932381702958,3
-2.6909183999042905,0.24070823922756074,1
1.139036328767204,-1.1423728744957529,2
1.7616046849892069,1.543012986884413,2
0.9122225112773237,0.6372571570813069,2
-4.082519219885008,0.7221278203445445,1
0.4785135023686202,0.09845252370429315,3
0.5975957930111231,-0.8064462519984896,3
0.619414407770818,-2.014802289998247,3
1.1843919719313083,-0.13954725577064206,2
0.8576820465924723,0.4826987107430354,2
-2.5026228344797037,2.207091098037352,1
0.19586537101193718,-0.06192287762683721,3
1.0987805533393606,0.9622857371501095,2
1.423426689984855,1.839201511692314,2
0.5696654750468699,-1.1275758708946393,3
1.2257146113582802,1.5382785448822474,2
-3.2515444289513984,1.854034060846665,1
0.776333356557228,-0.4998445122951382,3
0.7055916772170941,1.3577576265312365,0
-3.3991007544305316,2.5542491970584558,1
-3.242590607026758,0.23552524870641353,1
-1.5505900779484516,0.2345151679428745,1
1.5679502691704885,-0.036033107895878796,2
-2.8600612678666875,1.2345006684979067,1
0.09562630196457073,-1.8843901089231214,3
1.0513610396630864,-0.3475974217051764,3
1.024176949026405,-0.10908577196030206,3
1.4951415264724484,2.300745179877231,2
0.22902308315127454,-1.3227234839202902,3
1.253915483734862,1.5423735092438224,2
1.493653703039285,1.635612026369446,2
0.8200204019112726,1.751165148512414,3
0.5324064648698864,-0.3678550023817152,3
1.0853910339643156,1.307132725300367,2
-4.072200893182701,1.6076034920632931,1
1.6735927195701852,2.1701872248290233,2
0.3016174717431415,-2.320747359733416,3
1.116269635415787,-0.18686439331848123,2
0.7359212538562098,1.415386090340311,2
0.9924178632369907,-2.138629702626446,3
0.2998517703721029,-1.7822331936375144,3
1.10902520726281,1.3572320952787635,2
0.6391332660102389,-0.35360894666531906,3
1.2995142415182752,1.1229608563872215,2
0.7186326888769061,-0.8058275759259059,3
-2.867802770337488,-0.30804531492140846,1
-2.558076581736155,0.6006467455228675,1
0.47668769327803023,-0.5047678710760792,3
0.5814301666947709,-1.645271811682906,3
0.7383176270413121,-1.3489170727770747,3
-3.513760020394304,1.2504121907433896,1
1.4479575605250063,1.186245045732319,2
1.1961041772439232,1.0199346571821766,2
1.5491500535484477,-0.7208816027352527,3
0.9781847809897426,-1.4311937917510666,0
0.8049854478119053,1.5089885301062957,3
0.437549475350159,0.5285631627382075,3
1.353809854578804,1.1339645293595177,2
0.3307022521481401,-1.5486170940749304,3
1.1618689798575732,0.09687189012414611,3
-3.490432380862937,-0.29782853483138044,1
0.9019852521193755,-0.33087656695932666,2
0.7904941019648816,0.3635568079436809,3
1.3148436353764839,1.4862372782605973,2
0.5643174311383781,-0.71527868540252,3
0.11137568818621663,-1.1088437970922613,3
1.1950579960566248,0.04596103420052441,2
-1.9026608295559861,1.4104589206345626,1
1.0901827127538488,1.4502074912213285,2
0.3061891490615465,-1.1923706687554136,3
0.6204489561790841,0.8860224460670185,3
-4.164306809088027,0.32691694575391667,1
1.1571780336804935,1.2132566892042227,2
0.3612426972846833,-0.2780455354818989,3
0.41510723481588907,-1.531779113408102,3
0.704095167419577,0.7511910062004437,3
1.1034466824059703,0.8569795394351631,3
0.47846065878841654,-0.48310873164537876,3
1.6273320340201702,0.6616149902778277,2
-4.0775365393692375,1.466061584417408,1
1.0348005126038309,1.276830052407735,2
0.6042789315620176,-0.7312107114890106,0
-3.117834736926477,1.6329504573523164,1
0.7643956151849252,-1.379538609319794,3
1.166860609141011,0.5207876147063987,2
0.5765824420896296,1.0086278978500982,3
-3.6145800481975976,1.1239599647928666,1
0.5873609968912485,-0.6545497425357405,3
0.8587893275248277,0.0005614772672370682,0
0.8947641702508363,-0.2038117113565625,3
0.9568437879631496,-0.6132203039740535,3
0.4448536512067164,-0.3046079485252693,3
0.7158572227381258,-0.32743693626210674,3
-1.1043178940254625,0.1864988215617054,1
1.1467065201575652,1.547416664755348,2
-3.422936934731602,2.9734390385944147,1
-1.9889739828955957,-0.7639301150060548,1
0.7712528223797098,0.050234162734919645,3
0.5807146728341585,-0.8682368729097892,3
1.390648136121616,1.3260680681780417,2
-0.904204569308643,-1.7977725576144237,3
1.121781299509292,1.4510194429934968,2
1.3992443376175614,0.6322611665005929,3
0.5768908198818494,-2.1195099379421816,3
0.3672050690070017,-1.161070920260333,3
0.5802230490580957,-0.6470071747557541,3
1.126035050331682,1.0459320459241217,2
1.3440017381343703,2.0975172868669185,2
0.4341628805153355,-1.8147758652092143,3
0.7698977164496122,0.6766038325886965,3
1.3546090021639368,1.0241354775980362,2
0.5970519256052437,-0.9534599970738062,3
0.5423309450181667,-2.375151806695678,3
1.240249104570705,1.0989948120921194,2
0.8575354502084787,-0.015710056724032005,3
0.8030167466302944,0.6079878434239496,2
0.7649251889847647,-1.4773844864664494,3
0.5828077334466829,0.22863907969866096,3
-2.1937768973693497,1.0200849222177542,1
0.46707320769132427,0.27795788482307043,3
1.144243739591076,1.5238278652689095,2
1.5059910155607739,1.5169162113719412,2
1.4182961489484265,1.8628023744573767,2
1.474587230477657,0.6637849228167846,2
1.996125372332715,0.809297696728589,2
0.4992378389651073,0.7455938209947196,3
0.2095842737454377,-1.7849612664982504,3
1.0791309311805688,0.7187957240337908,2
0.49753463414812726,-0.5900822875530555,3
-3.640213595069726,0.6427893649468489,1
-0.14495325173580823,-2.440029762540262,3
1.3318275745908446,1.9596602957365623,2
0.6468875421823406,-0.22415566571099435,3
-2.505076819580047,-0.5684272538146548,1
1.1735564361506705,0.5808288714924902,2
1.0334857171040477,1.2130399233118292,2
1.4559748259171255,2.4270584082511104,2
0.7133722906750743,-1.808278707548939,3
0.3062154264057631,-1.1386783970053642,3
0.3476887143709433,-0.9230669091138379,3
1.2375248674413435,1.2742324840051034,2
0.7804875939623793,1.130970966107856,2
0.6027317415276336,-1.4995056132076223,3
2.061290070845521,1.9370069374100713,2
0.44100845499300184,-1.570002993478849,3
0.6724363100728088,-1.0784922454834083,3
-1.4558657216391644,-0.6755058915812989,1
0.4830879004370758,-0.6980075595376019,3
1.1689128247851588,-0.018075756262293383,2
0.3553280114760934,-2.6916698494576976,3
0.6984448367400266,-0.642600657263424,3
1.3816833929837133,2.435549127906131,2
1.38430024075231,2.1046479301431735,2
1.625240906772762,0.9398142023204277,2
1.414295092016633,1.4004238864017884,2
0.6637601356170123,-0.4335124828746041,3
1.3982294967827884,-0.12228952374510556,3
0.6059332218629508,-0.15390596257669273,3
2.210757034616436,1.8355091812157736,2
-5.309465112493746,0.7105225165484768,1
0.37553317450667273,0.4007905469050534,3
0.6126842558731759,1.534443784073003,3
1.4207025248589558,0.9943607952255102,2
1.30140476535303,1.1095173264982376,2
0.29525938503296356,-0.3084652845236879,3
0.2584415995198691,-0.8640791381326223,3
0.6305137903546157,-2.2094722918305387,3
1.1777122775905309,0.8432204444258451,0
0.4006639855170943,-1.9020464277873872,3
1.3514911462345804,1.0882742301935746,2
0.2883250394068767,-0.16373704038002762,3
1.3927483636610045,0.9324367745372606,2
0.5786185844983373,-1.8657780037241332,3
0.5027906586777995,-0.8145189217834301,3
0.6477097810250838,-1.8169387803502963,3
1.1751995705638725,1.2571106025548697,2
0.6003722848997417,-2.390986455814209,3
0.558839430490936,-1.0669775126937788,3
0.14271650516971296,-2.0248227476632916,3
-4.767760570071595,0.9003831782326485,1
1.0835158537282539,1.6892548476890439,2
1.2476600495478705,1.9463677169078273,2
1.4629699755486618,2.5512576447544286,2
0.8674428774556615,-0.45054893572354593,3
0.9141559176883212,0.02788785354471873,3
-2.7196935826442,1.2501721135901505,1
0.6539210061312629,-0.47168237992274425,3
1.2371934108545921,-0.7091852991495778,3
0.8114358618809238,-2.2630429022066796,3
0.9607222097570663,0.8933254956908481,2
0.4130136843573584,-0.7570247985060955,3
1.0407306300785648,-0.2770704298152241,0
0.46931712537751175,-2.0070114896022173,3
1.5201847746216268,2.3472477489114882,2
0.5552825287179263,-2.2696175660140505,3
0.49099564857228434,-0.05648818560036474,3
-2.202540599891198,1.34023872842304,1
0.3493433063609464,-0.7777095032215371,3
1.5268324068019274,2.178163520315519,2
0.6514731534509675,-0.18586106750498485,3
0.8405875167535761,0.6180220797059489,2
1.4269510984144305,1.0788521634679609,3
0.5674000347590402,0.3682569336282013,3
0.33535840451078824,-1.6017699465624973,3
0.7060409021131787,-0.3211956302745328,3
1.4120379927796993,1.7077607990373462,2
0.4594546720600793,-0.5690724807541357,3
1.5139814042614919,1.3272813923238789,2
0.3105204995965397,-0.7204164931871059,3
-3.012708787641314,1.2785428578617037,1
-4.016568848175958,0.6241453255807418,1
0.8243026358052002,0.7952244060696091,0
-2.9855240228564353,-1.74677344668946,1
1.199299077378716,0.020287579600728713,2
0.405287163744235,-0.6991041001983479,3
1.1147094313805885,0.5093004762766922,2
-3.017169167903789,-1.6291044969297186,1
1.1452787683163386,1.9548963173423486,2
1.3371187910240063,0.9540693027406053,2
0.7568278505624563,-0.12169412714154923,3
0.5680891620057118,-1.3215981892666486,3
1.2237412627560371,1.7265516065557154,2
-2.5471985890273534,-0.06836611739383297,1
1.1587617571252127,0.6551151129573178,2
0.626744749454397,-0.5027366469596035,3
0.3419403828826125,-1.0475071084552372,3
1.5431868354339744,1.2105638350517474,2
0.8303363589474406,-0.8093846661848612,3
0.8296304355821297,-0.06384441606984247,3
-2.8678133745218095,1.8296799148155345,1
0.33629134241287206,-0.45760225969587576,3
-1.9371820857930622,0.40360146733337016,1
0.6022578189036907,-2.406925189914725,3
-3.0669380615221766,0.3732300033216833,1
1.2969036633197937,2.1188297689963944,2
0.7398190992829743,1.4809905748323036,2
-3.24780419707445,2.1008538307250793,1
1.4080199268685547,1.646811290251788,2
0.8618945481407022,-1.4994354883711511,3
0.8948518024167486,-0.17353804576256374,3
0.9854577170790177,0.9970617299164446,2
1.0019311759122806,0.8841728264607809,2
0.4713545536067152,-0.058884079546204726,3
0.36045045925765423,0.11706238323948322,3
1.333391085224969,1.1723424059568863,2
0.690847704345468,1.6788323350247651,0
0.429253454070014,-0.1940213329835286,3
0.2701660256360587,-1.5294227507733615,3
1.5510427689938793,1.8706170478656519,2
1.978298051252825,1.5114223642293652,2
0.6142540703603906,-1.2214462443949392,3
0.6325966647686242,-0.021781611144996108,0
1.1077832093392639,1.5035097619250155,2
1.5766705011104534,2.4569359247394194,2
-2.5560453484894374,1.6698563656831682,1
-4.11249345140597,1.301425569754765,1
1.0949453045695197,0.21452320003951922,3
0.09688020949195925,-1.3708448853841302,3
1.3188051078617835,1.8886391074313085,2
0.5229988672972891,-0.12505514790191025,3
0.3810445365444563,-0.070034609648203,3
0.6616553208854921,1.0795398349054912,0
0.4086764335834789,-0.4545498702602836,3
1.1346679350776128,-1.2419094522567802,3
0.5749290529705724,-0.7463469445796878,3
0.6595458871707702,-1.78203480888791,3
0.5175925703185281,-0.7385091010313076,3
1.1233449551724553,1.7451695237331981,2
1.9838916643083389,1.7054771740817316,2
1.3307673695871438,2.0054109625853207,2
1.1034539064376312,-0.5942734144772235,3
0.9302944106163067,-0.1916606173831435,3
-1.7440678297781629,0.09282681520818385,1
0.7163532527670503,-0.6015287034569664,3
-1.951076918989968,-0.27066238586612984,1
1.151816707661956,0.607573016275581,2
0.6616535874517474,-0.05169812815006718,3
-1.234387029042577,-0.9155217664534104,3
1.1610375189168836,0.7800645103394422,2
0.9146320496288933,-0.21169930495345063,3
-2.990897781750479,2.4791622363651764,1
0.603551955348577,0.28945682870280137,3
0.8474864568806705,-1.6237792735048855,3
0.44256180756093905,-0.6498496600821752,3
0.8102777587938306,-0.4141705249264507,3
1.2040589143425011,2.5741763975429706,2
-1.5965615213018585,-0.5033084047817658,1
0.9890983235368723,0.7990877765245499,2
0.2154447864547308,-1.6763714545152681,3
2.7978092644964097,1.907228209508266,2
1.3359112394426413,0.5269762201249908,2
0.40867665059075814,-2.4056905950038794,3
0.4868731577739,-1.5718832849050137,3
1.2465297360520513,2.2125569004636296,2
0.6804740712805418,-0.3323369999235654,3
1.054888651635948,-0.31044796541647784,2
0.5160124123903228,-0.6045488929383216,3
1.196845465732216,0.4278343832540143,2
1.300504782317101,1.7194204309672778,2
0.4701887454849773,-1.1951319677464651,3
1.0684585017124593,1.079215588505544,2
0.8613142752994286,0.6729570767747179,3
1.221473094122944,0.5424725115718456,2
-3.1029715504061772,0.8991427246070113,1
1.2321491841143957,0.18933476388079393,3
0.7014064663511316,0.05479223323535742,3
-4.687498415849467,2.635743646408225,1
0.42766120786047945,-0.6905180213845323,3
-3.386855372433469,-0.47857401768834856,1
0.6943145057598784,-0.4259048173037363,3
-1.1489081489037791,-1.0059244908986624,3
0.6788095549495201,-1.9452799480655623,3
-3.7989087021747814,2.093260772267975,1
0.624794171780132,-0.8798668966634561,3
0.7808215909597332,1.2802025770419923,3
0.8482001020132959,-1.1113528524600156,3
1.52366157776753,2.5509147201295175,0
1.1845484897726066,0.7152093921398791,2
0.44928589158839544,-1.7962035562281238,3
-2.2025616126997103,0.5254996214037047,1
0.5507207624025953,-0.5623229702292529,3
1.0755010552690167,0.5481317975580745,2
1.1481080820407112,1.2669968899466602,2
1.5459658876914042,1.5961490053574066,2
0.5225860135817273,-0.42194564010080216,3
0.8453948018938912,0.1085768330001048,2
0.4105122888812222,-0.9265776949432587,3
0.5036121481250562,-1.6560768337477036,3
1.4060829418295606,2.5657014523391344,2
1.326364131430488,0.1584681035329829,3
2.031189425888872,0.465902676096849,2
-3.5459734201303723,1.2109565265276034,1
1.197722305406829,1.8016627646965397,2
1.1557857120767234,0.9580201379304867,2
0.3630515831499988,-1.4035188581757843,3
1.4648165021413018,1.0102496786917918,2
0.9768366219878623,-0.5813669650968064,0
0.7688990347365758,1.7708043217347227,2
-3.407327613586239,0.7875493347344066,1
0.6924962571039971,-1.9395650560872608,3
0.33100881056989684,-0.6656064597666602,3
1.3002085873563347,1.4963873290665732,2
1.2147141565971686,1.0773295988844063,2
-3.5365673583766406,2.4697749481055564,1
0.32995883637261386,0.06211708690232395,3
1.5688169908775085,-0.2932313825208238,3
1.572086873781889,1.6406102959542503,2
-3.14543931092667,1.7285648454869853,1
1.602183205694856,2.41984090598384,2
0.4178164158691938,-0.25816159980480624,3
2.1555761854990942,-0.5433597068317338,2
0.4159939684455775,-2.2421655522082085,3
-2.958517378848481,0.8042189524745198,1
1.398908623449509,2.810914072595131,2
1.2677176661745564,1.5979925212549333,2
1.3107626206709142,2.651980036075061,2
0.68265847108542,-1.131065433734068,3
0.6084216777003403,-0.09488517802496862,3
0.4105335068077697,-0.2148962517376956,3
1.454327044378259,1.6973570483284521,2
0.6061640645592299,-0.18611891492667368,3
1.122920183056248,-0.329783026992361,2
-3.638367696286924,0.13164569508164992,1
1.2306477990249587,1.5293320272188007,3
1.357015876453168,1.32969332342303,2
0.5796465945354647,-0.7023684315036468,3
0.9599440820747029,1.4343693311518348,2
1.1172913391454256,0.29714100352122624,2
-1.8160571603455207,2.41215885934794,1
-4.028999547734608,-1.997289289360347,1
-2.3031049630935203,0.6887853420409833,1
0.5938196654981063,-0.49034001708532154,3
0.6542599060301021,0.9968365523875062,3
2.1295234113844907,-0.6763723453800076,3
1.0826274692922386,1.6622122909146113,2
0.6107929808640165,0.9421613016038823,3
0.8906978676149455,-0.4887764661600879,2
1.115632667484423,1.267202327725878,2
1.208334808652232,1.0835431743849246,2
1.0743778727144053,1.4017408511704283,2
-3.0457278402556924,1.1082057639345024,1
1.3607774980681895,0.8560505053189189,2
1.0829063553301481,0.5728416998199626,2
0.44339063513336724,-2.2757606287432965,3
0.4801513525647936,0.4315661493231551,3
2.500364578902614,1.4275201665926769,2
0.6050982822888861,-2.351245987062935,3
1.6990449640242744,2.706697052560096,2
0.6265745266678339,-1.2346715216019848,3
0.369593381935632,-1.6693411882762708,3
1.4750709289347526,0.432805460315485,2
0.4999540686339758,0.1465242129024627,3
0.4678748864117927,-0.1958643084240543,3
1.024594219867785,0.9282375812680055,3
1.1027284012287442,-2.2654845925295852,3
0.6903470792795076,-1.080332071905227,3
0.752466720986291,1.476345722186494,3
-3.819620246608351,1.679073813302429,1
1.3422624270620098,1.6439575351029105,2
0.5201258166705135,-2.0674320745436052,3
0.5029368955449983,-1.3004095878208426,3
0.5085276814844318,-0.9950147841683775,3
-4.277747004652483,0.9808174228571818,1
0.7058953139560212,1.4738318901167602,3
0.8264898131631824,-0.4973108800000652,3
0.29989753848433476,-2.893437336205544,3
0.6713193277619887,-0.24417457819671304,3
0.6285285046557915,0.9366443689117412,3
-2.5740133994737735,-0.24765265004654677,1
-2.1581678453617537,0.607938117413204,1
1.2721167093117554,0.7764930716672233,2
1.357041434089803,1.2185706060977421,2
0.4080007507408574,-0.8075609127662134,3
0.33016066808588185,-1.2467086745462967,3
1.2029949535941766,1.3760164448448544,2
-0.925559018159172,-1.8722773919169131,3
0.8032473410706097,-1.2415857688790972,3
0.7077446668096805,0.5693846590286634,3
-2.8972123897864543,0.36586094894969734,1
0.9771919701263855,0.7684112139038037,2
0.7929606743081316,-0.015598727013394544,2
0.47815060876282006,-0.99081451008818,3
-2.713419273138366,0.4076450716457709,1
0.51557363948576,-1.6104421064712564,3
0.3860639806315637,-1.4525041120235391,3
-1.6069356045651209,0.9181785909962259,1
0.8963673563578162,1.0016520570293994,3
0.48868036731753367,-0.7467662482193388,3
0.38999648224126643,0.3141183708417297,3
1.0521391950908336,0.4262106943225508,2
0.7877328124578342,-0.48615824126923723,3
0.5101981915778618,-1.0614642367327243,3
-3.336804885859417,1.8364070530074381,1
1.2053134308286817,1.2647165047200812,2
0.43094840521837474,-0.5254439202982654,3
1.2556513243336118,0.23053487931803615,2
0.5001755591383992,-0.6751777146826136,3
0.9236293737710894,-0.40186165335920676,3
-2.391657801909706,-0.007375981667869529,1
-1.825462528145037,-0.024368208914567997,1
1.3722941415972203,2.5190618065743413,2
1.0510261196084152,-0.3859043565507682,2
-3.546521208290223,0.414381688781096,1
-3.285497763853251,1.1933189912834825,1
0.9046508573510146,0.3702469200511224,3
0.4938926683204868,0.2809550916879611,3
0.5751128581380028,-1.3776669337158198,3
1.4587956804278606,2.4566827092055257,2
1.024630179940144,1.181649181793003,2
0.6046134978372363,-0.06273727239476454,3
-2.595465401097488,-1.2640583268566015,1
-3.256892845686033,0.40622374511851816,1
-3.1815610690524503,2.4513927065470136,1
-1.9845631715314482,1.8231175771010828,1
1.0985172702235484,1.4766487417487555,2
0.8664146743039458,-3.0852925828925666,3
1.0896558374331975,-0.8410358610426216,0
0.5281435768597299,-0.7009031904985846,3
-6.353726202397278,2.0375325257346297,1
1.2593412717877261,2.104960733438698,2
-0.8441819672180862,-0.4311428746840327,3
1.4238349601050388,2.2693642068035333,2
-2.0405856933544047,-0.7542331066926172,1
2.2335860465396573,-0.9347912028653389,3
0.5489499872007371,-1.697959826762794,3
0.2826373636716595,-0.7678852661655807,3
1.025108843193934,0.8566359962012713,2
0.4239428346169107,-0.7958977530119193,3
0.7873798845813886,0.09439080804091877,3
-1.50800235286936,1.5145469920027959,1
0.7044643451855114,0.08537688676166404,3
0.6891756002791034,-0.46470449127800695,3
1.2278417700979087,1.0063112208659695,2
0.7074469738383046,-2.0072008073837404,3
0.6558615335147493,-1.1038342423669238,3
1.4723678816924246,1.7356429376372873,2
1.2632295312763082,1.6128817413773129,2
0.5546328624593879,-0.5372252729283603,3
1.6535047468292077,0.28034391048841495,2
0.9107233999135936,-2.106492641404664,3
0.22950616733891718,-1.8111341857361485,3
1.4981300544053524,2.001144124816064,2
1.4032063386904614,0.9425758854830186,2
-1.3375455160858605,0.130247433390128,1
0.923906153854544,0.6033936575711826,3
-2.456130529587231,1.4373190114994505,1
0.9968274888902972,-0.1981917464453469,3
1.3438725189172522,0.9516320416094466,2
0.45555295023452286,0.6770228989285301,0
0.4796612771137392,-0.22634408747480128,3
1.3887630504528303,1.4800624074634696,2
0.9995361981276153,0.6887897493519914,2
-2.8508094149924084,0.5337913339603293,1
1.3192955380220244,1.9841591415513875,2
-3.157036882040267,2.3341279710356813,1
0.5032745320652449,-0.5266795200346136,0
-3.1311615741776153,2.5418280184437325,1
1.4609346919946193,0.9831135583728721,2
-2.5529298836427983,0.1140302149857135,1
0.880077248754193,-0.9255570865669287,3
1.4181544047738064,2.641539623048954,2
1.169285397928831,-0.1712832694785794,2
-2.4432557603946097,0.8480264040004772,1
0.8674019477556859,0.9781285127735728,3
-1.2689224315592607,-2.0903766793359773,3
0.6490408602211846,-0.10370953288728627,3
-2.8907936819969593,1.2192973641259608,1
0.8181868170853465,-0.5749303254333952,3
1.2136211469203506,0.6922459825605752,2
0.7940248905853868,-1.383438362988396,3
0.41366103413346295,-1.057883089252668,3
1.091050906003199,1.0137281614162776,2
0.2668137486453248,-0.9048463348828683,3
-2.7497569172444436,2.2695015655944446,1
0.4995436168597439,-1.5669535341581977,3
0.659326306523461,0.410598088322543,3
0.950185116262868,1.8617415712309116,3
1.0639056276898942,0.8981408008220051,0
0.4025984410274231,-0.9342549810512009,3
-2.141328877820818,1.0131617441731644,1
0.5285785135899583,-0.684441988000647,3
0.5403924838464812,-2.342359099161913,3
1.0393799976550195,1.04620245875073,2
1.0165417739219058,-0.6888502045899666,3
0.8295416029662767,-0.7063835993244743,3
1.5569883742409056,1.936812180917198,2
2.627318385627743,1.903785434137246,2
1.2510658971259936,2.5250438355147597,2
1.2772288490077228,-2.196698001719878,3
0.6047596372556345,1.6460472527917616,2
0.4539182269387842,-0.6826537360890115,3
0.5413861933753613,-0.2581007662792971,3
0.4007468917157981,-1.422190656563924,3
0.7694912003291603,1.4525318152652413,3
0.49177240861153354,0.03920210043974078,3
1.5983756883246807,0.9090681298724619,2
1.5992004128611885,0.18573827002632726,2
0.17486400388267515,-0.07688159831117046,3
1.3206721978626244,1.3819880699699205,2
1.25637767245965,0.2787993792750136,3
1.9320915524772617,0.012774959893633695,3
0.8446876929463553,0.8149392961425532,3
-0.009471764826994602,-3.2212200457290945,3
0.7437164655067131,-1.926907753317845,3
1.1581383163453804,0.8264959300151724,2
0.3268275303168359,-2.1469134483581946,3
1.23303702450993,0.7404654717528121,2
1.0534610569765865,0.14442226934019886,2
1.1596435832837573,1.0624452922178504,2
0.6324447188751766,-1.90181464004947,3
0.40535445901435796,-0.6050865174381276,3
1.0052480688476837,-0.45942437417893917,3
0.6307092528065924,0.8734679098762472,3
1.0301057120539123,-0.00108467765370446,3
1.219273724913653,0.7860337881613629,2
1.0671522665091673,0.6323969795808874,2
0.7028887506167656,0.291132758782422,3
0.3903183065228737,-0.0990209929212464,3
0.9822620956671321,-1.0639791625524626,3
1.4390752370460742,1.0935098758575093,2
1.1139200850441735,1.3173156945449034,2
1.3938873906003917,1.7288093822689272,2
0.26159979727131716,-1.0306308884823911,3
-3.879278708162386,1.5814083094805413,1
1.5933574331244218,0.5242708031674613,2
1.943278976998052,0.09675096696110287,2
0.9970444045601804,0.14701209416633693,3
0.37348612361302624,-0.05780195372638104,3
0.8735505667333511,-2.8889725484257287,3
0.5807700182114662,-1.895118794401015,3
1.248061880741335,1.196969176456642,2
0.8075296492776882,-0.6659139258242808,3
0.4472674624318666,-0.6171840566381498,3
-2.57796694736735,1.11661840459617,1
0.9041675701309728,0.5658571176415227,2
1.0228193145457032,0.09866491205460555,2
0.5491540984224786,-0.6030136389400366,3
0.6126739887188716,-1.2555189875640544,3
-3.5281101458064934,1.9923383942122794,1
1.3472895728047007,0.970327940997509,2
1.5936858924107962,1.9544825935403933,2
1.441211034164712,1.6520978841475673,2
0.5155679916782587,0.33673627862641164,3
1.072587220336344,-1.1879985181408594,2
-3.202424862761472,1.8838094845413116,1
0.6626495885719907,-0.39839940252673633,3
1.2087364641325207,1.5541217138251506,2
1.2621137190741512,2.1220077153398917,2
0.32620615158991234,-0.046173827075529555,3
0.7792626635113196,-0.9029070600354812,3
0.723673492620078,0.32250440814905124,3
0.6494393789488822,-1.4455687384495697,3
-3.4112960028503694,-0.5711240675300463,1
0.8280735127557848,0.11116342345055409,3
0.646777586405983,-0.9312596474235743,3
1.3949056683153702,1.0646376498242203,2
1.3705235742184454,1.517468919259034,2
0.48688312589557164,-1.107749003868864,3
1.1009924644855942,0.11764174179536387,2
0.4188717250474742,-1.1217486618711079,3
0.7148324044740757,0.9320245780970993,0
-3.5833065901860026,0.6626309878396802,1
1.2261024592605532,-0.16321577743677812,2
1.0782481572406668,-0.644491851968367,3
0.5230329239941831,0.6492737264194518,3
0.46572982319085743,-0.2064833821171263,3
1.1349252744519174,1.2967678991413145,2
1.1750953116721208,0.30851884566380516,2
0.6057236992037612,0.970032824184323,0
1.1632655731197228,0.19081831429360327,2
-2.4359650956112056,0.7470369600431538,1
0.15552714783907767,-2.181353407165092,3
0.7351688508356391,0.04929414564819736,3
1.2980007910495701,1.1336610873189865,2
0.7775236350081737,1.4364423954353818,0
1.4146326567452283,2.1190351023682834,2
1.6558560664991582,2.1014723110494455,2
0.34272532719436416,-2.119108141728259,3
1.1604143312383395,1.3009026552276024,2
0.8799700190821165,-0.8220055392655671,3
1.0822459774044895,0.4076277166882582,2
1.3310028432031302,1.0023984966093409,2
-1.6931585813035377,-0.8892413378428855,1
0.5261087857581934,-0.1397009887042015,3
-3.3766931009818184,0.6016637308854057,1
1.1079356154493114,1.7975126572658562,2
1.370960369613889,1.1120065199773805,2
1.2282893748397516,1.7829614299072354,2
1.1977541555508546,1.0310596389947426,2
0.27836335822115105,-0.9654073759460151,3
0.7503544520751477,-0.20618305796545328,3
0.6757890800567528,-0.03739830490142872,3
1.207556016109318,0.774926122793255,2
0.7051292509943455,-0.4727961727075879,3
0.4639870556176824,-0.4786286069632037,3
-10.440632820768188,1.2006178150798663,1
-3.9311086782140126,0.9898108215586175,1
-3.524242268997481,2.171233997291168,1
-2.2133734885584184,0.15429465035708073,1
0.7109577240758169,-0.3689750350014399,3
-3.4731266302443307,0.88442900440051,1
1.1617985345602515,0.2781533886917749,2
0.5756531733527602,-0.024559215657806614,3
0.5380161494623407,-0.5115439009242744,3
-1.7468970724904156,1.2420235247679585,1
-3.056860630288072,1.109050062691504,1
0.4283986670770123,-1.557223595596338,3
-1.4830183178164515,-0.5736357787798755,1
-3.589622744975783,-0.5085145856494513,1
1.261135593246,2.0525550508032357,2
0.47789805528155593,-2.4814304689216047,3
0.4482397782401112,-1.5606858302383122,3
1.9398600404954076,0.7723907225160799,2
1.4896894240623524,1.5529498266219193,2
1.2243039161099025,1.1184304134034986,2
-5.919660923351026,-0.8476104668645527,1
-4.248325909425997,-0.4270460626032729,1
0.9291885723838526,-0.44562085558821624,3
1.095586009230642,1.3984677088825521,2
-1.1268517889772127,-0.8185896403826938,3
-5.048243393354714,1.0662421742199344,1
-0.5068298664320954,0.42732891522537986,3
1.0441034978173853,-0.3536749594786625,3
0.6225222351267405,-0.16751647947336057,3
-3.619034089254858,2.4608998342991866,1
0.5844464475885053,0.6983988252484876,3
1.0736682120666794,1.652636935976481,2
0.6821783816523074,-0.8596064022467166,3
0.8435882514952393,-0.9204017697903649,3
0.3356150155489534,-0.5699746106595962,3
0.476209541845764,0.41667676481919685,3
1.2165338507244776,1.581337972467553,2
1.4177170254997262,1.4649001654069331,2
0.6550473533469728,-1.2520527263699062,3
0.7582779171171311,-0.07289332596452121,3
0.9221018024081277,0.480697499315051,3
-2.6004121054632283,0.23827081519029608,1
0.49208080847229174,-1.8484627813334118,3
1.191677815491446,-0.03335327918650849,0
0.46350957134796744,-0.19302921526055317,3
0.7034812658646611,-0.15806203589997567,3
-3.3304479738133703,2.364059578285658,1
1.755381374490235,0.9407205120284576,2
1.3609614097909608,0.8525497862273927,2
-2.8222221476193976,-1.5699005501796988,1
1.0543505581483412,1.3980101502834186,2
1.5313640199628185,1.6796933692567497,2
0.6029645874028999,-1.672393015846448,3
0.8397259985190171,1.288503795932196,3
1.3580101166879213,1.512031929921177,2
1.4309003614693037,0.23260872992629997,2
0.7075806597449181,-0.5829558327940211,3
0.7924857564335039,0.25062746131676433,3
-0.5262519883007241,-0.8381343407452871,3
0.036362313661144875,-2.519855007692399,3
1.2606064920135638,1.1608118621522026,2
1.0103309048079268,0.346566744100214,2
-3.483841204350629,-1.23437401693774,1
0.6118053418579695,1.611185570258035,3
0.23219799236886166,-1.6146898418622821,3
1.4173940355679029,1.8123909939521061,2
1.0510436920698798,-0.25517127105059373,3
-2.408160638992751,-0.6583711869806337,1
1.3106504734780813,2.432661916070714,2
-2.5474499721115627,-0.2948622958686513,1
0.734276592507259,-0.5114402305722577,3
0.6334037908530328,0.86812870882785,3
1.1856486631608218,1.0961351792567209,2
1.4916150544882791,2.346978750316329,2
0.49106874155091146,0.43620367370619456,0
0.6268601395302207,-1.2305236815238718,3
0.3801571749000739,-0.05415289594027897,3
-2.7740594559309706,0.8693924623956667,1
1.1081686050537733,1.1214114982546997,2
1.4331537966194652,1.4932947613657568,2
1.0584017661352954,0.7038062352700859,2
0.5218660719631308,0.4119762659335225,3
0.8803223939948265,0.21542327509890066,3
1.362286096962745,1.7419651007004167,2
0.7217652318048523,1.1951754970372905,3
0.4271040399093043,-2.2938922290016848,3
0.5768930877647035,-0.9974186520300569,3
-3.076309323848361,2.150486594505448,1
-2.915659753980799,1.6466405794970167,1
0.6801251455367908,-0.5313273995297421,3
1.041507906116691,0.3033576379961263,3
1.0331095969404245,-0.5911975376542805,3
0.7981346080309178,0.23223484058718438,0
1.2176682897359559,-1.7694417318675957,3
0.598262275161287,0.988435464032243,3
0.4178239333275476,-1.0138405381471038,0
-2.5472865594735117,-0.08927766593913546,1
1.456935040998876,2.177162678714457,2
0.31864683965958085,-1.4183109550394521,3
0.4583532925974805,0.21672140539730886,3
0.34738765433132823,0.30264206756825707,3
0.3384386882486742,-2.224566186123593,3
1.1728183471556375,0.5819213627168769,2
1.2594744767659873,2.0319680911981797,2
0.9426113384481218,0.6472865819018946,3
0.38881423528739073,-1.909410989896621,3
1.3857330986739136,1.4559729537734,2
0.6116786209173692,-1.9839372856589612,3
-3.0200345424877257,2.4378878293496857,1
-1.0261422617845288,-0.6100140949825794,3
1.30220855099494,1.5735600920557655,2
1.5055194240397263,1.2869333224120472,2
1.075752981342783,1.4097105877399807,2
1.2675132014537942,-0.055917199974338166,2
0.8156597836522027,1.161097982663536,3
1.1166415652355102,0.32183758700657195,2
1.0426272584396625,0.6252998705044125,2
-2.4596003546405893,-0.9453601074717076,1
0.9414120552931183,-0.38327789440188836,2
-3.493431370737706,-0.0914752057060318,1
1.4849480806704014,1.8109501880405063,2
0.7873899737595752,1.1691003184145414,3
0.7619725351483025,-0.5947386191494345,3
0.3245421418349979,-0.8114830047251835,3
0.5007742519959014,-0.3017859356008978,3
-2.3291553919383365,-0.08565208358223499,1
1.08179054425726,0.5680757735525949,2
1.2209744900966286,-0.11706952068172713,2
1.0708590804911426,1.2345684804907116,2
0.4707506565565881,-0.6684528353089062,3
0.973530976064613,-1.2247690315265265,3
0.6498813842136096,1.2077257753944826,0
-2.652711878592487,-0.292546045680883,1
0.5160491931804645,-0.836540174326918,3
0.8871889887936204,-0.4407834288294741,3
0.5860510354030135,-1.4093604201179244,3
1.053693064483172,0.5890178976156971,2
0.3753996892620675,-0.988752797199831,3
-2.330731957083883,0.54016359454004,1
0.3947378745757569,-1.6572940496406983,3
1.3335425024930436,2.56528510616456,2
0.6542542497272871,-0.3075540603813162,3
1.1841708566168867,0.3478493551302176,2
1.6038108946107952,3.4377437133524573,2
0.9347742278938992,-1.096570349742159,3
1.2533858104752003,0.17891067505616742,2
0.6423175814513448,-1.3743766074636599,3
1.424929326263772,1.1687836951110826,2
0.2716584193764799,-2.3273228415088285,3
1.2949404116653611,2.493990286052031,2
0.42740373578795327,-2.3249437870533525,3
1.0743339491563226,0.03216693045062082,3
1.3733364604347702,1.9174630041302902,2
1.1949654993599783,1.997727850808921,2
1.2238402761984941,2.1465295841818466,2
-0.016613387427446193,-1.658256155433018,3
1.2737460454833018,1.1988964952540093,2
1.4022923531092846,1.7294588597366536,2
0.6440988308289001,1.0346628743473958,0
0.7029521571975195,-0.820899643901839,3
-3.022149525036922,0.9917066807698796,1
0.5737866223523241,0.41222691820269636,0
1.2787480678558356,0.6093205614452836,2
1.00662255130938,-0.2453383019659914,3
-3.046837175454294,2.779441879634878,1
1.2985241878776879,2.4425890450096372,2
1.1365604860210166,0.43726750164887324,2
-3.384284139219515,1.8518987044606343,1
-2.886631087043207,1.2231417836082599,1
-1.967069811181708,-0.37866579779265047,1
1.1031897955093193,1.3274972765049988,2
0.5403683534372022,-0.879907686309916,3
0.5740719982162403,-3.0749664436591315,3
0.5684481986469941,1.13376612348093,3
-2.872706291040959,0.8093318500026215,1
0.5691317085819025,0.22508253561942618,3
1.240692639821526,0.5304880930070585,3
1.4709943748751024,1.0966042681120802,2
0.38917269448887915,-1.7362368552202732,3
1.30478665271375,0.06319214029299472,2
0.9658243768813849,0.3423630461811205,3
1.3205417552278118,1.07689453068348,2
0.5851282180087978,-0.8655657520371659,3
0.6717928566985312,0.6426257926066506,3
1.120191646113862,0.07674791523887035,3
1.0146747308576731,-1.276048670430888,3
-2.084844544278874,0.5422518460605461,1
0.49369158104596783,-0.780235949489724,3
0.4111764038284486,0.4740720591925527,0
0.4944593411564334,-0.13044445533631394,3
-2.987279384173302,0.4590199853281144,1
1.560165846378393,1.0253037230372413,2
0.3449295106472391,-2.2788123940600893,3
1.4306800529248151,1.3371953511767927,0
0.49614173751619106,-1.7932413934367073,3
0.28469109338337234,-1.6691961034627592,0
0.28979928673854555,-1.5055531278121204,3
1.3024493604321543,2.174049395897687,2
1.335905992739311,2.504072398847619,2
1.4383260715398927,-0.21204570884378532,0
1.241516577587225,1.8925090831573488,2
0.33101414900761805,-1.042520691800913,3
0.5670092325764474,0.40166344022387385,3
0.759746186471766,-0.8370792901285224,3
0.48386367481110165,-0.03660934719423854,3
1.3191703828440362,2.741675854845546,2
1.6650309259941736,0.49551020474173957,2
0.39637739301167824,0.005306477462506008,3
0.7081092311440209,-0.16581064773382015,3
0.6266118632751397,0.13019446737669588,0
-3.415127400972893,-2.814311038262905,1
0.5557499909148792,-0.1027429838506503,3
1.500203283894305,1.822438515657996,2
0.5822725807989266,-2.2010157046369474,3
1.3189510541902303,1.6531069565366152,2
1.1051929738023785,0.5528242951093455,2
1.5087100584574586,1.640744288692099,2
1.0304509678309044,0.03708718703110344,0
1.5111289044547331,2.082741672510726,2
0.6235777234869992,-0.36755713991905453,3
0.573687330940816,0.6960685252163761,3
1.4337553462605832,1.0302228577259933,2
0.4744564194033593,0.01335118218085393,3
0.4391675864833682,-1.8949405482068253,3
0.4069635048290031,-1.4610872663540797,3
1.2190181991938502,1.673125304476911,2
1.2064299358785862,0.1011005543300333,2
0.3526989255123597,-1.9106638945118664,3
0.7812473527797457,-1.3351770867112995,3
-2.5068650037153923,0.07072669483990796,1
1.2490282439999816,0.8220309003142079,2
1.5243635795963522,1.2755303653262253,2
0.9655407535771714,0.11467881126678016,2
1.3265191207856326,-0.14393406017165863,2
1.2876820291982158,1.9482882586995331,2
-2.5320361837456984,0.7897235719234366,1
0.6918305456377057,1.1739040444333249,3
0.5750586832129145,-0.28480879782947627,3
0.49367381687393364,-0.5287526315148056,3
0.5770622462239856,-0.8953035988415958,3
0.6222158326728264,1.0777763667360964,3
-2.3293462094292416,0.5176976349780735,1
-1.3678360951262176,-0.123232521160846,1
-2.633071027453966,0.09299428046908897,1
0.6673484268899393,-0.577070442316375,3
0.49436373466072714,-0.11622655038764161,3
1.2658878870853105,1.2469863129939083,2
0.3786113027629189,-2.1535346808876765,3
0.8780833658729165,-0.7791967186857489,3
1.4151293211085312,2.2700447442048106,2
0.5766320423991467,1.3870474698564481,3
1.6304264827803348,2.6833694803596253,2
0.11864644943516528,-1.5150007578743043,0
0.803390392841934,-2.0149295138192547,3
0.4452644871804231,-1.242605677942131,3
-1.7168276787794543,0.07833627756775458,1
1.2004021551209467,1.2399066883692091,2
1.8686505038309542,1.6021960105084987,2
1.583477134745195,1.948182823257751,2
-1.080454896332007,-0.8086864377708671,3
1.2903888897186124,0.09736524864386976,2
0.9040483108964121,0.28931342590346487,3
1.2945681956204214,1.4992714445866127,2
0.7511812052312175,-0.3164795279681745,3
1.1570160717196192,0.404894691543308,2
0.6491932354905879,-1.3599719995265083,3
-1.8568564027966867,0.9520423121437047,1
0.9241570334586489,-0.9457041290084477,0
1.3432478058952775,1.278191516133313,2
0.6650159355904217,0.21778247693537814,2
1.1069152347044624,0.8720298183578503,2
0.8908269029250672,0.35006041906785895,3
0.6097243618643838,-0.6554220208505612,3
1.504192574917214,2.8849359380828945,2
0.7513105140868824,0.29913293190899654,2
1.9290584339595358,2.1402115051715684,2
-2.759907810971998,-0.35448969792460355,1
0.705337608461368,0.8606594405846983,3
0.5716194988265889,-1.6421309812883644,3
0.4918591863055254,-0.2981847238010488,3
0.726422664916186,0.41301443820509093,3
0.29328620514905024,-1.5217194719550649,3
-3.1237185287353726,1.026477759350692,1
1.9643208174617084,2.1717933084231977,2
0.7475994098359946,-0.5454319497886447,3
0.7116619701407306,-0.6435666021439874,3
0.29156430797778626,0.044164258638709646,3
-3.993777163411731,0.7925877156689918,1
1.2053848033686456,1.2470704422897458,2
0.6591619432672672,-1.3088982126722435,3
1.3135822306377578,1.712062896915908,2
0.49541548009795133,-1.656931819142349,3
-1.2222483782903957,-1.1848394031717127,3
0.6176592291878288,0.0021311430402270715,3
0.6368349962018425,-0.46266148613760183,3
0.13736511617165853,-0.8221564425404924,3
0.8007265305929177,0.3879714554960552,2
1.09714161336795,0.3258802636441479,3
1.3796974749198712,1.4375954443841583,2
1.4619168462933867,2.2855761684068603,2
1.3075389972895204,1.069700700904001,2
0.3414453720014093,-1.1588121706768053,3
-1.6578849768258044,-0.4854858416984294,1
0.592496418938438,-0.32861121633576584,0
1.574560282352284,1.1915202879447095,2
0.6845022011354719,-0.2539860845441255,3
0.68866873804261,0.1116642997717527,3
0.9797454840052089,1.2844740782669037,2
-3.3420902074292407,1.268041244287153,1
-2.9717089976550333,-0.9016851627043198,1
0.8424694285816525,-0.4096944541558919,3
0.5758415648173026,-1.5554093304233216,3
-2.496938966964488,1.2447407739007843,1
1.2794294978223526,2.2169996573405775,2
0.5827317538251631,-1.9147567213349674,3
1.1316457187822346,0.4255405643039957,2
-3.1260404977653606,2.245973144620746,1
0.3356225285630868,-1.359437586059197,3
0.8509605467666135,-0.51161200809481,3
1.0952837297866507,1.5396224920846784,2
0.5885865453862712,1.6398793795974207,2
1.2656761133456083,2.28717439262519,2
1.8367590394223299,-0.4611593037968492,3
1.0050731655003153,0.27094367136526887,2
0.6685028367788558,-1.368438888696752,3
1.2859178641337043,1.3566717576393696,2
-2.0927164117117423,-0.3060538074686245,1
0.8340876629975231,0.4419469237479404,3
1.3147766130520233,1.6349260173645876,2
1.7309533582913574,2.5002413931565637,2
0.4580640656316981,-0.13365233804615892,3
1.3785403794924374,1.5808382889745372,2
0.5390302728830957,-0.08256286754118992,3
0.49672976393110085,-1.5951431006273458,3
-2.9638624426976317,-0.2933591978235665,1
1.0857403126281522,1.2239396728137417,2
1.335371291158228,1.4505370108174793,2
-2.6859737469634837,1.7245566244763102,1
1.4534799743603832,1.9221530604742696,2
-1.143756901871962,-0.10321772114009366,3
0.4273198922968793,-2.5104254095820804,3
0.5050020785949151,-0.2829600901065684,3
0.8063795153860385,-0.4527832433869094,3
1.5937484863159612,0.5905381154892174,3
0.4874341925211647,-1.7493954984521793,3
-3.6171031706507466,0.32960251139159596,1
0.763436936002441,-0.020541868371704967,3
0.8899077188971665,-0.6405219478584214,3
0.7185944809244098,-0.7533923730198379,3
0.5920218330524504,0.22648748198999455,3
1.2963048559193406,0.8201579446927524,2
0.42767863064713163,0.29970058805129796,3
0.3319946318990938,-1.976218653231157,3
0.698725193967343,-1.3524934802154323,2
0.5687077238594823,-1.0572991143126496,3
0.4263148491296044,-0.17541052557996648,3
1.4795419183021055,2.225689984163014,2
0.493864580430662,-1.840722830537122,3
0.6880963643288359,0.6182764152969888,3
1.4378875727829936,3.1279925133657613,2
0.36412090475859404,-0.9102243319574542,3
1.4508748380486811,2.593832438855793,2
0.6552783577033393,0.11202338769915766,3
1.3107008137225096,2.5176388538562677,2
-3.771535863342895,3.1187472473858047,1
0.695836294712759,-0.726497899316697,3
0.5420243549311248,-2.3394180508285816,3
-2.4184261965078595,-0.11861660182605199,1
1.163200205601505,1.1148746402996483,2
0.4238233475603954,-2.6459047685522097,3
-1.260847673093044,1.6204528958938231,1
1.468168311081931,2.2720053272417546,2
-2.9563365198664973,-0.37922652865685197,1
0.5603294674860662,0.1894909880645961,3
1.2610197037355837,0.525320594833133,2
0.6283932640605063,-0.030695004173706023,3
0.6545000098071205,-0.6373561597232688,3
0.3188777727454506,-1.4242819189096232,3
0.42122924220862745,-0.4863414974494697,3
-3.0043189808388013,1.7501510319896934,1
1.225924358315449,1.058286495336471,2
1.8535246356343311,1.231614541019218,2
0.5637366263821415,-1.6635191227993618,3
0.732305891559938,1.3211535787631725,3
1.2958751995926598,0.937083421739846,2
0.374098416315311,-0.30370685144875464,3
1.521147952135632,1.27339890995182,2
0.6561168003773555,-0.1956875745684415,3
0.42962207784198914,-0.9349899839697249,3
1.2253403133169547,1.4052287881488223,2
1.0464856805471674,0.030266723360677424,2
1.9761625712294402,1.5510704320260171,2
0.5640184240951301,0.7090458139910166,3
1.5516829047636431,2.151274645434764,2
0.9490242537856718,1.244690096427941,2
1.1930761368770808,0.42022035692754994,3
0.5875189605785555,-0.8618998061312787,3
0.536472730394026,-1.1715613685883413,3
0.6698198229026259,-0.5810122317319693,3
1.039470326010578,-0.30409504526257725,3
1.2474516376943339,1.947359920677329,2
1.4325794381144032,1.6136142051744946,2
0.6332495606612336,-0.16305225382114627,3
1.8730968811478583,0.6257279056062641,2
1.3375909357140283,1.2289260056924278,2
1.1565050811052457,1.8212773798228423,2
1.325849855047824,1.1893995906527612,2
0.7096387951280978,1.0319097754692705,3
1.2524391104915285,1.2915782702411258,0
0.9061129058162337,-1.3069175059968765,3
1.3162851450179607,0.9313007125491537,2
0.9053212994980082,0.7124060707473445,3
0.6014468962784414,1.0727462870218607,0
0.4918912521435213,-0.7151325827524295,3
0.7496311063547949,-0.3845052080893659,3
0.7354329928694309,0.4361348004280274,3
0.9256997121580978,0.45695671819487615,2
1.9129727358644015,3.538239019454881,2
1.3180506012064706,-2.2445364580816025,3
1.2935391811097086,2.1472210586716387,2
1.043226455764926,0.7155830342824767,2
0.9662552856166449,-1.1182356282270423,3
0.7822779205761577,-2.347078982119964,3
1.3995834179053543,0.765295850318409,2
0.5989563065783794,-0.6813848121875808,3
0.44433714984117284,-0.9972891192107269,3
0.9343926555635873,0.20574103051893153,3
-3.2567803800527733,-0.1069642329160971,1
2.1997558636422223,2.2291008632437763,2
-3.361825623015232,0.7090400564202416,1
1.2153669131891156,1.0820530163435693,2
1.599619991107705,2.2778546473502272,2
1.242782377684431,0.5663013516258658,2
1.029231273877076,0.6484969276397238,2
-4.351766938693958,2.3390201635295056,1
1.105452349643952,1.0239777870394582,2
1.3781703904492035,-0.2791848633308153,2
-3.670023776980318,2.5241106668957842,1
1.131618742690828,0.6786950622549168,2
0.2548904298917067,-1.2656888507370094,0
-3.0415762598214395,0.2031266452928261,1
0.3084518303403472,-2.6622864561585744,3
1.231188660543206,2.2153858074849793,2
1.2400896004479562,1.237065750052815,2
-3.1569840602261023,0.17559253266019154,1
-3.4982276299032065,0.8604239266969876,1
1.3520619195768842,0.9221820724664531,2
0.8959619813468246,-0.07048270149202206,3
1.5382315050483313,-1.540581640252053,3
0.7530848854643383,-0.6538078440040332,3
0.25812282062288255,-1.3856299719336458,3
-2.7030266394204574,0.13557099305022136,1
1.3174348866484589,1.6388179493011694,2
1.2794514609110639,1.277626904894573,0
0.15418902497653802,-2.2079268169542057,3
1.0428776966022084,0.2854730417653669,2
-3.255304739961175,2.3272498358318683,1
1.8773238190651291,0.8914368485801611,2
-1.2831563026098194,-0.4270098074501781,1
1.0353178351468793,1.2638423755756127,2
0.5257337603531409,-1.2443408399174618,3
0.39557528660219865,0.9137640722208209,3
1.0107027909503883,-0.4381246264607597,2
1.1089574696666027,-0.40942681713721935,3
1.4115177690234924,1.3562193075335907,2
0.8138104680518544,1.1503603939888523,0
0.932259033008621,-0.552829950569473,2
0.7240218275612694,-0.7743452391567592,3
0.6610953266719873,-0.4859354762189853,3
-3.477054164687333,0.940946055408878,1
0.5695248017541638,-1.269301805441195,3
1.2027408298708415,2.086141419842233,2
-2.7642016991025256,1.3599108655324017,1
0.30826180715873974,-0.9093991323056512,3
1.0831340057237828,-1.4548620658768838,3
0.5340132362915946,-0.48117980489615525,3
-2.100629925680589,1.0526594383786452,1
0.4841638724730191,-0.7755611088226565,3
1.6449172586717993,2.3902893740697104,2
0.7323064092156442,1.007842724319187,0
0.3961713378576337,-0.8001218200943143,3
0.7155408832148573,-0.8132894498570147,3
0.9261270536884799,0.936980579070982,3
0.9444738814386044,-0.6108465209066823,2
0.6686393909329618,1.4330506473558542,3
0.5191081902731018,0.2165386831498022,3
1.2078435543859365,1.5006187907986268,2
-2.2304494394579977,-0.0832869137045138,1
0.7150541470632995,1.6833610465297704,2
1.592662815156388,1.1481321541256893,2
0.5883132494674023,-0.7961614465103135,3
0.7598400639057812,1.5094036608558046,3
0.49451081875999603,-0.1265588321881308,3
1.2688506155769825,1.6659850684579727,2
0.7402574556730614,-2.0024085714456956,3
1.5708126733950583,3.0471011076788,2
-2.6857940304322776,0.2632323467218876,1
1.3593722708694582,2.60213573849572,2
0.3192140365996916,-1.0410364602156574,3
1.0380606808403006,0.6415170927607545,2
0.6068455695303203,-1.7767625413334325,3
-2.3329067571025863,1.08950690350503,1
1.0039876362788445,-0.5513553119021198,3
1.1769324130989218,0.8290662677444431,2
0.28396467559361366,0.056123667393832836,3
-1.7431749275635096,0.32126079623559417,1
-2.3672766274877057,-0.5614477465333668,1
0.9650300990822395,-2.943086785899546,3
1.072634796611744,-1.7094613551152027,3
1.7732308778380141,3.3712953307307374,2
-3.289348354302607,1.0247672673935324,1
0.6844064855196401,-0.8360660010661852,3
0.6274797212753794,0.6696708896810458,3
0.8036919360026555,0.39051122307505387,3
0.7211767522098799,-0.7779954154785043,3
1.7927021097317104,2.0598697166318365,2
0.47451418183006683,-1.863074439991437,3
0.012213795682487958,-2.3694858840705817,3
0.7012268965568581,0.5724292497064772,3
1.1019011487085586,1.356049679095089,2
1.0194824619703973,0.6286380849055851,3
0.7800865218808802,-0.021980995213796404,3
1.22921902435036,0.19689852635924585,3
0.5724199739899727,0.5062393827855983,3
0.5212614746962134,-0.26487845693743506,3
0.8727430373298848,-2.0656036759377643,3
1.1885707414931854,2.1793504050381802,2
0.9454021848174222,0.14183939951669206,3
2.6516767829284813,1.3610340313307485,2
0.6877224932324443,0.0452238910166334,3
-3.277609446353437,-0.5019974895660767,1
1.0946495401672327,0.8170616941595439,2
0.8879198235616288,0.08211909161608434,3
1.416005199972369,2.2270363773424835,2
0.9505561736923839,0.7537537772163898,2
0.944064284191456,0.13583401277611384,3
1.5220451126046133,0.9190318635844055,2
0.33357369594776826,-1.527492361675032,3
1.4000129796139165,1.4831877931703794,2
1.3851240165545669,2.675635809648646,2
0.9821654717715718,0.603039806747364,0
0.4185623904884085,-0.24279409923505252,3
1.7952097293752505,-1.9845959512356321,3
0.677155340890625,0.13004474267273836,0
-2.5126328956289026,1.7327852601724305,1
0.8349054812376945,-0.3142966286906019,3
-2.954994229975224,-1.1913399134748779,1
-2.502403732958071,1.7483011668784216,1
0.6978215000859456,-0.8305731832286571,3
-2.6112535367504948,1.2038488302025983,1
0.5016404195582401,-2.1395572880074907,3
0.5070305420551153,0.7808209917742182,3
2.365748736540074,0.5437107337048271,2
1.354653791678146,2.5222565031776463,2
0.44781974832133603,-0.5932934297286452,3
0.03365316915496178,-2.7612097506763256,3
2.450771242746697,0.6375322100918672,2
-2.487000889070084,0.3381236586498418,1
0.8878025944985902,-1.3879604375874115,3
0.6893269474673536,1.0456092113919278,0
1.376404741132322,1.267939432621371,2
1.378102611322351,1.8031449009120566,2
1.1252117967440838,0.551462100037424,3
0.575306391308798,-2.565789108824113,3
1.2715251043832463,0.5102104269450138,2
1.162784920600159,0.906720928577482,2
0.5958513766478756,-0.33090405958247454,3
0.8182855716661306,-0.4132974209026264,3
0.5390020543348303,-0.835079420467476,3
1.3736180136059533,1.0162333296485349,2
-3.588581460083643,-1.702850760765468,1
0.5593045928570624,-2.248042674271914,3
1.19741020284258,0.5214909308731616,2
-2.523531850437399,0.3973354944782022,1
0.7479184071452339,1.1690047322879873,0
0.6984424463936428,-0.948000416706961,3
1.181221125072385,0.5454483042752583,2
-3.491562499079317,1.2435581618592946,1
1.0478618515687654,0.592363745335887,2
0.989707156981397,-0.2567197373827402,3
0.8260959087467038,0.2711817432758468,2
-2.2765480045690656,0.5312830563065993,1
0.8408519960375328,0.8940872325637483,2
0.7431422671585645,-0.13167379377806657,3
0.6289821223210702,-1.231375720606087,3
0.7363393426912799,-0.36394287037863965,3
1.3014719471966318,1.000160811827631,0
-1.5691648466311114,0.032642229559519655,1
0.2574764342955717,-1.4445360514139494,3
1.2302683701329122,-0.7902466224581067,0
0.5556475152176941,0.8610022857388524,0
1.0501942313525365,0.13090896176424854,2
0.8462236075533526,-0.901085359110271,2
1.200975745566101,1.4281431254612647,2
0.7663061926906527,0.9683261973789137,0
0.9305039202207684,-1.4867985985777814,3
0.5159251190473239,-1.1314075504718044,3
1.3473331865650156,1.7368220220357828,2
0.5634250245435426,-1.6703859801734708,3
-5.612341621288104,2.887467343764023,1
0.6308499799976723,-0.25042812513722235,3
0.6369542822303418,-1.585952248856036,3
0.8323206889846155,1.4618204328156656,2
0.8021858302500127,-1.7291694497190384,3
0.6445755723083963,-0.11732028609340903,3
0.7207248635475217,-0.6526052006510795,3
0.907561530011866,-0.31316932800191477,3
1.4394015128582298,1.812752130733434,2
0.5307261816658569,-2.065263523533908,3
0.5861385353381046,0.2299048273227958,3
1.0967810012646275,0.8843935123534574,2
0.6515927727425024,1.730060301340985,3
-2.5954536900674783,1.1424002920279441,1
0.9232996498113123,1.4733115458080734,2
0.3607546420197115,-0.7064130397780988,0
0.4662835067322053,-0.8994756404664268,3
0.6749216843833161,-0.19663758031292455,3
0.42914166605955134,0.6130850966638759,3
1.380665001483876,2.5978939093694193,2
1.2730278540683089,1.599277941546697,2
0.5798490535282904,1.0674842598477876,3
1.3610737696028947,1.8415457946692404,2
0.7293622219642509,-0.4502828766142027,3
0.6242653402471549,0.2041340456974294,3
0.9726170768535458,0.9706257855456115,2
1.184275893506075,0.2922180540693673,2
-2.0227411608164045,-0.036903861551454545,1
-2.046397853331519,1.4811985691958032,1
0.8798227076840376,-0.7031346028185378,3
-2.3658895171935668,0.8054163328276537,1
0.5940968451263511,-0.6558552667162031,3
-3.2285237821608814,1.8789079773268647,1
0.7200626151011268,0.873503671139052,3
0.33898304698242976,-0.25563478591239236,3
0.8584509545974007,0.5425770361047497,2
0.8716567346489047,-0.37668461146854215,3
0.8901921981501489,-0.45787101064155994,0
0.5489914555554639,0.48594262784856546,3
0.7147916862173938,-0.8973346065770887,3
-2.2293367365974763,1.633227766173623,1
0.542461128889635,-2.059186390079611,3
0.4866946689775873,0.08526069096960422,0
1.1730044844422953,1.1229724022570284,2
1.495313627222661,2.20634250171602,2
1.1035098227827045,0.5484036237573398,3
1.0425354311528878,0.3332351453103534,2
0.7188715425093135,0.9073232050802815,0
0.32278711250117575,-0.9200794743293569,3
0.8410092810814945,2.0020507771259153,0
1.5686185651731168,1.2495913877944063,2
-2.641664644570226,1.3000027584236835,1
0.7440639654066367,0.24815154362863204,0
1.2966040688895322,0.6046243166825489,2
1.1389745365034434,1.199879290413374,2
0.8493965982150241,0.43566079220202564,3
1.2865529497316643,2.2254222631232974,2
1.552709018393889,1.4300377072302777,2
0.37213533789732006,-1.0139431830252972,3
0.44670654438810636,0.6140912427212272,0
1.2868432442467634,1.3979855108117079,2
0.7333964433146906,-1.5874961671768968,3
1.267649351719734,1.885155367007662,2
1.4406118829756591,2.0682973328551126,2
-2.4873277514965224,0.9329673603908579,1
0.6766354979387094,-1.3801051536158475,3
1.5660407049742768,2.6249560609176297,2
0.567376975956797,0.9457298444550712,3
0.669639007928225,-0.8655918521243989,3
1.4053690344109402,1.6653997591769516,2
1.4771553849527657,1.333244128131652,2
1.0980467133937255,0.02962304950454672,2
0.8930702253348001,-1.4155302268331322,3
0.9457696987058004,0.2701961847929011,2
0.40536627797734653,-0.010763379722945112,3
-4.005650519977018,1.7013304328368455,1
2.438579802046825,1.740085285190696,2
0.5023673169297269,-1.3858602941537868,3
1.1157724541639193,-0.030009362948419775,3
1.423282412490158,1.133079716073019,2
0.5879249594128518,-2.64047977705001,3
-1.6236956656688013,0.28165046178931563,1
-2.579955317227758,0.14209696899817,1
1.2197411205218265,0.812169494979722,2
1.1052291293046388,1.2247301264534258,2
0.8306480215159872,-0.6604493914794515,3
-2.49003858146814,0.7002537936972542,1
0.5188350324049046,-0.6969252986087162,3
-3.9255449488102387,0.8870044208749683,1
1.0177997615650278,0.8808324107912835,2
-2.6165470579676073,-1.81583422317836,1
1.395522807246633,0.8761793679001026,2
-3.3491704106240006,1.4995399846881985,1
0.4214658957178793,-0.8256421305436372,0
-2.645396390853899,-1.6100976543201526,1
0.3894624748583464,-1.7245445916756215,3
1.3582715314862652,0.5884134326050805,2
0.9757023215835936,0.7903560032393716,2
-3.4231380766461754,0.8107384256731462,1
0.5800402574369778,-1.8138581387363368,3
-4.66685696225214,3.004455325445166,1
0.4689076546037452,0.48777481207190376,3
0.6499105965064189,0.8876135266749281,3
1.129905061412383,0.4842276332004368,2
1.0581986794438452,0.7280493314985306,2
1.4438586827360933,1.768678416883317,2
1.5287116429723486,1.419285358050093,2
0.6783853156365881,-0.31478901175821544,3
0.6422670373797628,-2.323635682933753,3
1.3324027193050991,1.2584907037928685,2
0.7201863521676848,1.2680331920296875,0
0.5206103445845542,0.48966784763691795,0
1.6443470967449074,0.04160678204758513,2
1.3336913650635,0.005288664563737026,2
1.3584418724071736,0.708504965992351,2
0.6272350441227451,0.33563663009908057,3
1.1022565625053151,1.3106682650166759,2
0.9921944431814389,0.25568921582339993,2
1.172087751426726,-0.948746831890105,0
1.0042097347225118,-0.05200415209187842,3
-2.1832737966784035,0.0727430234857274,1
1.1643824978304202,2.010642153117317,2
-5.244998391735508,2.2740618080826063,1
0.7613700831816833,0.8610481135200374,3
1.373748343416439,1.7488686620952334,2
2.4712820168308482,2.3330755488293606,2
1.7131538924538217,0.9950211510778653,2
0.6306500429490468,0.48614828124617926,3
-3.0327225999236145,1.3236469770483017,1
1.6966183895791889,1.2089410331397876,2
-5.398358357111173,1.2569415587870323,1
1.0588145487944327,1.6721963160060382,2
1.5165723503010846,0.8595202632908481,2
0.8213422942746623,-0.8393648216316488,3
0.5600941182071167,0.5107005502983247,3
1.2583241685596618,1.423614227704382,2
-1.0749871797264752,0.04161788066780014,3
0.5171314595546105,-0.49254859703046344,3
0.8614842261280685,-1.7742103376092635,3
-0.8424538044368621,0.6122651025425878,1
-3.2057070777816223,1.4837134601102981,1
1.2293738808189132,0.41130767507153926,2
1.2139918050350218,0.3527313033101181,2
1.5642849492061495,2.813032537252184,2
0.6227962514376205,-1.093858180624401,3
-2.1069940482087985,0.6219814240740084,1
0.23444371318248672,-1.775390957324887,3
1.6392510034756391,1.9867288116122128,2
0.8176589308961936,1.547052208434543,2
0.37557281154812006,-0.17656197118309994,3
0.5447505151614288,-0.7956601706521123,3
0.24567226108233023,-0.4931380241852825,3
-2.2791437222509643,1.5499865304640077,1
1.1096682636189825,1.6802247325470359,2
-1.2311058825386918,0.06473758151681311,1
-2.2447208818013036,1.214578482473517,1
1.3338263529727017,-1.9103845628266096,3
0.9371080557225784,1.421766902826913,3
0.9224503260684053,-1.4349843242437887,3
0.5484861605401117,0.06701475439464454,3
1.2671317667188144,0.7309449859509741,2
1.6918929423180502,2.4579287014068947,2
-2.6482284809976266,0.37674164528250975,1
0.5459346284033252,-1.3615065904254706,3
0.45604503438774247,-0.6989707312168194,3
1.4115227598306375,0.505041520281674,2
0.7782834776231099,-0.43561033599252363,3
0.5389209139119857,-0.774079840298129,3
0.5383342693572367,0.2831956238874124,3
-2.1270774696999855,-1.358895340360968,1
1.0815787039033964,1.1281337680044279,2
0.6515590033956813,0.7726144251972613,3
0.4494492376173057,-0.946631919017938,0
0.6119904362797078,-0.0566981561083295,2
0.6840797588964241,1.2695134171403653,2
-1.733524068229852,0.03406054683375126,1
0.7248315347814802,-0.7350183550975257,3
0.5982166576014823,-1.0786334483061943,3
1.636628811692498,2.4636218717751155,2
0.553678473690911,-0.038509600331029153,3
-2.88073009392466,0.5043752901441383,1
0.944388945098008,1.2700454855661183,3
1.0578117456635114,0.7757873800741891,2
-3.2000625530841327,1.490799949094599,1
1.4501870456143702,1.2245953962987186,2
0.8012217905336175,0.38536939637945905,3
0.8826040350027569,-1.539244775927663,3
0.5244522285720281,-2.9830769967321107,3
1.3005306671162784,1.9285136264252356,2
0.52495791232278,-1.523993041761613,3
0.6904682176972423,-0.39587822150699853,3
-2.9362177011947184,1.168145500279591,1
1.3030127733865184,1.1765581812080341,2
0.39113269525191635,-1.6989022290188773,3
0.8917744835001643,1.0366197214374653,3
-1.2534771359998176,1.8729295125880632,1
0.3639137432691717,-2.465796917167562,3
0.2245112828480789,-1.9964789370342895,3
0.9427345316792477,-0.7011307336507686,3
0.5186548097288542,0.2175295653238369,3
1.2052125989190623,1.3458616135031398,2
0.690013937783657,-0.5164904465390179,3
0.48683703784907745,-1.3697151761038207,3
0.6659703610071686,-1.076560189999692,3
0.4638454070000894,0.4531257190044168,3
0.25614691832593484,-2.1397480721664373,3
1.1231205996220022,-0.007761955447737808,2
0.4367264525144915,-0.3736293714243223,3
0.9515942710911236,-0.38825219898963154,3
1.2884751123503657,0.9835741467342376,2
-3.860986641346948,0.5712943238767247,1
1.1419424813030208,1.3402391628383963,2
1.2227615689700992,0.1035072740326053,2
0.8808133948055553,1.6526008686452822,3
0.831757813166655,-0.7468460006758052,3
1.2322805009393978,2.0563111557012066,2
0.8825371405799025,-0.14186214542329736,3
0.2468000811326708,-1.3574239457915365,3
0.7150657359326041,0.08607737309909298,3
0.5205593893962229,0.5304994308938976,3
0.6547628905492101,-0.7932950044786333,3
0.8593320230286623,0.8635479507443025,3
1.1866062285358405,1.264388085684072,2
0.3897652055088257,-1.9576562104177608,3
0.5823991389733336,-1.930605834237919,3
0.7534604464633983,0.774586536974552,3
1.007418173589475,1.0644154646893176,2
-1.8252802547884412,1.2689909863641695,1
0.6529871571531992,-1.7320247585580226,3
0.6781204770119608,-0.18817866436877967,3
1.093223067243607,0.22933783953614098,2
1.2180930346368555,0.7472967990660457,3
0.6037112661826962,-0.8609351942967691,3
0.7241724024760567,0.2031208420494687,3
1.549496461909736,2.3124617427652345,2
0.3057638326014847,-0.5546612022944286,3
1.060405422200014,-0.35841715643272126,2
0.5689483218157976,0.5473564742870763,3
1.2281057185453286,-0.047948175109369356,2
-2.9084186599975834,0.5272566576907102,1
0.7508603742604351,1.2756099948400568,3
-2.998871995070927,-0.0018500759837411583,1
-2.762913823451724,2.745361112380979,1
0.7654014605659949,0.26120122066514473,3
0.45102061615309896,-0.824284277947831,3
1.3439740145049859,2.7381312384753054,2
0.7570081692794296,0.8049095395112579,2
1.3009899943543706,2.4414888712809706,2
1.639105136773872,1.667660085688479,2
0.3906369692910822,-1.1966544993945938,3
1.013728130120949,1.6420356696634633,2
1.3066177363679408,2.5596908079528067,2
0.5100145757576897,-1.3706633899868743,3
1.4713523239487136,1.8033207185928566,2
1.2732787912653185,1.7558750897213231,2
1.522111124072059,1.4201352994259009,2
1.3211549964035316,1.827465572814608,2
0.3680751186617491,-2.1683600922167097,3
-2.2584743239011194,0.3452290337850504,1
0.4795127876293867,0.889344937982433,3
0.39803540670957865,-1.674306492218687,3
0.4650071181289795,-1.7975657619207714,3
0.6957377140035172,0.3045224971982108,3
0.55483529358214,0.05652834349641921,0
0.7079654707163171,0.9999566057481191,3
-2.9044288932674016,0.3087452851071543,1
1.6296289158897956,2.298556527946353,2
1.2692102084425398,1.5165010219169912,2
0.7581699019894285,0.36324967849916495,2
0.9363829540487034,0.5451795799499608,2
1.5406752614122023,1.1248968826217691,3
0.8772545733269186,0.6792021114853446,2
0.43806377533328117,-0.26403360582560126,3
0.5662924938061281,0.18979280046833205,3
0.26644535302482264,-0.224579187682109,0
1.2101894172829077,2.0051021031287393,2
0.43573046468058174,-0.15466313758384168,3
0.4087412933856299,-1.7348780261251222,3
-3.3075500049447126,1.8955339703762495,1
0.8325797516249633,0.12353902591577882,3
1.813248878930007,1.816416749927839,2
1.3406952996371946,1.6010284714179204,2
1.4453785715605454,2.77178895835595,2
1.0748730214237656,0.8883580740975507,2
0.9429939871369238,2.0417631912362175,2
0.44811283910048666,-0.8849860386487837,3
0.29949540278667103,-0.9501140613497594,3
1.1009998861233126,0.21363388834729527,3
0.5776455487054288,0.42638969645343766,3
-1.6003768672274437,0.8921925676301609,0
0.28048006442763523,-1.8261553470886231,3
0.7619130414603321,-0.5927589759123969,3
0.5647951748261458,-2.011918440825406,3
0.5942485297253545,0.8448891790986273,3
0.5838567390617742,0.4343325948523962,3
0.561791038655257,0.2662001532874661,0
0.8605713542597935,0.8825156411513018,3
1.0897780808190771,1.750991064801571,2
0.6062993258357471,0.3821444798059524,0
2.20484877461457,3.263438532603059,2
0.27411190700376514,-1.671811949392227,3
-3.4245190082067394,0.6214161835101323,1
0.3356941854994651,-0.4440131393948647,3
0.8554451458290013,2.071719076436583,2
-3.329497353133587,0.8872931889890464,1
0.7933416101630629,-1.3084910023053382,3
0.8203800135243176,0.9920699279022647,3
1.2997669662219116,1.932549618357262,2
1.1978581535879416,1.5755272563159703,2
-3.4699960443329427,0.5795763018756498,1
0.5315401564099739,0.8215045312923313,3
1.3615149133402087,1.2858307039711785,2
0.0825133741052208,-3.1883592232668234,3
-5.118331635882069,1.6123958951815245,1
-3.4517716987203144,1.013658766679845,1
1.3468411588429514,0.8874266593991762,2
0.8076871912725124,1.023632620616333,0
1.1441288742630311,-0.5263013110964291,3
1.5650217180492783,1.479823315485371,2
1.0781392351877865,-0.09909106523128311,3
0.5799265806855738,-1.9148688405681296,3
1.073654154751743,-0.6128136769665659,3
1.379010303132788,0.6644776401469874,3
1.3956091933864512,1.1961981019689691,2
1.5220199515512136,0.6860533702564369,2
1.9882616372511057,1.8739544030514022,2
1.3616428504485238,1.2803010314843897,2
1.2584804651061459,2.1204493754277958,2
1.6677510550837822,-0.9837445316309544,3
-6.171468787934543,1.8968392785301509,1
-3.178837635671051,2.2793116784097642,1
-1.8286639527533493,1.0418640400443349,1
1.3643039425045103,0.0675823020054926,2
-3.1450937939065935,-1.2944961699478,1
0.4531127307033836,-1.7231504285779677,3
1.6831693838249637,1.9658527397728038,2
0.3894765410920141,-1.9176510618651277,3
0.6414580658939539,0.722630951167904,3
0.29007622529935567,-1.3156873280114734,3
1.4679428988888303,1.7659139809787532,2
0.623528735778203,-0.19214586539200348,3
0.931196626501623,0.3591987484634372,2
0.8146882768293983,0.45630468127564405,3
1.401577303923744,2.5153236132367254,2
0.3970147691618092,-2.3213732097302713,3
1.5038537610837939,1.7558215417523722,2
0.37900862599641943,-0.6570018153259377,3
0.8988027754742928,-0.614221803983299,2
0.42461273057385085,-1.640332385603603,3
0.8512730915915487,-1.5179616435965184,3
0.5575089717165602,-0.6510292652885005,3
1.4136012548528887,1.8583681161323338,2
0.07557897733133573,-2.5712674120466956,3
0.43041606945056976,-2.277396737570457,3
-1.9848001553737618,1.2367418759165905,1
1.3474936209205284,0.40675320770678386,2
-6.889097434532279,0.3263523502080323,1
1.4750425570382435,1.768429850966731,2
0.7961303457564914,1.0301362530913039,2
1.2600244782034877,0.6837857895178291,2
-0.7227339439457796,-0.5266902719760036,3
0.4131752504929893,-1.5446410131588217,3
0.7957488352671492,0.12742914730072769,2
0.44573030507210726,0.3895173836593427,0
1.3277392579850824,1.1331102170902578,2
-2.501453543384124,0.5256529983022233,1
0.8682446611450896,-0.09447709276801917,3
0.9196504209481104,-0.3965879727243159,3
1.9887087233973613,2.8365455386192058,2
1.6419090456828533,1.5853153899380577,2
0.9268575576091798,1.0826659115496853,3
2.3906858617315208,-0.9145247442902746,3
0.5608466737766218,-2.368151247945314,3
-2.667955546580195,1.2387673093574811,1
1.9973986999828992,1.1022257857563762,2
0.7129807451644309,-0.11648130835855651,3
1.131318968188821,1.1211392323192737,2
1.7267660200548105,-0.43555483208044415,2
1.1875477344532568,0.20790486412382345,2
0.512552774009004,0.2257205708853315,3
1.2930418640313366,1.9012775079222146,2
-2.411153189521515,1.2247559306793654,1
1.170783660548765,1.1888229197846123,2
0.5627722093962769,1.1079324995788873,3
0.47987309145858775,0.38397769566678924,3
-2.099379079773728,1.7790514744921084,1
-3.4292702427604147,0.0535598852327185,1
1.4175273100727328,0.4911497593688443,2
0.507720865818953,-2.4057720251656307,3
-3.2706210248086642,1.1117628053991315,1
-1.5284779986547659,0.6758268874243387,1
0.8226248928403983,0.3320297194939931,0
0.6182274673326924,-1.882547215857304,3
0.7041655935387531,-0.1446209921316805,3
0.9736925690842995,-0.54785007805474,2
-1.406401035342883,2.6417645245474635,1
-3.701965713143972,1.0180505411679979,1
0.8116920855408891,-1.475628930099409,3
1.4469709021318908,1.01297536047147,2
1.1216016546070355,1.2074887735054465,2
1.8851574999518428,1.8626260200109852,2
1.1247475325140635,-0.8151995765636623,3
1.2641861949677557,0.9944415284235466,2
-2.9002060787927766,-0.4892885621036582,1
1.2574036140677363,2.1114550998058377,2
-2.1362173236111426,2.097969812128521,1
0.8270063448498478,1.1976341071182082,0
-2.251071310959787,0.4197024764899953,1
0.8131323414706922,-2.059524180757723,3
0.7019455117330261,0.8373645010703424,3
1.8648155830544362,2.7144891316056152,2
0.3858325618927054,-1.153222780298132,0
0.5884577139761293,0.41362675344697225,3
0.5256447627804386,-1.1669287880168489,3
-6.0319773701527755,0.20898964209848347,1
0.7068108987259626,0.4662897945304646,3
0.8364640678608701,0.3940693556027684,2
1.0321677743754536,0.26455700200992854,2
-1.3533405584769866,-0.09719885246469752,1
-2.6130432127489964,2.1195210762230663,1
1.5382576970358168,2.24554401231719,2
1.1591997918682824,0.9500061294149738,2
1.0840658181809002,1.4223469484883755,2
1.3116282557047014,1.9887165896761387,2
2.075859689996096,1.7229719339051215,2
0.3402608320459739,-0.6533145518794262,3
-3.5539269556519133,1.0829565631531999,1
-2.951298706865845,2.3706760025670413,1
0.914336457122805,1.4668243680779391,2
1.2472182137840617,1.8377178914622616,2
1.2228848350995019,-0.4292005148003023,2
0.6725271270232384,1.2014953691788575,3
1.5636257055358735,2.792891093735185,2
1.1720774817711925,1.4992376639843024,2
0.5438135684814449,-2.33865562304207,3
-4.3895469696635905,0.24000620430723849,1
0.2856200433294958,-0.217455503837657,3
0.32102513693883217,-1.6458583152768784,3
0.6946566169588311,-0.2753238204898592,3
-3.4222881613867626,1.7278355305842203,1
0.596680999398832,0.6298148180988247,3
1.5169101457167289,0.826498767499361,2
1.535763772337369,1.5097135310095187,2
0.5955631685474041,1.1616306971668906,3
1.7952906409028202,2.1920642083233703,2
1.0313778611657238,0.07961241391474468,2
0.7243274723930857,1.1253488665718556,3
0.4598448645576034,-1.276877429515667,3
1.604291416017106,1.1937221739921977,2
0.5694271643333484,0.9345001684420378,3
1.4199646072761187,1.889886456115671,2
0.9886565678817875,0.09030106179760826,3
0.7115245005411882,-0.29255743444412463,3
0.6438289787600492,1.278174136472878,0
2.103522794076101,1.8968822454447556,2
1.0977829559129744,1.5247772014832808,3
1.2742584345472612,-0.01568083309482177,2
1.5999139137047853,3.0422187261994256,2
1.2555086413368843,0.945158763459184,2
1.087149985545729,0.0771699321391766,3
1.2480644771863914,2.1981833348444106,2
0.8755177532148278,-0.17537530546242386,3
0.3446414685264207,-0.5301529186110279,3
0.5311674957150267,-1.1706445922313695,3
1.1939725393591047,1.4059242784084909,2
0.6795142524383742,1.61993983993449,0
-3.4475407463668666,1.020404005492124,1
0.6021005768740776,-0.37058190171967814,3
0.7350784302088166,-1.9775788307016513,3
1.2319787415920689,1.3673747365389237,2
0.7300112144206422,0.5704677654715398,3
0.49063547578149086,-1.0222716795809743,3
1.492102176070854,1.1840880319245246,2
0.872693250725396,-1.551424259574901,3
0.8777368267565291,0.162722270588522,3
1.4721113299740927,0.641751595070725,2
0.7610743624064442,-0.42986863237847117,3
-2.9596242776111334,2.1875988869409326,1
1.3355129813035431,2.127604980823394,2
0.5906740639451249,-1.5982432870202912,3
0.5298534208296637,-0.8799793437215532,3
0.30008843362076654,-1.3707575586865242,3
1.4830443359857872,-0.2175838515629896,2
1.0990456279892318,0.568215391797935,2
0.9106095622494736,1.2483504640537817,3
1.138878390549188,1.46527547376733,2
-2.5101087399567805,0.46892529654469217,1
0.46370242974728626,-0.4886808002703168,3
1.239227848737093,2.0690822166165086,2
0.5546604746054843,-1.3462818571205333,3
1.1364986852350267,1.054785220003396,2
0.46477751376770376,-0.6428517216484111,3
-2.3475435671559213,0.6697674666587146,1
0.39000266085217444,-2.2274135782975497,3
1.547940949480861,0.8118315682088902,2
0.7308157499035529,1.4997407120735922,3
0.3522763926478962,-2.140657363029076,3
1.473044552291666,-0.16265867936095185,2
0.6083523900643906,-1.2506082162505077,3
0.4257283066764505,-0.39313019146600026,3
1.2711872305604246,0.05953997902370239,3
0.9059635562136148,-0.5205287225124221,3
-2.5389191561490043,1.073353156210414,1
0.7505011662406669,0.7560625348029179,3
0.7270191138885362,0.27796456902840544,3
-3.295433836847253,1.7365114383182638,1
0.6173681331164363,-0.5580588301072702,3
0.2720074204225184,-0.58675607274297,3
-3.56918547242824,1.4106060775419689,1
0.8601443887046945,1.131064952607101,3
0.32857917400960246,-1.5042743491931645,3
0.5941301561793099,0.9096792286493265,3
0.5909511959924298,0.5461288324779652,3
0.9306675065314631,-0.2845218166071521,2
0.3303410504066543,-1.672434682539175,3
-3.873293838356467,0.16777276865267451,1
0.5657757402760631,-0.019489792448969343,3
1.2671023753084794,0.21613910255027172,2
1.3785895473927412,0.9255822661838409,2
1.4454350738901187,2.4239187142843623,2
0.9085973908398559,-1.0721642544236079,2
-3.4362219854134795,1.0955857469503403,1
1.4748569225849961,0.536139962639321,2
0.646017496327323,-0.7817148654493999,3
-2.548210016055797,-0.31296211848680416,1
0.6948240724699157,-1.9688917626447489,3
1.018232354929483,0.4550600197410518,2
0.29057884227337233,-2.2291496024722557,3
1.2721980588687654,1.5744703651591303,2
1.1521616983302163,-0.5488710446418651,2
0.47762526357392315,0.5156317633141181,3
1.5798504831096005,1.977983337151422,2
0.7784320613196872,-1.8392632796276909,3
0.6351532864287399,-2.075358641913368,3
1.0678475884142744,-0.21532976197658366,2
0.25523869871293653,-1.6579412094319275,3
1.5532675981277146,2.5063782437978688,2
2.0143603734427638,1.8036828681701693,2
0.3250429658944273,-0.9281319277435981,3
0.6493574146648516,-1.0228162568546255,3
-5.398816165245682,1.8670591935176681,1
0.9207277605296794,-0.22803862858035753,2
1.235079813303053,0.754566961519077,2
1.8191080297148021,2.1051376768911005,2
0.9192114031684807,-0.10839495347098857,3
1.1963226642279903,1.3591368123205392,2
0.6340283517286702,1.1654703664309132,3
0.5032875619216886,-0.3287999388557146,3
-3.6306189442953833,-0.02411605867469891,1
1.718873333914232,0.9751452393554778,2
0.5797467171127868,-2.399187664640156,3
0.525240517302025,0.4362740223190425,3
1.0552540317778834,-2.2010653102758857,3
0.8563705835338731,0.5495963798510307,0
0.7636843143126618,0.8644473972706777,3
0.6128969524448964,-1.6467734600055524,3
1.4569492733155325,1.9441233109341765,2
0.4916066968722009,-1.0452129008160904,3
0.21189020959598176,-1.646736422337009,3
0.5478754478444572,-0.7182870100400074,3
-1.0676072964188743,0.5460298906879227,1
0.8180031549312761,0.999516512097113,3
1.168544167865079,-0.644772016354808,2
0.4767302039446101,-1.5637038559533039,3
0.7875589603654911,1.701000933862857,0
-2.600813726669452,-0.18717751211528202,1
0.8119183978107798,-0.5153379681465252,3
1.2948815615252918,0.9074071246617152,2
0.47196157326738225,-0.4864015179064224,3
-2.0029641284155937,1.7926413605681646,1
1.748859206762965,2.1107645971689166,2
-2.303850976722157,0.8210689638494252,1
1.176698338601379,-0.08536831133394163,3
-3.412019311032984,-0.7446584720572859,1
1.0662690639165655,0.4324265150056746,2
0.1215298699672816,-1.6156863899044085,3
0.622135292664904,-1.373302853970814,2
1.0708175166362353,1.8731495670475506,2
0.9413932644278469,-0.22193087454927643,3
0.21016377806724068,-2.432472006784194,3
-1.8389005438486123,2.3021006872857375,1
1.7174152353895584,1.4843830019356699,2
1.2186372667238852,1.5451141950692213,2
1.1512248167196535,1.0508651333536434,2
1.416735226142562,1.392785844621424,2
-2.7962348704695335,1.137582135193239,1
1.0997936765182856,0.4656647712507831,2
0.5935861058801891,1.6105671045255783,3
1.0064034540419557,-0.051145892941364623,2
0.6106908317057161,-0.023594091195023984,3
0.5461566759000324,-0.47961818973789133,3
1.2818453426637806,-0.2753358551672415,2
1.0923199227579647,0.23568176749128214,2
1.1140027410039095,1.2920459973339942,2
0.5500281042792317,-0.8576701998806967,3
0.21768968901626046,-0.7588421911921646,3
0.3630038850229676,-1.7070132623047072,3
1.1131385106932306,1.5783096816168665,2
-2.3803294333095284,0.22243366595101569,1
1.5000977870768755,0.7451614303819298,2
0.6412157788181263,0.655673680396701,3
0.9299779377366566,-0.4113101151209809,2
-2.0440522517630386,-0.7736859505264637,1
0.7088523090351123,-0.9055864494377235,3
-2.954826593348257,0.4722918450649336,1
-2.6122205358851396,-1.2997240116634727,1
-1.0716534979287038,0.22082819400492842,1
-2.566885095136266,-0.31314319769925514,1
0.16337869510004538,-1.3061897936965072,3
0.5060083751137406,-0.9228369789929592,3
0.6468641264823711,-0.5032087792879376,3
1.460116958960482,0.5388777882212328,2
0.4515113026963131,-2.228396524622238,3
0.46857337529480714,-0.686100072146754,3
1.1646751222276035,0.3216508340172922,2
0.6831805917332598,0.6602230367141084,3
1.0966668592391513,0.6101290273230742,2
0.5539382956012306,-0.4855228708816575,0
-3.417706837584737,-0.6080776215404744,1
0.552388371540537,-1.0517954614406029,0
0.6868203698166195,0.19897502374307516,3
-0.5891637466599173,-1.5941498986059008,3
1.7974165486421227,1.9607248246830173,2
-1.6521530137358325,0.3445414649543837,1
0.47836469480999944,0.08274311643307176,3
1.3590934404427208,2.5082523058920936,2
0.4994653131440929,0.10175020701387284,3
-2.075047390084678,1.4580157669766605,1
1.6050526045645972,1.7009909524967297,2
0.5627446286301134,-1.0117710578468937,3
0.5010456198477344,-1.287633076551432,3
1.0333293306855527,0.7617199626173073,2
1.3873464185258562,1.69700773787466,0
1.4295885138370954,0.8597936374413142,2
0.6353607384406619,-0.2924906837101647,3
0.9441138842862554,0.7227803534465144,2
1.5855446966848672,-0.6380561286057359,2
0.684055045553922,0.7257571954007347,3
1.0206684810264237,-0.5779824673067042,3
0.33098848070798087,-0.2442856334022365,3
0.3705496442103931,-0.700534106046338,3
0.8786051367598777,0.30046884496516285,3
0.5840786207602735,-0.7248464476948472,3
1.457569738508424,1.4360836401170614,2
0.30047234069167633,-3.0661502924704767,3
0.25595587753396054,-1.9139079420417302,3
-2.899209268952085,2.4627726955861453,1
-3.453921528385071,0.5727419767707372,1
1.2444580803349785,2.040225934897633,2
1.0521500205212082,-0.09086410334777632,2
1.2758989536178784,1.0552422499252363,2
1.3447895790158704,2.219318364818715,2
0.48396097916411757,-1.734083548217094,3
0.4798617701939712,-0.36723467564215695,0
0.41064190371056497,0.08172440419508446,3
-2.091318017980641,0.6614475312981087,1
1.4323721570959933,1.1085269034913698,2
0.7661084624907317,0.7310094083346576,3
-2.0798374904328742,-0.3329119839914964,1
-2.8975480212094182,1.8208057674779117,1
-2.9019902178290944,0.6523135997313635,1
-2.9622215161462697,0.3418933449425489,1
1.2404149700190092,0.8655540421933587,2
1.4092820916220001,1.853827046676208,2
0.5026872219891838,0.13801828903034397,3
0.6235278367859092,-1.5560979602127343,3
1.59165766308008,1.0149584357019366,2
1.4859264286097729,2.272486523955457,2
0.47714543574630747,0.3099808997436618,3
1.9333012229276516,1.9426785178871717,2
-1.8738236192857138,-0.3643099989477721,1
-2.247713618676136,-0.007677689365830583,1
1.8393047776951519,1.9401947417511858,2
0.3302908434771986,-1.454165886089442,3
0.20985354820704055,-0.9030078762365127,3
1.1492523085767439,1.0522258019439945,3
1.3183959306938287,2.2419799370363642,2
1.1329101687439216,0.1214334114727016,2
0.5324514423998826,-0.8628878190863046,3
0.6752713574500043,-0.5795896084843049,3
0.5794182831170281,-0.008324863325260142,3
0.4545100671999753,-1.9326952067601741,3
0.22998646157575622,-1.9111009159225507,3
0.6762986669183623,1.1451705427437897,0
0.8359148896309385,1.7979816697445978,0
0.6950298860282357,-0.07990216168039187,3
-1.461907719214308,-1.0016695196842942,3
1.311416101129318,1.7729561172515438,2
1.2330429629031974,-0.9665498994978237,2
0.6047811520835993,-2.0657574446895057,3
-2.1708350690918143,1.298231011556773,1
0.4221956150928679,-1.0155304942953438,3
-2.9313460194027763,-1.0232195724230302,1
0.2669772215235739,-0.8447086571112878,3
0.9961367865886552,-0.10458884164761038,2
0.5082704061507123,0.2624734904193026,3
-0.008538593771778093,-2.748730508438643,3
0.7343154934483757,0.35275432588520467,3
-7.421468315334659,3.053811322078776,1
-3.7754159400190823,1.1789671881475365,1
0.5062345978024099,0.11601852066514802,3
0.6066642671170519,-1.271438673545048,3
0.5489284647061181,-1.3530490317186603,3
0.779245617798821,0.3696898671744547,0
0.4923065571361919,-1.606147733430426,3
0.6336510886013158,1.131352757388718,3
0.5380775004796113,-1.4859578343810436,3
0.776431141200954,-1.3133831977153905,3
0.6239152735249461,0.9020767954026481,0
1.5610063077746146,2.127563054572081,2
1.2423784144896026,1.085702805447858,2
-1.7446876039668129,1.4130054510692933,1
1.0590159110466002,-0.16346270373394264,3
0.5878876424044178,-1.2859411277569668,3
1.447494651319319,2.2803531528868675,2
1.3733520572611162,1.099950292582314,2
1.632455833175162,2.2877632341159178,2
0.7566771001721039,1.518296739014312,2
1.5364546614030234,2.2892906409177716,2
1.1361230966093676,1.2633160698538264,2
0.36452350483369705,-1.7310410600212924,3
0.8950154146001942,-1.3323472094836868,3
1.4210732609317824,0.37700938140568,2
0.635423475859042,-0.07698651834228953,3
-2.363908744427939,0.45271471393683915,1
1.7271930032297143,1.5960266879118743,2
0.8111145537714479,1.1438983962018705,3
0.8211179268325141,0.18634682288985266,3
0.6933090527154983,0.49249850161995457,0
0.630608614867322,-0.1349289847105909,3
0.7207079701543625,-1.2788078735967245,3
0.42620209258746117,-1.1222124653167527,3
1.0777672536707354,1.6072646911848394,2
0.6821948791215439,-0.3940506174952155,3
0.730618598662562,-1.3775961042922995,3
0.8057208293206222,-0.9522429035927517,3
1.4269351073768142,1.8600274661677771,2
1.2599233472594416,1.9300651576486147,2
0.7294910213176081,1.2643725588705814,3
-2.77421927608012,-0.25749951739992627,1
0.7301592606390217,-0.7739680523914707,3
-3.115581736025336,-0.497121957241148,1
1.9625800668721447,2.3641399318723395,2
0.9756217478586137,0.7981574823040511,2
-3.201122783902992,1.70209488366269,1
0.970117416588614,0.520073038562769,3
1.2090772632502915,0.05386312908373014,2
0.7432956257069495,-0.9879715977994692,3
0.2044028094284765,-2.467868834628748,3
-3.642225885651974,2.5099964010935385,1
1.4328677043908904,2.5209376842893065,2
1.357376355947415,-0.0672752303244178,2
0.564185600258605,-1.4190439375647663,3
0.7966199083172748,-0.4509451391531092,2
0.6874390633931085,-1.325352684711111,3
1.4522485767114446,1.4007929476335463,2
0.6128856153680193,-0.1464717655347561,0
1.4372434294543466,1.2776758379000308,2
1.250020421564073,0.7720062209172186,0
-0.8403435541629874,-0.5274339346801922,3
-2.112073228867531,1.7332163645265493,1
-2.451681462745327,-0.2897969009224933,1
2.082285037961553,3.235097809113846,2
1.1443874107620782,1.6334640780161498,2
1.5533629769630561,2.4279108092951187,2
1.2153215912618485,0.38292452638559654,2
0.30442013082850833,-2.5451740808720738,3
1.0323113003509308,1.650727465609186,2
0.47996801908039616,-0.29986171029014236,3
0.9047993274888022,0.9790600653331882,3
0.7073040067344396,0.8742889982749169,2
0.6981717540034864,-1.095168076013137,3
1.4429215967080338,3.127920848790258,2
0.6518732611811104,0.6143621817168369,3
0.7633073365758488,1.5092403896291011,0
0.2862701893325144,-1.2950963466126861,3
1.302660612453791,0.2840012822879884,2
1.3880688694457188,2.506355285880444,2
-2.710088761955464,-0.0681930715473501,1
-2.452714294082178,0.715073780792685,1
0.5310594024561963,0.07647885393674338,3
0.539112978326162,-0.8494769662811109,3
-1.0892099925137575,0.9112066631297948,1
1.2341581305174414,1.3563931712295838,2
1.3810254756308202,-2.178559491546127,3
0.9065345828320751,0.7564505919206482,2
1.4783247022424402,1.5874549147025792,2
0.4194838082990415,0.14303310952031784,3
0.695481030145149,-0.028147050550305978,3
1.2468906483872115,1.9910680152119764,2
0.4578895820691613,-1.6527503879558985,3
1.1602195915843834,1.3209639751110929,2
1.4809067911228107,1.6955616596035068,2
0.6578484965398361,-3.003222026427384,3
0.5971893390608837,-0.7368927221801235,3
0.8398546629728347,-0.592966995830888,3
0.5763298602417658,0.6178173540951802,3
-2.0056497619908034,1.4130995138836435,1
1.2921137392656232,1.630988641221696,2
-2.8274563210961348,2.321478121791371,1
0.5172046386725163,-1.101689769442279,3
0.5134274149057249,-1.6736115188296008,3
0.735313028896538,0.5671184810376565,3
0.7079828446063637,-0.8368631714489422,3
-3.591528417196578,0.6386361228487674,1
1.1997107125215452,0.9060272443527362,3
1.1459565633062836,0.41263060648803646,2
1.0545259356255459,0.12253937420070245,2
0.4013953320417219,-2.45119744403349,3
-8.528632171128345,0.31488369937452837,1
1.1980788288462147,1.0462062048881133,2
0.08117402908401866,-2.471451649068081,3
0.5982715811472384,-0.22372008697225462,3
-1.886308710621852,-1.03437093783446,1
0.41877665008240256,-1.1902725224101591,3
0.2722212187303577,-1.8548926590529489,3
0.6209793358141972,0.313051443384745,3
-1.9124005463338423,0.4882344057879111,1
0.7839416440705601,1.577488165801101,0
0.7354451172057593,-0.600161101927707,3
0.4439307421138319,-1.219359300890489,3
0.4511723368341078,0.5051647388991048,3
0.9919668060313642,0.9448632319478154,2
1.0215640189403623,-1.5822448157898024,3
1.0358249099265466,-1.2064083149309388,3
-3.55788600450689,0.7645910385104902,1
0.5179675035312178,-1.129501656069905,3
1.2156854638798518,2.1020844194198784,2
0.4246128681557382,0.9104382198326693,3
1.1839324706344403,1.3570945893735986,2
0.41465009847236384,-2.2475985910837113,3
0.4062669825385123,-1.022330681870639,2
-1.4433351254698994,0.5444047314410709,1
-4.048922943299705,2.1076735800655686,1
0.5242695400463683,0.27786051315694144,3
1.3940346354156583,1.491149024812681,2
0.8826956340232922,-0.7813460656373927,3
-1.3911492556288259,0.04576278142620871,1
1.4704127951945571,2.4414207405861994,2
0.414099202887662,0.20965930429816468,0
1.0350391167739519,0.7401321327456792,2
0.6933774168269274,0.11716864608674217,3
0.7048250893605283,1.677831584829873,3
1.2122258222653612,0.37072560568253315,2
0.6098833027497335,-1.431788478692285,3
-4.664482434922678,0.558663711482047,1
0.4753746620700915,0.179467893557825,3
1.4312060920805834,1.750629397768448,2
0.5194753875897269,-1.662714439529397,3
1.6198242179002593,2.8626531904720616,2
1.654082709947856,1.6526024396251744,2
1.3464286887485943,1.1218163813922597,2
-3.3251779118820357,1.429203451695308,1
0.38767239189274133,-2.2193381199308675,3
-2.6573193626223093,1.1038370069030061,1
1.644527784666157,2.1702911156784284,2
0.3890900905103429,-2.2484542501755733,3
1.35666052966924,1.213785521759831,2
-2.540607627543702,-0.4588294973179022,1
0.4716835071037845,0.08762430771876316,3
0.25800503111771683,-2.2909714546095468,3
0.8785416809431418,-0.7130956597349711,3
0.6853247437388361,0.7153700307015999,3
-2.7678183909560166,1.3064421247104672,1
0.21557405320485973,-0.25690280372589214,3
-3.082063192990672,-0.41664235730706617,1
1.6266571249225958,1.1449023449659828,2
-6.132315875971167,-0.6765067040771825,1
-3.1077138028169937,-0.4300813259681056,1
1.4915957131223911,1.0000739610239084,2
1.462117702269934,1.97631391247883,2
-3.0796568918794454,-0.6049568384740084,1
1.2826984470610476,2.049163819592753,2
-3.232853752553299,1.5002435113800852,1
1.113484343534759,1.0184601513640938,2
0.5657907426663669,-0.7189181957574364,3
0.661707547776756,-0.2740887518872333,0
1.8251563857490778,2.554371393710688,2
-3.222173557368626,-0.807101970249089,1
0.8295971003563725,-0.08396297265538925,3
0.29568136518885096,-0.04216029707929002,3
-2.412160719751439,-0.2687072927582466,1
1.0960778394159332,0.21894910383747648,2
0.2701117976573722,-1.8750730191941192,3
0.4417652057758724,-0.22580068220381916,3
0.8258899433197257,1.487660481217302,3
1.3949036598217148,0.6615347556568778,2
0.770789414808096,1.5698108069130723,0
1.4019623551860347,-0.4039405489805728,2
1.6293054461370633,2.26524285011327,2
0.5917512864423244,-2.1745489144646464,3
0.8748579809173483,-0.3867938447479692,2
1.068672127045727,0.7551085334243446,2
-2.1962114189453943,2.874295348006531,1
0.8425279669777448,-0.3825507816313198,3
0.7960191721522167,1.079249730948704,3
0.6407689330895475,0.6158422663347102,3
0.593686730590399,1.2479996310600996,0
1.076479433134016,0.3902514903667523,2
0.6032419011425576,-0.7581438015533717,3
1.6178541151671153,2.309184723768911,2
0.14473432798049718,-1.8187161438415353,3
0.5036055378787603,0.09458688474474776,3
0.4156926949562468,-0.4504535779380037,3
-3.5882193645092157,0.08735975030575893,1
0.3664082723942214,-1.8647687269222093,3
0.5367972861484762,-2.4432526881846766,3
1.0385086507230399,0.09757292017605153,2
0.7040829250518992,-0.826861590215266,3
1.2190458668485766,-0.4179174784620767,2
1.4759452557970802,2.3443819911281376,2
1.3614488316280515,1.5815349168364532,2
1.4021577045341787,0.8554996155105599,2
0.4998863285577949,0.555537129449047,3
1.5934366464768235,0.26761268473165195,2
-3.1147633310899505,0.6504821527422494,1
-1.8667708890075265,2.82681432592556,1
0.8984224594005611,-0.6443305827741561,2
0.6883164165282409,-0.2114002415425223,3
0.5862499059152277,-0.15037982722395019,3
0.7012116487825778,0.5948809879754677,3
0.6593584976048473,0.5771808300218219,3
-3.325552837718234,2.292576227707984,1
1.7669630711942323,2.812334513386615,2
0.6987516656531146,0.25860076749002,3
0.43814860873999295,-0.08912078849163506,3
1.0748070732323638,1.1899946344933021,2
0.6095140245356715,-0.06406972442959424,3
0.3831480531117414,-0.44952911966165765,3
1.561857549981993,1.7380598246628056,2
0.3848322317354137,0.07214049272116842,3
0.6844814790640991,0.036592881768792156,3
0.6092615734342084,0.7862598173812091,3
-2.0902986388554745,-0.05437069906568161,1
0.5308720087542947,-1.0319877452496093,3
0.3261732573700054,-1.214694396216347,3
1.2246623285150968,0.5412798799890712,2
1.2348465062493934,1.6869632999131614,2
-1.3773399160777045,2.1136682261914745,1
-2.281513634576019,0.8427357352260907,1
0.3319954088716697,-1.5607380412289051,3
-2.38295385117925,0.6518460056490272,1
1.0336710407754846,1.0367358331371417,2
0.5514039933134316,-1.359484716450129,3
0.5146363969489383,-0.24444702147848388,3
1.3878151267107932,1.5714758346639794,2
-3.2463601958152797,0.4159698992022071,1
1.000689978628893,-0.8090319906816261,3
0.7387971081080505,1.5928114532918474,3
1.1571375970657682,0.6121983443148283,2
-2.1150655248888537,-0.004044496916171746,1
0.5407550925069069,-1.8270885256582312,3
0.9538967311740164,0.7353922936336899,2
0.6470458555737859,0.47597678194100856,3
0.5537305208589225,-1.8765904848714117,3
1.0915796070501944,0.15428614852039824,3
-1.6895687507561432,1.5841253141275076,1
0.7438915465222482,-0.979606931913952,3
1.0060397045051064,0.005393948850525214,2
0.5888651035984775,0.18475913850402792,3
-3.4763902869675296,1.8174642935041223,1
-2.537420542056419,0.9775889842397862,1
1.1031528173291876,1.80331932691285,2
0.2042960972807843,-2.0377714389482176,3
1.0306894499082282,-1.312859494887671,3
0.6244825313343376,0.16479289832932748,3
0.4326823468761163,0.05892572199715037,3
0.3131181698511063,-2.8106641734814186,3
1.4480002087315575,2.695709790785127,2
0.2862117620912539,-0.1910784567872456,3
0.5282824546142423,0.25050460889370596,3
1.0670638226687608,-1.2785296720781751,3
0.5583769823546221,-0.3717836721185211,3
1.257671922608108,1.6399354703640425,2
1.3821945961697297,1.851467263633589,2
1.1737993039425123,1.794559429552746,2
0.4546551333948582,-1.2998022222365824,3
0.38561388314561984,-1.111655404310497,3
0.7584635370542515,0.3171996631529162,3
-3.370825485890897,0.37211963084755856,1
0.42618039150136305,-0.6581411560977637,3
1.90033730080347,-1.9933017668549973,3
0.5523426777927147,-0.3762957371055758,3
0.5511040727927659,-1.5313031890584745,3
1.3318301523878775,1.5000259877548483,2
1.3952945557803687,2.3513947168693234,2
0.5468377533430226,-0.048827657804732444,3
1.1078027936158725,-2.122883746102002,3
0.6425114142606377,-0.8493203170024376,3
0.6353812511752991,-2.133025159467112,3
1.2332798251638488,2.0756932134963884,2
-2.9201775386384026,-0.29191546143896,1
0.5623095271371735,-0.7506193193415307,3
-3.8264650697727887,1.6969137493430875,1
0.6806136275704899,-0.40641915297248177,3
0.5237839158073293,-1.7419704952100072,3
0.6342442327273442,1.536112966781765,2
0.14048065087560174,-1.753741992767724,3
1.3103462719637438,1.117067017633452,2
0.618928166825362,-1.5968158767420457,3
-1.9714148024762526,-1.8350651644268345,1
1.4437901101209103,0.9149738762430049,2
0.8852494777271879,-0.7949020310944628,3
1.7820467991911482,1.64522760373173,2
1.2012691572794332,0.053761540073414125,2
0.5840816002047422,-1.196179275519491,0
0.5812575139022566,0.4620919850912766,3
1.6480311504549814,3.186940121965995,2
0.9375588949320764,0.2494174816737185,3
0.5229372015061008,0.08406503221422755,3
-2.4246008823158416,0.9766093352923116,1
1.508113979482952,2.287838541136206,2
0.7158745382887158,-1.3837879815693335,3
0.382855366503904,-0.03691105654031958,3
0.6990017109394208,-2.056118297724937,3
0.379205146269333,-0.8440943716735798,3
0.4720663225509764,-2.2992199896224133,3
0.7233706921336035,-0.4773452163075823,3
-2.707797945101838,0.49031687103687177,1
0.39163743091077985,-1.5436794898258388,3
0.4042070904905555,-0.8917643428296232,3
0.38529223570065696,-0.14291261906806876,3
1.155267464847567,0.9670472872568385,2
0.8675981720440392,0.2649898393306984,0
0.4563560537352285,-0.8003726672991306,3
1.2217075548336926,1.4061614562139606,2
-2.814389823200453,2.3102459373827764,1
0.9659074389477458,0.1619802079552493,3
1.463138263788029,1.1743472630534801,2
0.401891710520989,-0.9708412540065756,3
1.4438011903320682,0.8001136362716628,2
1.4289933439681337,2.394168371271141,2
1.4933787567471537,2.3600437144028366,2
0.8360754547677751,1.4688775666098177,0
0.3670579423970169,0.6684399885558248,3
-1.0807114767491073,-1.0803973832002847,1
1.4028771636083053,1.80495569194619,2
2.034146011987755,2.3110493528722236,2
0.49319361765194514,-1.5127059214680185,3
0.8730951250839591,1.6408093473587722,2
1.8468942952537923,-1.1993528955411463,3
1.1439112509227605,-0.3352850171962095,2
0.6184979126915459,-0.07556096601748992,3
1.047621071972523,-0.956255744610462,3
0.5122540910490893,-2.4671102158827,3
0.39584600673901044,-0.1330238369632225,3
1.1109795994975993,1.4100304319416994,2
0.6089540145696603,-1.2135417002792905,3
0.44159192240398476,0.29919885672712954,3
1.5284515065390996,1.65372730756831,2
0.755039365506397,-1.3104939107753493,3
0.771702829418554,-0.0066809886735407515,3
0.990796413122935,1.7159482125589116,0
0.5088506947580397,1.3211345598670374,3
1.6755157001732441,1.5795026433185126,2
0.8972924974194137,-0.48738232486292926,2
1.4640306479533534,1.415899264464544,2
0.4642741606362187,1.1013231190572825,3
1.2331007358130839,0.38690304645605317,2
1.2461476524983315,0.060549955404040116,2
2.1058358641093275,-0.9604713011952508,3
0.6196299589664653,-1.4057672417078118,3
1.5704125532745052,1.8476448334494349,2
1.589464460964846,1.7192513422715836,2
0.5226580959725473,0.4587967279808428,3
1.3537132897999444,1.1982614724650678,2
0.5014793267120182,-0.3152088918731052,3
0.3297680276046594,-0.2681807008881954,3
0.8128217830715581,-0.24989343916938775,3
1.0547553156705913,0.005001180148189703,2
-2.7267839838925645,0.9665575840158429,1
1.1582336071906902,-0.6591940788341275,3
1.3050795087523333,0.8759924101675114,2
0.9554853276083032,0.4877803644071308,3
0.5224613166260175,0.46027457598222654,3
1.259730584327528,2.0405394017543093,2
0.8129750812416426,0.5361822626213932,3
0.5948020389024972,-1.8936165952057347,3
1.3643714534250317,2.59969294275137,2
0.4957060923255599,-1.938904141236904,3
1.2872447566437564,0.2680078736698446,2
0.8458974866035374,-1.3152119083365468,3
1.6049407124714785,2.3524461262923393,2
1.072084170566088,0.7770136133935718,3
1.2911654779816835,0.24509756682930725,2
-1.5203855848158767,-1.5677183820354668,1
-2.5324775645074054,-1.721432891353146,1
0.6297696006477952,-0.36944042339838234,3
1.8779360958285787,2.285172167889834,2
1.2916952849520402,2.082986847491695,0
-1.531395352821119,-0.1537640926675317,1
0.8980589284275085,-1.3212918952740573,3
0.711848620539102,-0.47338632890471627,3
0.41115221741981306,-2.8446591500961818,3
-4.2496443069252585,-0.827129119495753,1
0.5684775468071976,0.37688464153566,3
0.3777642110251885,-2.130870453076125,3
-2.291483125915485,0.7009147191036011,1
0.5808908238898485,-0.6548432291846148,3
1.247158367739695,1.5259739047667429,2
0.840594881539006,-0.20127292420058393,3
-3.465062921164838,1.2102920559111108,1
0.8506185935942873,1.300083041028217,3
0.7833066435297623,0.6852364584323976,2
0.20496320029706266,-1.9345733163818726,3
0.37844847654206365,-0.6344372623935909,3
0.3717986963977789,-0.3378659780597609,3
1.404702857942265,2.328875465548816,2
0.6519540897713175,-1.958511466554995,3
0.7250241490106691,-1.3222334621668472,3
0.7481539507172846,-0.13253773811292213,3
0.3159475389825431,-1.519024514804882,3
0.3979808414610737,0.1396918334119921,3
0.9236128813733057,0.01847114926621293,3
0.9729047204747094,0.390575465380877,3
0.4479423488458827,-0.6631188017964431,3
0.5472355513832612,-2.2321036656294724,3
0.5112416516314233,0.04177255094312531,0
0.39676947328131,-2.088212574673347,3
0.6216191406226592,-1.1432067320475718,3
0.6666896560346065,-0.0627187901551549,3
1.0820082469656043,-0.43718000053132267,2
1.669962546026776,0.28109095334739714,2
0.6881457339120449,-0.33877792360506453,3
0.7374226636746122,-1.459422464503794,3
0.9326833939423251,1.3609329951105182,0
-1.751236740362319,2.1244666346467227,1
1.5619616547524875,0.8482986377991351,2
0.2706691038645304,-2.17087324079492,3
1.3392627241501436,2.7067254095375146,2
-1.3705436190712652,-0.7886241637544498,1
0.5913816141032143,-0.022629129695696224,3
-2.3707362852069065,0.30162542710748724,1
0.5524576758094418,-1.0894915831731482,3
1.0612968227121367,1.3698821110186814,2
1.3040694182544361,0.8829116548083633,2
0.4555120187110251,-2.280766358912892,3
0.6025405985198543,-0.9729866078821616,3
0.8010509852361732,0.46089931672908735,3
1.0981171569215127,1.7916208084677347,2
1.386471908175713,0.6148957125104205,2
-3.470571518325886,1.5978538142392436,1
1.197340299319011,0.3276337625275755,3
-3.623560228474711,2.984005330377881,1
1.3071888068336632,2.318217520376618,2
-3.162773342983756,0.8100370680286496,1
1.2352606835109912,-0.39072211437117144,3
0.6706758977893326,-0.25797154986110415,3
1.1049556388289539,2.3670155724581625,2
1.2813720987780037,0.7636301724053352,2
1.4239770667881004,0.9944127767682707,2
0.9207745157558077,-0.5846523430897513,3
1.1494856358297838,0.8464568460492299,2
0.640432757078098,0.16640796132878344,0
1.0752575981700914,0.2664165335977958,2
1.1390761167106385,-0.4953434853502078,2
1.0509578756380429,0.2688465948607304,2
0.4536343479968804,-1.2262586386577883,3
0.34465798394976405,-1.13998729619005,3
0.8930466102604872,-0.765433910830183,3
1.3830812872875753,1.9021986275906702,2
-2.7066318042540303,-0.3800691532230375,1
1.2933421894648376,2.6098878149403077,2
0.23873796428408903,-1.3918102802513437,3
0.6099434047918092,0.3605143736313848,3
0.4103386752384256,-2.3775638234512106,3
-2.8882071474687754,-1.0687509176746748,1
1.0673628339842254,0.7027582014965607,2
1.1662548212985946,0.17294570976630347,2
0.5300981145536044,0.4331907943071079,3
0.3405147289844462,-2.633146936609606,3
1.4786773692029973,-2.2188743413023677,3
1.1467249871793819,-0.06368653016976579,2
-6.028119496719554,0.39917131342545276,1
0.4863718832015756,1.0799279765281982,3
1.1655750389800281,1.5076028450499248,2
1.3586137792402007,0.4062301407292262,2
0.5510066502804905,1.106459559774286,3
1.2265269793944402,1.0640356886707192,2
-2.1537752889581845,1.73978423082544,1
0.9879959725920066,-0.5820363046638473,2
0.9817179533929784,0.23290648161873814,2
0.42577558150729056,-0.6129047807380305,3
-2.5315499149387946,0.43561317737184585,1
1.1759417562408478,1.7594769016432001,2
0.49899045106848017,-2.4206735859794564,3
1.1318276122965931,1.195136125385136,2
0.861050670994786,0.6146706075438794,2
0.27783530385112926,-0.9022770304836537,3
0.3186993322639708,-2.190959548993029,3
-3.531318239239472,-0.1327713717118675,1
0.6054477130312382,-0.6267227589504775,3
0.92685909773922,0.18208771888141662,2
0.536133080055815,-0.7443610949970187,3
0.8389613054020346,-2.0670891892750354,3
-1.9682199875077402,0.7919203802670044,1
1.1630356655508423,-0.5684356792745309,3
-2.7888616874394905,0.20572842847281825,1
1.3229841583563384,1.4630462359514893,2
1.3635367770972202,1.8888827551757943,2
1.822607749252158,1.256218288544994,2
1.2514608685822253,-1.1022861604561731,3
0.6208234433790975,1.4761590583822215,0
1.4442115054362608,1.1202224352504966,2
0.6533708934514205,0.7912863547317287,3
0.41607608909511823,-2.9825531013312654,3
1.1619228117512614,-0.7711775492183667,3
1.2460058890847452,0.6614001733868105,2
1.248419020419439,1.2155343807918013,2
-2.7377366350414243,-0.7966038418466531,1
1.193115463925372,1.5521111094909275,2
0.760333441739631,-1.4655146144432514,3
1.5184574501634664,2.452728046351642,2
0.497813319038707,-0.6281950288286495,3
0.7581339273606104,-0.402843879188825,3
0.7837195460095502,0.1598558724059027,3
1.401774671738805,1.9171444826635577,2
1.0686880192532329,0.7510295472547726,2
1.0644719302180872,0.6591923199975943,2
0.21900640368153695,-2.107506149002188,3
0.6880649846218179,-1.0068798160714996,3
0.4536815007643108,-0.6929112656018933,3
1.166420926231652,-0.0607302989197914,2
-3.290301387064881,0.9306674585758087,1
1.3908961410301182,0.9688655261995709,3
-3.0379274875878397,1.298001980949613,1
1.4684066276566528,-0.36398797972199554,3
0.47646459405531294,-1.4089796419473668,3
1.3989463035201724,-1.4032284033793154,3
0.3693649587538148,-2.196301973376987,0
0.6335271528641773,-0.5691204931861671,3
1.5540945914853173,1.3096969612967428,2
1.1088732020153313,0.16022403547636982,2
0.5518530869426881,-0.38625039921845,3
0.9214058793864077,-1.1716719706034142,3
0.8156870785941966,0.14443706088606895,3
0.9612414603321604,-0.08865362458923824,3
-2.664059517609142,1.1630667877935732,1
0.9339711595236639,0.829384114866653,2
1.4311646326115073,1.4032680117126597,2
0.24036652832647679,-0.5990671392542838,3
0.8414736766928548,1.0013144588836824,3
0.07680824220837629,-1.4765779264491412,3
-2.3004881221524984,-0.186813608620347,1
0.4787568901404569,-1.5014570100690812,3
0.45893124710949235,-0.4123633986126495,0
1.4217333252004145,1.0302077345963412,2
0.11925439851592806,-1.8546932610208284,3
0.46035754109930543,-0.8013746378994364,3
1.2888491244480722,0.5246307072437809,2
0.9177875675967233,1.6650062077444547,2
1.2808288323126495,1.0263963044397637,2
-2.9323098520559707,1.6153406595657103,1
0.8398698833557197,1.2130407604062248,3
1.5704662256780428,1.5983492927062666,2
1.2230708491484508,1.626923149155777,2
0.9444967945492954,-0.5682925623410532,3
0.6194692666270508,-2.2851362827895456,3
-1.6012097963195602,-0.4128906834259175,1
0.6233072806115294,0.8249344649695713,3
0.5452873506342146,1.131812453235574,3
-6.475913408565727,2.68607994127801,1
0.4739521793443454,0.5435901806289352,3
1.1145316806335739,0.5453092054162734,3
1.1092301572260261,-2.2294263153009983,3
0.7557535948486389,-1.6921900913950574,3
0.8709072958195392,1.031490104301137,3
1.0909601174975232,0.3816208851788126,2
1.2273799698278522,1.6371026987763808,2
0.14561602972797322,-1.7202536447968724,3
0.6371717629970429,0.12488786256546953,3
0.5670171851459016,-0.678108670975112,3
0.6923560113049754,-0.43175175616686073,3
-0.13220240259246632,-1.8087485870616884,3
0.7076748096422557,-0.3818885767746285,3
0.6916781791137453,-1.9976329610297443,3
1.4191182892256695,2.6181426947955164,2
0.36292032381348016,-2.2936312865959576,3
-2.7138597036779504,0.4353029799654823,1
1.1996245185317724,1.2115922575388638,2
1.1189539225067806,-0.5378344969353117,2
1.9397002828399403,1.9879614500955984,2
0.8753745147942884,1.0365710528267609,3
0.653844044117004,-0.5903064986233146,3
0.8176210374855801,2.1352654653168295,2
1.0558382137055056,0.18790543954198763,2
0.8129820274354514,-2.1430836043302284,3
1.0890647871080956,0.04894903482332646,3
-3.810710383260282,1.2267517934761099,1
0.5865959161873633,-1.8454475916211999,3
1.4214162358249935,2.044947747233975,2
0.3110698938245953,-0.3755880771041599,3
0.6790626955431193,-1.6859207659553954,3
1.6588859495912291,1.6418373937809332,2
0.8185643469180054,1.335803294156805,3
0.9640788616644809,0.29833387994305693,2
0.637258276959656,0.0845401458478749,3
0.27864488722517144,-1.3189612592565343,3
1.249848693517551,0.9726558349284211,3
0.7404755519335553,0.6998289056635328,3
0.78424769680724,-1.3102564978456164,3
-2.688237112100852,-0.19321961885843122,1
0.9315130944683476,1.438910808805404,0
0.5332929378300384,1.0396538713988985,3
0.4657752112345511,-1.9777748230728174,3
0.5637539167503346,-1.9017959263413897,3
-2.8834803696634475,1.750081224972422,1
1.4822968361466067,1.2535675233091168,0
0.5657765057369706,-1.7066690857510285,3
1.2638775980563317,1.946898493642276,2
1.3093862948227921,1.0323755298132407,2
1.3688183227734134,0.2312974924398604,2
0.64434829847939,0.07898226410260777,3
0.4007714373090428,-1.1484857856336466,3
0.27040175717934284,-2.207823044266636,3
1.0465698646460437,0.15488551485642882,2
1.2732817906753915,1.4690019890242763,2
0.07908139066660375,-1.736803850323168,3
1.1514955398942937,0.2925039557697829,2
0.13618008080560368,-2.1749617977648517,3
-2.685003650516079,1.6417410045849392,1
0.8015453532042061,0.4942061695531481,3
0.5823124439188154,-1.0282248663407254,3
-2.2436955487129904,-2.9977317251735722,1
1.3693985665333948,1.9101906160848656,2
0.9700594594348172,1.0330006633802813,2
1.0538064480224436,0.7583050431298909,2
0.18716347380043458,-2.244618511229714,3
-2.9111628002556658,0.8978357713576832,1
0.46032029017767456,0.053468491865744476,0
0.48666003693717585,-0.0066790184764694855,3
0.5818024874085256,0.6030772257095885,3
0.8213565190592894,1.4858727826815303,3
0.5648398040118949,0.5942718028907683,3
1.3982312074986991,1.0590529511805935,2
0.4086473734609647,-2.201906153719604,0
1.3463553349341781,2.3380752030694456,2
1.3177392202336,2.1443460552061064,2
0.5581149322495043,-1.7965637963009797,3
0.4089135668761623,-0.5245186788893815,3
-1.856903107945199,-0.4216453138846918,1
1.0406393883647804,1.2214556368539455,2
0.6053331523005065,-1.081386119521299,3
1.2079511162232657,0.6555115257036283,3
-3.1554772700292393,2.277052358711373,1
0.3232560893870024,-0.9098869881351253,3
1.2515914634226832,1.263212264350975,2
-2.7449825618411943,-0.7706889886840215,1
0.45261483189216767,-2.932214618803899,3
0.7224411879992481,0.10836349576839956,0
1.4783751290499512,2.4536316348025444,2
0.707902312199158,0.2777973681885499,3
-3.349639683929177,1.496529689431064,1
-2.3534717707810953,0.7278199029660628,1
0.9906583826347477,0.4697738060680261,2
1.1158347345250903,0.8600053779419428,2
-2.8277092425696253,0.9658141610123819,1
0.7238856681136737,-0.6735926708856017,3
0.47956103469150335,-0.14705665776951016,3
1.7516136823354205,2.1618514956088344,2
0.4617535184819164,-0.005640781377185157,3
0.5811846917752742,1.0634970570735298,0
0.2679942359317406,-1.9071198386298989,3
1.2101244270774407,-0.008383617740345352,2
0.517599266463463,-1.4295582011238521,3
1.4796195922257076,1.918621290522738,2
0.3367372188814123,-0.09574251648982401,3
0.8993141819361219,-0.014409815665728411,3
0.7151176759859083,-1.842796819313948,3
0.7449801375077754,0.10577459145001684,3
1.1687293247064314,0.14057541261578238,3
0.38662327704531485,-0.1959381643034957,3
1.1414310920877526,0.3364835130980405,2
-2.972848174005163,2.3011070610282096,1
0.013456122038603944,-3.1500237094186176,3
-3.1087779666583013,-0.09072459837379687,1
-3.379281703977513,1.2299802523479413,1
0.7695019703362733,-0.0862603107409989,3
0.1407055346790183,-1.946816867980852,3
1.6827975520534066,1.9610099556702778,2
1.5418739477091281,1.9441943459190973,2
1.1597852695890738,-0.234475595795638,3
0.42688254933125186,-1.8825966778028904,3
1.1259249294858054,0.9889644433921378,2
-3.345443778951145,-0.04448468452605349,1
0.636748411029538,1.626182151337524,3
0.7064102986711263,-1.5333699006633492,3
0.677058765057495,-0.9470588866688548,3
0.5805878928932058,0.6786248108113787,3
0.7551931026168517,0.9494524861475215,3
0.9373969135499874,0.3401936838212721,3
0.6172407180639043,-1.3215116692683369,3
0.4643079778529205,-2.3715147333170896,3
0.6776216432846847,-0.09401172914493426,3
0.8466211669427193,0.1413232124341245,3
1.3429362196124999,1.1706578799094145,2
0.43154350410276965,-0.09729812791395988,3
1.238301167126581,0.026674703191866735,2
0.5520039361099844,-1.0558805966198843,3
0.2573744801076608,-0.9770538655431878,3
0.43737843588692377,-1.574457993609431,3
0.623507264451074,-0.9741225182415055,3
1.2356875730214123,0.06371972844105829,2
1.6631230752496402,1.3533728465371886,2
0.34993672965638356,-0.3795453236307,3
0.36065075962042603,-0.0008190063788064717,3
1.4091050764522906,1.3387882941936435,2
0.7684981610671966,-1.9538957248861082,3
0.33958143162943855,-1.4041353272049197,3
-1.3963654062683633,0.4150596591052018,1
-2.6194771096575105,-0.7443502392242008,1
0.28454263334470487,-0.9818804658268142,3
1.2063378063771784,-0.3507103380294,2
1.2204160585236876,-0.3749357064912269,2
1.0960413618109994,1.1344496924299365,2
0.6215328047631098,0.4425005281602308,3
-3.4349742698447763,1.5233182170398933,1
1.2697452450941216,1.286808555494443,2
-2.4181384049148416,1.698084493882374,1
0.8330040432763145,-0.7295839338050163,3
0.5522950097419792,-0.7873403413814358,3
1.6437009888670098,-1.009905123588123,3
-3.2798947971306585,2.11098749716577,1
-4.127410782499129,2.9851924940021406,1
1.4297207733615382,2.532004708168243,2
1.45260148101201,3.046447854443241,2
1.411835005374465,2.5905475521369086,2
0.6801216548716379,1.2132229285546063,3
-0.004870665409114819,-2.4410708797784157,3
1.1121255398352046,1.4756236856150116,2
-1.1063812238617707,1.3596252060916614,1
1.1693093019503227,0.08739226756650355,2
-2.021297335352991,0.7452352509161878,1
0.9794258360320516,1.03962961265227,2
0.6079651505924429,0.8853363327551336,3
1.3084446173584634,1.701842374766493,2
0.682880175133979,-0.4550243977133945,3
-3.3460744079804106,0.72306601571468,1
0.4604428162230622,-1.4402934420859679,3
0.7788942891176895,0.5272571227381041,3
0.8671281975256032,-1.823273660470874,3
1.2782857246527062,1.430357790670456,2
0.9017091567572875,0.4086751529687744,3
0.47028632647030544,0.20177279959093877,3
0.27505401871241025,-0.1755795965024619,3
1.3042450765840345,1.3875510958063275,2
0.3074295529847886,-1.5966988988722364,3
0.3912263882310189,-2.520023368498228,3
0.6324069834427545,-1.0647332940596945,3
1.2012791806865766,0.8388919097837455,2
1.354341901098055,2.2983844850110446,2
0.6354178582241967,-0.2920176889055795,3
1.201617338771263,2.3202675732398954,2
-2.171569423402125,-0.5755482920920602,1
1.2024371247463672,0.8129392609768461,2
0.4495897427219594,-0.04518641154215276,3
0.07648509881091109,-0.5547549024905554,3
-2.687901091743076,0.986690673840341,1
0.4638723260070725,-0.9895218029084748,3
1.313966792430822,-2.7979332561419774,3
0.41999501145511664,-0.17651865335729355,3
1.5143068626884033,1.8863716875140593,2
1.2567395509196109,1.0998080768184644,2
1.0738476590218062,1.2989917997117255,2
0.5836783413152504,-0.6977902379556156,3
0.37562035530735616,-1.5914494690809187,3
0.7045121324962128,1.6061661735529658,2
1.113327759877133,0.8543895849000476,2
0.3830816488879714,-2.8193533027927686,3
1.1001703243218721,0.6956748569627688,2
0.5633523499808578,-0.31038569814489003,3
0.3134218104855794,-0.4085710059957372,3
0.4104562687815029,-1.931227285348337,3
0.3739067267787732,0.16494176618086775,3
0.6165305493443467,-0.07747088196143222,3
0.4233201563007052,-1.7003970243571562,3
0.436311250927573,-0.06858021237677528,0
0.3897494059596593,0.2849124452376355,3
1.3464802233721698,1.8719414486713142,2
0.4243836010757522,0.20597711478752764,3
0.703505497357536,0.4147275796805516,3
1.4894746181638074,1.4308806291387113,2
1.027734653172876,0.6071416587429503,0
-2.5630692077424984,1.2975181082820246,1
0.8224394032999333,-0.12475437631714947,3
0.6686422913470653,1.2539625491973478,3
-1.1794493060304698,-1.0528761393165054,0
0.6723034636641176,1.1467525785117898,3
0.9914604848157864,0.7426903900640226,3
0.2141769134125015,-0.4381369923936136,3
1.4210557793752236,0.8032427761577892,0
0.7232720018964841,-0.9227739495590705,3
1.245223198415837,1.3771869579116074,2
0.5846160685398623,-2.603066906397749,3
1.3446086661327425,1.9373777842737747,2
0.3537271191665196,-2.2366744115456485,3
0.5606966908712949,0.6821255373251495,3
0.3213822658877856,-0.43699088686083337,3
0.7102043502050629,-0.08230075739505915,3
1.1158988353044133,-0.5284581391797071,2
0.8210829364201855,-0.6629769370775523,2
1.2278332649252057,2.110818079700495,2
1.308052739930226,0.5907243885686654,2
1.2247445796142817,-0.4720071308486735,2
0.4802208000559283,-1.8629306473764673,3
-4.2338364554664984,0.893646975535199,1
1.4906511734700802,1.865275583129453,2
-4.725832365636688,2.4054055776037813,1
0.48477163914972177,-0.8414038024571766,3
0.8408916899122177,-0.8311423131755081,3
-4.034139223691834,0.21247256332929884,1
0.85102052517067,-1.3997174621746005,3
0.6098945640892692,-0.3222961939954304,3
0.366809817101181,-1.9935913289546232,3
-2.7377181599253264,0.3761943774107042,1
0.48855766631262776,-0.8778609549524901,3
1.2631087796246978,-1.5177405453961088,3
0.8011080414941315,-0.3751263698748498,0
0.5882663802599488,1.5136259791322848,3
1.1871304614126814,-0.03940617261654397,3
1.3665221324687546,1.9840116745295586,2
0.545367649693174,-0.23771194168032916,3
1.265318726024988,-1.2862293724452127,3
0.42004359907334005,-1.2670554703198147,3
0.8111019536096987,0.6013547371479651,3
0.2738018370753361,-2.1521584546296904,3
0.48829983517327885,-0.38691354410217504,3
-2.350060169119786,1.7002209358124123,1
1.5441648225942548,2.2702469731875583,2
1.0890147685704954,1.8586750526238747,2
2.1594961179696175,0.7203707484085263,2
0.7537078346793593,0.5645259499764914,3
-3.3284204181098547,-0.15467572383114345,1
1.0143482558073256,0.2243803598520234,2
0.31096564019902384,0.10009045772169385,3
1.6490410893179674,1.3798968934038562,2
0.3825986546352687,-0.6962270874020967,3
0.3761578626965606,-2.2356395917760037,3
0.4833452808406976,-0.5890000724040892,3
0.543340516820574,0.8662886158766754,3
0.5900981887771275,-0.6855697813225043,3
1.3036579239227815,2.023221543479883,2
0.510548972110199,0.6324370919527164,3
-2.474802572560825,0.9408535217988504,1
1.067386882597023,0.7254109193332585,2
0.3771891105831218,-0.5393237770640821,3
-2.7743082785295186,0.8319991031795491,1
1.722799296504064,1.6742611846907773,2
1.340567753573809,2.0070836514462576,2
0.2832058962341251,-1.870481761470629,3
1.5616192633176684,1.4028253477389192,2
-3.37260199936078,1.3526617547485367,1
0.6186999049363296,-0.41443041863330815,3
2.0499704099623246,-0.7999469273874316,3
1.5389936577534182,2.4657352382540725,2
-1.6126882195176322,-1.743263332320241,1
0.3703169945453005,-0.7985987328718789,3
0.8889189489161289,0.8831405419281069,3
1.2767365030916098,2.2690338665481034,2
1.385905205385557,2.42854522384618,2
1.2475705606256207,0.33353134039592847,2
-2.9054090453770565,2.7576105749265882,1
1.3611593100776187,1.9533467617949793,2
0.6646838230212615,0.9826281296872987,2
0.4681498763320395,0.19912936865162376,0
0.5392798501886404,-1.84173444681149,3
0.9443793732988951,1.5762219159541482,2
1.7118938638919514,1.9266959857159274,2
-3.021063795930542,0.25618418635237816,1
1.4521109888091368,-0.3213574877612783,2
0.8281081379119044,-0.36326785504104125,3
-2.196113477592293,1.0727141501897124,1
1.6219217530638463,1.801182930293401,2
1.4010288503355375,2.427892735506859,2
-2.59037232814102,0.6293900642615672,1
1.4434183496663298,-0.510039672930366,2
0.4362900563522843,0.08889547208959157,3
0.8073688684348518,0.17598320253499267,2
1.1819452362164633,0.5060994178839963,2
1.431761653868075,2.019318097985075,2
0.3450552580314833,-1.068891177162355,3
-2.7904010613554253,0.9510295777834665,1
0.11536758480867487,-1.249799073509308,3
0.7467358420438608,0.022141682002132786,3
0.25657985135924516,-1.202960053496288,3
1.6422737894563142,1.7799615670327806,2
1.5314624598971023,1.4176234575126165,2
-1.993572919726771,0.35583436862496337,1
1.2854778036682912,2.1226408636989422,2
-2.9868385927193355,2.1740229936303264,1
1.2571252326125304,1.9011070238301147,2
1.2255304424123532,1.5965975707402826,2
1.5034553649501567,1.3220820804859954,2
1.9757316195660501,0.5331296387043964,2
0.6784093159444705,-1.7655992872064779,3
0.7049859048362082,-0.7295753126684252,3
0.8163158748234267,0.7730774338338818,3
0.7749696531679424,0.30400069018469716,3
-2.4184639581980485,-0.11698722051230871,1
-1.8583328628864044,0.6906907097099174,1
0.5864968086655469,-1.8578288492270607,3
1.3289605638848303,1.891139444190418,2
-2.2273787064859003,0.43029092129361857,1
0.4664573422632385,0.3237869371259824,3
1.0420600072579493,0.6590399557782892,2
1.3043394451020354,1.2107465409468219,2
-2.105137315461092,0.5235590971877864,1
0.3752098770723582,-0.5852740513893274,3
0.8796033031967452,0.7613739437587664,3
0.7097418817035822,-0.119607219825018,3
1.5046660390145439,1.7409408975604885,2
0.6707089921300498,1.1527659071615222,3
1.3290029738958873,0.45981765003739494,2
0.46817286871321373,-2.294389216401178,3
0.38084544344529375,-0.7531655417703758,3
0.43793953927911483,-2.8767610398611705,3
0.4703355965746061,0.8781437008691677,3
0.7334134671498184,-1.4103634398424196,3
0.7543782062823949,-1.1586957466792602,3
1.7110100010113722,2.608354709523281,2
1.6890268939490303,-3.546799748469098,3
-2.703652672279351,1.8176086400177482,1
0.2727947958938768,0.014347105129506791,3
0.6822514444044626,1.274937320013735,3
0.5483713750359263,0.1694198008326,3
0.7218830057455691,0.42726062510482593,0
-1.5252407611757153,-0.11224227194133009,1
1.4411727638709007,1.9085330458108436,2
1.3940226670516072,2.441117491920741,2
-3.2297438916566574,1.166943955092692,1
0.5482954825398895,0.45258177120679155,3
1.2711874665161393,1.2861964232913692,2
1.5868192020218401,1.2872742106325794,2
0.7056611480694025,-0.41641837545571686,0
1.1092283084414158,0.5711587820780389,2
0.41137863131984476,-2.795077044272522,3
0.6866682920874186,-1.1627304924331407,3
1.4750234865779035,1.4392664710706469,2
0.6093945954741563,1.6883115245562976,2
0.679052677066336,-0.7270467628688104,3
0.38649421443291704,-1.827748272655262,3
0.3182497020313193,-0.013068933605520446,3
-3.841311087160745,-0.5135024285599759,1
1.007089920774196,0.05743192097929175,3
-2.5693494323966344,0.9778975220222282,1
0.3317872192560409,-2.3287479565132263,3
0.9530528906239726,0.6023913897172386,2
0.39138686459302013,-2.183327991634054,3
1.7585623150734808,-2.612276517354736,3
-3.011714816289655,2.8031021444343116,1
0.18300148669912047,-2.554696063351997,3
1.277265951828923,1.9200354346013235,2
-2.3463628923059816,1.5025731514683933,1
1.5651003502969978,1.083196098712634,2
0.42169387995912716,-1.4207006714937476,3
-5.8088931357730935,2.880045884788203,1
-2.2546173802869824,1.2900853074317393,1
0.9573077988207003,-0.23195008067478148,3
1.3962691232793256,2.5080328775647827,2
0.5700683062101695,0.6645792243402043,3
0.6193030354403021,-1.4754779255781765,3
0.43938314565027836,-2.0825254251327507,3
0.7475956405440684,0.00448419180171397,3
0.9859087975006156,0.4088496819537641,2
1.1622064504658138,1.0120059701784845,2
0.7175901907958269,-1.5770952424035998,3
1.3141013287353562,0.43225068586662435,2
0.9276336633454947,0.43355845967607026,2
0.7507199329206953,-0.009981318265770674,3
-2.2716502218170334,1.5512510254349763,1
1.0956673981907545,0.538711489306472,2
0.06567831766269944,-1.8037093677511198,3
1.3041844948569556,1.3072400935057,2
0.6104787547353349,-0.28902256416408656,3
0.3284618891086744,-1.0927144524828234,3
0.6772868148479948,0.3979177777619815,3
-1.8790596507668014,-0.07716344135917709,1
1.1667543893869086,0.9060775345141248,2
0.8159365519524243,-2.3932980544010705,3
1.1924409516160053,0.1524589339467466,2
0.5811793520238007,-0.5292123020225101,3
1.6306881394873467,-1.192044157681221,3
0.816662974710647,0.8699518439729519,3
1.1046084567029573,-0.06968352670363781,3
0.3516241158361765,-0.19093174718273162,3
1.0003179215897187,0.9599067575263491,2
1.1132808459103627,1.8306167880388444,2
0.5878947461066059,-0.477574077823842,3
0.9918797806460169,0.6975860067882806,2
1.5230558722971388,2.6260742738405027,2
-3.0582646906918027,1.098421356407502,1
0.36092749433951543,-0.7768636045964107,3
1.757169001639378,1.7839170895974503,2
-1.6807397896929324,1.43200930220438,1
0.7500026987424301,-0.018626586843812385,3
-4.223842876034066,0.7003941785853045,1
1.1396613677690706,-0.696906654030634,0
1.5176942268261273,0.7366479434848741,2
0.9897375906844443,-0.7297429548555728,3
0.4092103010112469,-0.4003632860769753,3
0.6783061313294214,-0.07813739948322572,3
1.2007260428204356,0.14606967002685678,2
0.7008823638580391,-0.31180375832135143,3
1.3044303551241738,1.7516992991940998,2
0.41041924856150264,-0.24558806895367982,3
-3.1035106011626805,-0.30955265268501914,1
-2.9754188490380225,2.4656403061842824,1
-3.315586660074347,0.8056755947403571,1
1.2245761522306893,1.2081801646189472,2
1.923765929407641,2.2181065946868985,2
0.9322271661809381,0.7800372218948939,2
1.0367909396776795,0.4428192611207984,3
-2.4709670385195177,1.2466727233500077,1
0.5888011610837964,-1.7759901125992625,3
0.6058457725767433,-1.0094889244846252,3
-2.9366269989174407,0.2695116689062146,1
1.3118819177228944,1.9769734172454125,2
0.6487564958363577,-0.808774386968699,3
0.200007763644581,-0.7813037165457017,0
1.601139354750036,2.8887426201425814,2
1.213615814519356,1.2119720525280655,3
0.8770374001693099,-0.29479310472522924,3
1.434038132182003,1.241107685629542,2
1.3785751026491035,0.26740690995901,2
0.9590844293684223,-0.13849552581285285,3
0.562831006177493,0.1870069574210101,3
0.2682187829775466,-0.59062612099441,3
-3.7539334932756887,0.029416927623660598,1
0.6856274902519814,-0.5839100790250022,3
1.3264796227953688,0.969916563655165,2
0.6494709864409188,0.4072304026529551,3
0.4101824428851594,-1.6426055541098914,3
0.8731465091753025,-1.3200473749327484,3
0.5451865955949388,-1.643369905645476,3
0.7671095287777615,-2.0079030474224826,3
0.7747353956593865,1.1408567334996786,3
1.5148160973826634,2.368416037745156,2
1.351332706654275,0.9004167505088347,2
1.3313782687068485,1.8539288679444426,2
0.7068696578640147,-0.09902670283916593,3
0.7279001558809646,-0.4860030300834712,3
0.9953289338256843,-1.941892707545893,3
-3.1992876331300137,0.5480533135634591,1
0.7143211891525303,0.32936105333443905,0
0.8888445583281092,-0.5822447721930829,3
1.2999810495981252,0.27677282044192153,3
0.6966345602480472,1.05716757550434,3
0.046473983102348994,-1.1599452172695006,3
1.4056337310214526,1.29278827684489,2
0.6912504650639315,-0.19511153163511358,3
0.7328549138711866,-0.1953723005162537,3
0.6150843134132702,-1.3417935407883028,3
1.204238244115111,-0.11169944593312323,2
0.9794280813999799,0.7393678285283787,2
0.5387797658541206,-1.4408855511413126,3
0.6512060315062193,-1.7635246194455596,3
0.9529669505260032,0.3101946161545942,2
-1.668130329074577,-1.138300255369003,1
1.9266484247589761,0.8326845060448067,2
1.0847828434898745,1.3303342718102833,2
0.8751483686402154,-0.2335179516026732,2
-1.1890146794289964,0.12304450709864755,1
0.954785697619971,-2.029497047037922,3
0.3867141538662113,-0.5259503085284841,3
0.4072726291000734,-0.07910823028960323,3
1.6326442762372508,1.7726713883354992,2
0.6357111733039505,0.17771095487620336,3
0.6097823094857727,-1.726357479130125,3
-1.8986781251436116,-1.6230104154037541,1
0.4162944934084555,-0.7786028516650455,3
0.8293630566502443,-0.3541689610038517,2
0.4665978498469615,-2.0727720712153714,3
1.2867422751319357,2.3083255217578014,2
-2.785092456822074,0.8679814383757085,1
1.3679557863977265,1.6297447086487786,2
-3.659705345707423,0.24274373026480228,1
-0.7723068635600971,-0.8425860431002934,3
0.5540836970449787,0.6684234442561843,3
1.0610845247304161,-0.814642544336477,3
0.35921864930677117,-1.3150747734372814,3
-2.9098684416246674,-0.5355487340585723,1
0.2580545332015105,-0.32764060799861366,3
0.6839452292462149,-0.9900651668997336,3
1.34782694342613,2.4699050878261737,2
0.4429390439785496,-0.7929825467065416,3
0.5468034003413766,0.11564102445078124,3
-3.417436063877609,1.7270298368795678,1
0.45540091877603667,-0.7738546985615091,3
0.4811313105878227,-0.3885792047111518,3
0.5513952019832477,1.5667076420826533,3
1.4095139304551403,1.8275488931135428,2
1.3166483419046544,2.352367192604733,2
-2.7611394521462205,0.09230621920067536,1
0.8170027378400381,-1.009854822472159,3
1.295932562098669,1.457577579788532,2
0.9107203035542002,0.256358905583149,3
1.5803508902636412,1.9636507725392338,2
0.6793906640383979,1.0287833771029322,0
1.0564718374916189,0.779864450457909,2
0.8839671713581081,-0.692751931529774,3
0.45121994853706543,-1.4200521284841552,3
1.2673568283228178,2.180779154824157,2
0.6708557736481585,1.0061527941717874,3
0.9253598256243428,0.18609925856059506,3
0.3696531558122617,-0.8736031835479918,3
0.5359525187263959,-1.2759056288613884,3
0.5664034538527686,0.18652987269213972,3
0.6667051060404112,-1.1799188052320286,3
1.2138624468527788,1.301687671909299,2
0.38129891574779257,-2.250026553960364,3
0.6518937560224919,-1.2829389084029066,3
1.265417836989557,1.204172497352057,2
1.3089312744079684,2.1470330678072123,2
-2.6814677867664476,2.674401906912091,1
1.1849526882161865,0.9766872589438464,3
0.26746169961022065,-2.1636279437701837,3
1.282481646081187,2.504015473848701,2
0.6148776159752244,-0.09925862636233257,3
0.3567390710912917,-1.4094646245700064,3
1.1969095983117692,1.329751476670533,2
1.493184829235111,2.398819117996596,2
-3.6982179178433556,-0.09337965133001214,1
0.8062380618972556,-0.24583122409363056,3
1.1710255931645024,0.6268690589467456,2
0.25501184289069073,0.23596604055126877,3
1.0486837411064667,-0.2600780365154952,2
1.2181048544835034,-0.6492424860672381,0
1.3713431097501882,-0.8087631761889573,2
2.200839908465061,1.3192439833518594,2
0.5386727919733464,1.0450603026250016,3
0.9221802396476022,1.3892850617508994,0
0.848310663625359,0.4678530458569745,3
1.2693242542466445,1.7883789113985056,2
-3.4305452188720205,0.6983267269366502,1
1.1027605309515176,0.4401886559732071,3
0.674072544715459,-0.812466144884989,3
1.1826516440985089,2.0183503725413696,2
0.6178132454371443,0.03883688320797959,3
0.6523073311880387,-1.356876169911209,3
1.1947384372373315,1.1267664465692993,2
0.6784828951365484,0.30289617646535977,0
0.7440514921709396,0.5394275035730234,2
0.46474248540094426,-0.025832074067362824,3
-2.184867851131372,2.208692716797141,1
0.5641702804607996,0.16035316994839593,3
0.6027329162962313,-0.09893962787444908,3
1.296413531905822,0.043591389396264106,2
0.396428920523197,-2.2714284195282612,3
-3.0768866194840463,0.6154951467331266,1
0.41214004261712783,-1.1512920024577697,3
